<kml xmlns="http://www.opengis.net/kml/2.2" xmlns:atom="http://www.w3.org/2005/Atom" xmlns:gx="http://www.google.com/kml/ext/2.2">
  <Document>
    <Style id="QueryArea">
      <LineStyle>
        <color>ffc0c000</color>
        <width>3</width>
      </LineStyle>
      <PolyStyle>
        <color>80ffffaa</color>
      </PolyStyle>
    </Style>
    <Style id="F3548v21Accepted">
      <LineStyle>
        <color>ff00c000</color>
        <width>3</width>
      </LineStyle>
      <PolyStyle>
        <color>80c0c0c0</color>
      </PolyStyle>
    </Style>
    <Style id="F3548v21Activated">
      <LineStyle>
        <color>ff00c000</color>
        <width>3</width>
      </LineStyle>
      <PolyStyle>
        <color>8000ff00</color>
      </PolyStyle>
    </Style>
    <Style id="F3548v21Nonconforming">
      <LineStyle>
        <color>ff00ffff</color>
        <width>5</width>
      </LineStyle>
      <PolyStyle>
        <color>8000ffff</color>
      </PolyStyle>
    </Style>
    <Style id="F3548v21Contingent">
      <LineStyle>
        <color>ff0000ff</color>
        <width>5</width>
      </LineStyle>
      <PolyStyle>
        <color>80ff0000ff</color>
      </PolyStyle>
    </Style>
    <Style id="F3548v21AcceptedFuture">
      <LineStyle>
        <color>80c0c0c0</color>
        <width>1</width>
      </LineStyle>
      <PolyStyle>
        <color>00000000</color>
      </PolyStyle>
    </Style>
    <Style id="F3548v21ActivatedFuture">
      <LineStyle>
        <color>8040c040</color>
        <width>1</width>
      </LineStyle>
      <PolyStyle>
        <color>00000000</color>
      </PolyStyle>
    </Style>
    <Style id="F3548v21NonconformingFuture">
      <LineStyle>
        <color>8000ffff</color>
        <width>1</width>
      </LineStyle>
      <PolyStyle>
        <color>00000000</color>
      </PolyStyle>
    </Style>
    <Style id="F3548v21ContingentFuture">
      <LineStyle>
        <color>80ff0000ff</color>
        <width>1</width>
      </LineStyle>
      <PolyStyle>
        <color>00000000</color>
      </PolyStyle>
    </Style>
    <Style id="Planned_Nominal">
      <LineStyle>
        <color>ff00c000</color>
        <width>3</width>
      </LineStyle>
      <PolyStyle>
        <color>80808080</color>
      </PolyStyle>
    </Style>
    <Style id="InUse_Nominal">
      <LineStyle>
        <color>ff00c000</color>
        <width>3</width>
      </LineStyle>
      <PolyStyle>
        <color>8000ff00</color>
      </PolyStyle>
    </Style>
    <Style id="InUse_OffNominal">
      <LineStyle>
        <color>ff00ffff</color>
        <width>5</width>
      </LineStyle>
      <PolyStyle>
        <color>8000ff00</color>
      </PolyStyle>
    </Style>
    <Style id="InUse_Contingent">
      <LineStyle>
        <color>ff0000ff</color>
        <width>5</width>
      </LineStyle>
      <PolyStyle>
        <color>8000ff00</color>
      </PolyStyle>
    </Style>
    <Style id="unmodifiedtelemetry">
      <IconStyle>
        <scale>1.4</scale>
        <Icon>
          <href>http://maps.google.com/mapfiles/kml/shapes/placemark_circle.png</href>
        </Icon>
      </IconStyle>
    </Style>
    <Style id="modifiedtelemetry">
      <IconStyle>
        <scale>1.4</scale>
        <Icon>
          <href>http://maps.google.com/mapfiles/kml/shapes/placemark_square.png</href>
        </Icon>
      </IconStyle>
    </Style>
    <Style id="aircraft">
      <IconStyle>
        <scale>1.4</scale>
        <Icon>
          <href>http://maps.google.com/mapfiles/kml/shapes/airports.png</href>
        </Icon>
      </IconStyle>
    </Style>
    <Folder>
      <name>Nominal planning: conflict with higher priority</name>
      <Folder>
        <name>Prerequisites check</name>
        <Folder>
          <name>Verify area is clear</name>
          <Folder>
            <name>E3: uss1 astm.f3548.v21.dss.queryOperationalIntentReferences</name>
            <Placemark>
              <name>area_of_interest</name>
              <styleUrl>#QueryArea</styleUrl>
              <description><![CDATA[(no operational intent references found)]]></description>
              <TimeSpan>
                <begin>2026-09-01T16:12:42.682209+00:00</begin>
                <end>2026-09-01T17:42:43.682209+00:00</end>
              </TimeSpan>
              <MultiGeometry>
                <Polygon>
                  <altitudeMode>absolute</altitudeMode>
                  <outerBoundaryIs>
                    <LinearRing>
                      <coordinates>7.477046661060006,46.974528046030414,526.2715922017426 7.477046661060006,46.97530804909576,526.2715922017426 7.47810665524113,46.97530804909576,526.2715922017426 7.47810665524113,46.974528046030414,526.2715922017426</coordinates>
                    </LinearRing>
                  </outerBoundaryIs>
                </Polygon>
                <Polygon>
                  <altitudeMode>absolute</altitudeMode>
                  <outerBoundaryIs>
                    <LinearRing>
                      <coordinates>7.477046661060006,46.974528046030414,606.3215922017425 7.477046661060006,46.97530804909576,606.3215922017425 7.47810665524113,46.97530804909576,606.3215922017425 7.47810665524113,46.974528046030414,606.3215922017425</coordinates>
                    </LinearRing>
                  </outerBoundaryIs>
                </Polygon>
                <Polygon>
                  <altitudeMode>absolute</altitudeMode>
                  <outerBoundaryIs>
                    <LinearRing>
                      <coordinates>7.477046661060006,46.974528046030414,526.2715922017426 7.477046661060006,46.974528046030414,606.3215922017425 7.477046661060006,46.97530804909576,606.3215922017425 7.477046661060006,46.97530804909576,526.2715922017426</coordinates>
                    </LinearRing>
                  </outerBoundaryIs>
                </Polygon>
                <Polygon>
                  <altitudeMode>absolute</altitudeMode>
                  <outerBoundaryIs>
                    <LinearRing>
                      <coordinates>7.477046661060006,46.97530804909576,526.2715922017426 7.477046661060006,46.97530804909576,606.3215922017425 7.47810665524113,46.97530804909576,606.3215922017425 7.47810665524113,46.97530804909576,526.2715922017426</coordinates>
                    </LinearRing>
                  </outerBoundaryIs>
                </Polygon>
                <Polygon>
                  <altitudeMode>absolute</altitudeMode>
                  <outerBoundaryIs>
                    <LinearRing>
                      <coordinates>7.47810665524113,46.97530804909576,526.2715922017426 7.47810665524113,46.97530804909576,606.3215922017425 7.47810665524113,46.974528046030414,606.3215922017425 7.47810665524113,46.974528046030414,526.2715922017426</coordinates>
                    </LinearRing>
                  </outerBoundaryIs>
                </Polygon>
                <Polygon>
                  <altitudeMode>absolute</altitudeMode>
                  <outerBoundaryIs>
                    <LinearRing>
                      <coordinates>7.47810665524113,46.974528046030414,526.2715922017426 7.47810665524113,46.974528046030414,606.3215922017425 7.477046661060006,46.974528046030414,606.3215922017425 7.477046661060006,46.974528046030414,526.2715922017426</coordinates>
                    </LinearRing>
                  </outerBoundaryIs>
                </Polygon>
              </MultiGeometry>
            </Placemark>
          </Folder>
        </Folder>
      </Folder>
      <Folder>
        <name>Attempt to plan flight in conflict</name>
        <Folder>
          <name>Plan Flight 2</name>
          <Folder>
            <name>E6: uss1 astm.f3548.v21.dss.queryOperationalIntentReferences</name>
            <Placemark>
              <name>area_of_interest</name>
              <styleUrl>#QueryArea</styleUrl>
              <description><![CDATA[(no operational intent references found)]]></description>
              <TimeSpan>
                <begin>2026-09-01T16:12:42.759068+00:00</begin>
                <end>2026-09-01T16:57:43.759068+00:00</end>
              </TimeSpan>
              <MultiGeometry>
                <Polygon>
                  <altitudeMode>absolute</altitudeMode>
                  <outerBoundaryIs>
                    <LinearRing>
                      <coordinates>7.477046661060006,46.97455925749912,555.2513975997226 7.477046661060006,46.97530804909576,555.2513975997226 7.477627795613881,46.97530804909576,555.2513975997226 7.477627795613881,46.97455925749912,555.2513975997226</coordinates>
                    </LinearRing>
                  </outerBoundaryIs>
                </Polygon>
                <Polygon>
                  <altitudeMode>absolute</altitudeMode>
                  <outerBoundaryIs>
                    <LinearRing>
                      <coordinates>7.477046661060006,46.97455925749912,584.3213975997227 7.477046661060006,46.97530804909576,584.3213975997227 7.477627795613881,46.97530804909576,584.3213975997227 7.477627795613881,46.97455925749912,584.3213975997227</coordinates>
                    </LinearRing>
                  </outerBoundaryIs>
                </Polygon>
                <Polygon>
                  <altitudeMode>absolute</altitudeMode>
                  <outerBoundaryIs>
                    <LinearRing>
                      <coordinates>7.477046661060006,46.97455925749912,555.2513975997226 7.477046661060006,46.97455925749912,584.3213975997227 7.477046661060006,46.97530804909576,584.3213975997227 7.477046661060006,46.97530804909576,555.2513975997226</coordinates>
                    </LinearRing>
                  </outerBoundaryIs>
                </Polygon>
                <Polygon>
                  <altitudeMode>absolute</altitudeMode>
                  <outerBoundaryIs>
                    <LinearRing>
                      <coordinates>7.477046661060006,46.97530804909576,555.2513975997226 7.477046661060006,46.97530804909576,584.3213975997227 7.477627795613881,46.97530804909576,584.3213975997227 7.477627795613881,46.97530804909576,555.2513975997226</coordinates>
                    </LinearRing>
                  </outerBoundaryIs>
                </Polygon>
                <Polygon>
                  <altitudeMode>absolute</altitudeMode>
                  <outerBoundaryIs>
                    <LinearRing>
                      <coordinates>7.477627795613881,46.97530804909576,555.2513975997226 7.477627795613881,46.97530804909576,584.3213975997227 7.477627795613881,46.97455925749912,584.3213975997227 7.477627795613881,46.97455925749912,555.2513975997226</coordinates>
                    </LinearRing>
                  </outerBoundaryIs>
                </Polygon>
                <Polygon>
                  <altitudeMode>absolute</altitudeMode>
                  <outerBoundaryIs>
                    <LinearRing>
                      <coordinates>7.477627795613881,46.97455925749912,555.2513975997226 7.477627795613881,46.97455925749912,584.3213975997227 7.477046661060006,46.97455925749912,584.3213975997227 7.477046661060006,46.97455925749912,555.2513975997226</coordinates>
                    </LinearRing>
                  </outerBoundaryIs>
                </Polygon>
              </MultiGeometry>
            </Placemark>
          </Folder>
          <Folder>
            <name>E12: uss1 astm.f3548.v21.dss.queryOperationalIntentReferences</name>
            <Placemark>
              <name>area_of_interest</name>
              <styleUrl>#QueryArea</styleUrl>
              <description><![CDATA[<ul><li>uss2's Accepted e6f57075-133b-4ed8-b65f-ddfa8266432c[1]</li></ul>]]></description>
              <TimeSpan>
                <begin>2026-09-01T16:12:42.759068+00:00</begin>
                <end>2026-09-01T16:57:43.759068+00:00</end>
              </TimeSpan>
              <MultiGeometry>
                <Polygon>
                  <altitudeMode>absolute</altitudeMode>
                  <outerBoundaryIs>
                    <LinearRing>
                      <coordinates>7.477046661060006,46.97455925749912,555.2513975997226 7.477046661060006,46.97530804909576,555.2513975997226 7.477627795613881,46.97530804909576,555.2513975997226 7.477627795613881,46.97455925749912,555.2513975997226</coordinates>
                    </LinearRing>
                  </outerBoundaryIs>
                </Polygon>
                <Polygon>
                  <altitudeMode>absolute</altitudeMode>
                  <outerBoundaryIs>
                    <LinearRing>
                      <coordinates>7.477046661060006,46.97455925749912,584.3213975997227 7.477046661060006,46.97530804909576,584.3213975997227 7.477627795613881,46.97530804909576,584.3213975997227 7.477627795613881,46.97455925749912,584.3213975997227</coordinates>
                    </LinearRing>
                  </outerBoundaryIs>
                </Polygon>
                <Polygon>
                  <altitudeMode>absolute</altitudeMode>
                  <outerBoundaryIs>
                    <LinearRing>
                      <coordinates>7.477046661060006,46.97455925749912,555.2513975997226 7.477046661060006,46.97455925749912,584.3213975997227 7.477046661060006,46.97530804909576,584.3213975997227 7.477046661060006,46.97530804909576,555.2513975997226</coordinates>
                    </LinearRing>
                  </outerBoundaryIs>
                </Polygon>
                <Polygon>
                  <altitudeMode>absolute</altitudeMode>
                  <outerBoundaryIs>
                    <LinearRing>
                      <coordinates>7.477046661060006,46.97530804909576,555.2513975997226 7.477046661060006,46.97530804909576,584.3213975997227 7.477627795613881,46.97530804909576,584.3213975997227 7.477627795613881,46.97530804909576,555.2513975997226</coordinates>
                    </LinearRing>
                  </outerBoundaryIs>
                </Polygon>
                <Polygon>
                  <altitudeMode>absolute</altitudeMode>
                  <outerBoundaryIs>
                    <LinearRing>
                      <coordinates>7.477627795613881,46.97530804909576,555.2513975997226 7.477627795613881,46.97530804909576,584.3213975997227 7.477627795613881,46.97455925749912,584.3213975997227 7.477627795613881,46.97455925749912,555.2513975997226</coordinates>
                    </LinearRing>
                  </outerBoundaryIs>
                </Polygon>
                <Polygon>
                  <altitudeMode>absolute</altitudeMode>
                  <outerBoundaryIs>
                    <LinearRing>
                      <coordinates>7.477627795613881,46.97455925749912,555.2513975997226 7.477627795613881,46.97455925749912,584.3213975997227 7.477046661060006,46.97455925749912,584.3213975997227 7.477046661060006,46.97455925749912,555.2513975997226</coordinates>
                    </LinearRing>
                  </outerBoundaryIs>
                </Polygon>
              </MultiGeometry>
            </Placemark>
          </Folder>
          <Folder>
            <name>E16: uss2 astm.f3548.v21.uss.getOperationalIntentDetails</name>
            <Folder>
              <name>uss2's P100 Accepted e6f57075-133b-4ed8-b65f-ddfa8266432c[1] @ 1YGloeBjV-gs4abjI2lZpDWahsP8mVyHwdTL95FqHcY_</name>
              <Placemark>
                <name>Nominal volume 0</name>
                <styleUrl>#F3548v21Accepted</styleUrl>
                <TimeSpan>
                  <begin>2026-09-01T16:12:43.780074+00:00</begin>
                  <end>2026-09-01T16:57:43.759068+00:00</end>
                </TimeSpan>
                <MultiGeometry>
                  <Polygon>
                    <altitudeMode>absolute</altitudeMode>
                    <outerBoundaryIs>
                      <LinearRing>
                        <coordinates>7.477046661060006,46.97501988078352,555.2514246078914 7.477301884621132,46.97455925749912,555.2514246078914 7.477627795613881,46.97494726396419,555.2514246078914 7.477364256610934,46.97530804909575,555.2514246078914</coordinates>
                      </LinearRing>
                    </outerBoundaryIs>
                  </Polygon>
                  <Polygon>
                    <altitudeMode>absolute</altitudeMode>
                    <outerBoundaryIs>
                      <LinearRing>
                        <coordinates>7.477046661060006,46.97501988078352,584.3214246078915 7.477301884621132,46.97455925749912,584.3214246078915 7.477627795613881,46.97494726396419,584.3214246078915 7.477364256610934,46.97530804909575,584.3214246078915</coordinates>
                      </LinearRing>
                    </outerBoundaryIs>
                  </Polygon>
                  <Polygon>
                    <altitudeMode>absolute</altitudeMode>
                    <outerBoundaryIs>
                      <LinearRing>
                        <coordinates>7.477046661060006,46.97501988078352,555.2514246078914 7.477046661060006,46.97501988078352,584.3214246078915 7.477301884621132,46.97455925749912,584.3214246078915 7.477301884621132,46.97455925749912,555.2514246078914</coordinates>
                      </LinearRing>
                    </outerBoundaryIs>
                  </Polygon>
                  <Polygon>
                    <altitudeMode>absolute</altitudeMode>
                    <outerBoundaryIs>
                      <LinearRing>
                        <coordinates>7.477301884621132,46.97455925749912,555.2514246078914 7.477301884621132,46.97455925749912,584.3214246078915 7.477627795613881,46.97494726396419,584.3214246078915 7.477627795613881,46.97494726396419,555.2514246078914</coordinates>
                      </LinearRing>
                    </outerBoundaryIs>
                  </Polygon>
                  <Polygon>
                    <altitudeMode>absolute</altitudeMode>
                    <outerBoundaryIs>
                      <LinearRing>
                        <coordinates>7.477627795613881,46.97494726396419,555.2514246078914 7.477627795613881,46.97494726396419,584.3214246078915 7.477364256610934,46.97530804909575,584.3214246078915 7.477364256610934,46.97530804909575,555.2514246078914</coordinates>
                      </LinearRing>
                    </outerBoundaryIs>
                  </Polygon>
                  <Polygon>
                    <altitudeMode>absolute</altitudeMode>
                    <outerBoundaryIs>
                      <LinearRing>
                        <coordinates>7.477364256610934,46.97530804909575,555.2514246078914 7.477364256610934,46.97530804909575,584.3214246078915 7.477046661060006,46.97501988078352,584.3214246078915 7.477046661060006,46.97501988078352,555.2514246078914</coordinates>
                      </LinearRing>
                    </outerBoundaryIs>
                  </Polygon>
                </MultiGeometry>
              </Placemark>
            </Folder>
          </Folder>
        </Folder>
        <Folder>
          <name>Attempt to plan Flight 1</name>
          <Folder>
            <name>E25: uss1 astm.f3548.v21.dss.queryOperationalIntentReferences</name>
            <Placemark>
              <name>area_of_interest</name>
              <styleUrl>#QueryArea</styleUrl>
              <description><![CDATA[<ul><li>uss2's Accepted e6f57075-133b-4ed8-b65f-ddfa8266432c[1]</li></ul>]]></description>
              <TimeSpan>
                <begin>2026-09-01T16:12:42.861238+00:00</begin>
                <end>2026-09-01T16:57:43.861238+00:00</end>
              </TimeSpan>
              <MultiGeometry>
                <Polygon>
                  <altitudeMode>absolute</altitudeMode>
                  <outerBoundaryIs>
                    <LinearRing>
                      <coordinates>7.477086559435827,46.974528046030414,556.3313835555317 7.477086559435827,46.97491720487753,556.3313835555317 7.47810665524113,46.97491720487753,556.3313835555317 7.47810665524113,46.974528046030414,556.3313835555317</coordinates>
                    </LinearRing>
                  </outerBoundaryIs>
                </Polygon>
                <Polygon>
                  <altitudeMode>absolute</altitudeMode>
                  <outerBoundaryIs>
                    <LinearRing>
                      <coordinates>7.477086559435827,46.974528046030414,586.3213835555317 7.477086559435827,46.97491720487753,586.3213835555317 7.47810665524113,46.97491720487753,586.3213835555317 7.47810665524113,46.974528046030414,586.3213835555317</coordinates>
                    </LinearRing>
                  </outerBoundaryIs>
                </Polygon>
                <Polygon>
                  <altitudeMode>absolute</altitudeMode>
                  <outerBoundaryIs>
                    <LinearRing>
                      <coordinates>7.477086559435827,46.974528046030414,556.3313835555317 7.477086559435827,46.974528046030414,586.3213835555317 7.477086559435827,46.97491720487753,586.3213835555317 7.477086559435827,46.97491720487753,556.3313835555317</coordinates>
                    </LinearRing>
                  </outerBoundaryIs>
                </Polygon>
                <Polygon>
                  <altitudeMode>absolute</altitudeMode>
                  <outerBoundaryIs>
                    <LinearRing>
                      <coordinates>7.477086559435827,46.97491720487753,556.3313835555317 7.477086559435827,46.97491720487753,586.3213835555317 7.47810665524113,46.97491720487753,586.3213835555317 7.47810665524113,46.97491720487753,556.3313835555317</coordinates>
                    </LinearRing>
                  </outerBoundaryIs>
                </Polygon>
                <Polygon>
                  <altitudeMode>absolute</altitudeMode>
                  <outerBoundaryIs>
                    <LinearRing>
                      <coordinates>7.47810665524113,46.97491720487753,556.3313835555317 7.47810665524113,46.97491720487753,586.3213835555317 7.47810665524113,46.974528046030414,586.3213835555317 7.47810665524113,46.974528046030414,556.3313835555317</coordinates>
                    </LinearRing>
                  </outerBoundaryIs>
                </Polygon>
                <Polygon>
                  <altitudeMode>absolute</altitudeMode>
                  <outerBoundaryIs>
                    <LinearRing>
                      <coordinates>7.47810665524113,46.974528046030414,556.3313835555317 7.47810665524113,46.974528046030414,586.3213835555317 7.477086559435827,46.974528046030414,586.3213835555317 7.477086559435827,46.974528046030414,556.3313835555317</coordinates>
                    </LinearRing>
                  </outerBoundaryIs>
                </Polygon>
              </MultiGeometry>
            </Placemark>
          </Folder>
          <Folder>
            <name>E27: uss1 interuss.automated_testing.flight_planning.v1.UpsertFlightPlan</name>
            <Folder>
              <name>Activity Rejected, flight NotPlanned</name>
              <Placemark>
                <name>Volume 0</name>
                <styleUrl>#Planned_Nominal</styleUrl>
                <TimeSpan>
                  <begin>2026-09-01T16:12:42.861238+00:00</begin>
                  <end>2026-09-01T16:57:43.861238+00:00</end>
                </TimeSpan>
                <MultiGeometry>
                  <Polygon>
                    <altitudeMode>absolute</altitudeMode>
                    <outerBoundaryIs>
                      <LinearRing>
                        <coordinates>7.477086559435827,46.97461768818806,556.3313946064567 7.4771115068433796,46.97491720487753,556.3313946064567 7.478062605790899,46.974880319566886,556.3313946064567 7.47810665524113,46.974528046030414,556.3313946064567</coordinates>
                      </LinearRing>
                    </outerBoundaryIs>
                  </Polygon>
                  <Polygon>
                    <altitudeMode>absolute</altitudeMode>
                    <outerBoundaryIs>
                      <LinearRing>
                        <coordinates>7.477086559435827,46.97461768818806,586.3213946064567 7.4771115068433796,46.97491720487753,586.3213946064567 7.478062605790899,46.974880319566886,586.3213946064567 7.47810665524113,46.974528046030414,586.3213946064567</coordinates>
                      </LinearRing>
                    </outerBoundaryIs>
                  </Polygon>
                  <Polygon>
                    <altitudeMode>absolute</altitudeMode>
                    <outerBoundaryIs>
                      <LinearRing>
                        <coordinates>7.477086559435827,46.97461768818806,556.3313946064567 7.477086559435827,46.97461768818806,586.3213946064567 7.4771115068433796,46.97491720487753,586.3213946064567 7.4771115068433796,46.97491720487753,556.3313946064567</coordinates>
                      </LinearRing>
                    </outerBoundaryIs>
                  </Polygon>
                  <Polygon>
                    <altitudeMode>absolute</altitudeMode>
                    <outerBoundaryIs>
                      <LinearRing>
                        <coordinates>7.4771115068433796,46.97491720487753,556.3313946064567 7.4771115068433796,46.97491720487753,586.3213946064567 7.478062605790899,46.974880319566886,586.3213946064567 7.478062605790899,46.974880319566886,556.3313946064567</coordinates>
                      </LinearRing>
                    </outerBoundaryIs>
                  </Polygon>
                  <Polygon>
                    <altitudeMode>absolute</altitudeMode>
                    <outerBoundaryIs>
                      <LinearRing>
                        <coordinates>7.478062605790899,46.974880319566886,556.3313946064567 7.478062605790899,46.974880319566886,586.3213946064567 7.47810665524113,46.974528046030414,586.3213946064567 7.47810665524113,46.974528046030414,556.3313946064567</coordinates>
                      </LinearRing>
                    </outerBoundaryIs>
                  </Polygon>
                  <Polygon>
                    <altitudeMode>absolute</altitudeMode>
                    <outerBoundaryIs>
                      <LinearRing>
                        <coordinates>7.47810665524113,46.974528046030414,556.3313946064567 7.47810665524113,46.974528046030414,586.3213946064567 7.477086559435827,46.97461768818806,586.3213946064567 7.477086559435827,46.97461768818806,556.3313946064567</coordinates>
                      </LinearRing>
                    </outerBoundaryIs>
                  </Polygon>
                </MultiGeometry>
              </Placemark>
            </Folder>
          </Folder>
          <Folder>
            <name>E30: uss1 astm.f3548.v21.dss.queryOperationalIntentReferences</name>
            <Placemark>
              <name>area_of_interest</name>
              <styleUrl>#QueryArea</styleUrl>
              <description><![CDATA[<ul><li>uss2's Accepted e6f57075-133b-4ed8-b65f-ddfa8266432c[1]</li></ul>]]></description>
              <TimeSpan>
                <begin>2026-09-01T16:12:42.861238+00:00</begin>
                <end>2026-09-01T16:57:43.861238+00:00</end>
              </TimeSpan>
              <MultiGeometry>
                <Polygon>
                  <altitudeMode>absolute</altitudeMode>
                  <outerBoundaryIs>
                    <LinearRing>
                      <coordinates>7.477086559435827,46.974528046030414,556.3313835555317 7.477086559435827,46.97491720487753,556.3313835555317 7.47810665524113,46.97491720487753,556.3313835555317 7.47810665524113,46.974528046030414,556.3313835555317</coordinates>
                    </LinearRing>
                  </outerBoundaryIs>
                </Polygon>
                <Polygon>
                  <altitudeMode>absolute</altitudeMode>
                  <outerBoundaryIs>
                    <LinearRing>
                      <coordinates>7.477086559435827,46.974528046030414,586.3213835555317 7.477086559435827,46.97491720487753,586.3213835555317 7.47810665524113,46.97491720487753,586.3213835555317 7.47810665524113,46.974528046030414,586.3213835555317</coordinates>
                    </LinearRing>
                  </outerBoundaryIs>
                </Polygon>
                <Polygon>
                  <altitudeMode>absolute</altitudeMode>
                  <outerBoundaryIs>
                    <LinearRing>
                      <coordinates>7.477086559435827,46.974528046030414,556.3313835555317 7.477086559435827,46.974528046030414,586.3213835555317 7.477086559435827,46.97491720487753,586.3213835555317 7.477086559435827,46.97491720487753,556.3313835555317</coordinates>
                    </LinearRing>
                  </outerBoundaryIs>
                </Polygon>
                <Polygon>
                  <altitudeMode>absolute</altitudeMode>
                  <outerBoundaryIs>
                    <LinearRing>
                      <coordinates>7.477086559435827,46.97491720487753,556.3313835555317 7.477086559435827,46.97491720487753,586.3213835555317 7.47810665524113,46.97491720487753,586.3213835555317 7.47810665524113,46.97491720487753,556.3313835555317</coordinates>
                    </LinearRing>
                  </outerBoundaryIs>
                </Polygon>
                <Polygon>
                  <altitudeMode>absolute</altitudeMode>
                  <outerBoundaryIs>
                    <LinearRing>
                      <coordinates>7.47810665524113,46.97491720487753,556.3313835555317 7.47810665524113,46.97491720487753,586.3213835555317 7.47810665524113,46.974528046030414,586.3213835555317 7.47810665524113,46.974528046030414,556.3313835555317</coordinates>
                    </LinearRing>
                  </outerBoundaryIs>
                </Polygon>
                <Polygon>
                  <altitudeMode>absolute</altitudeMode>
                  <outerBoundaryIs>
                    <LinearRing>
                      <coordinates>7.47810665524113,46.974528046030414,556.3313835555317 7.47810665524113,46.974528046030414,586.3213835555317 7.477086559435827,46.974528046030414,586.3213835555317 7.477086559435827,46.974528046030414,556.3313835555317</coordinates>
                    </LinearRing>
                  </outerBoundaryIs>
                </Polygon>
              </MultiGeometry>
            </Placemark>
          </Folder>
        </Folder>
        <Folder>
          <name>Delete Flight 2</name>
        </Folder>
      </Folder>
      <Folder>
        <name>Attempt to modify planned flight in conflict</name>
        <Folder>
          <name>Plan Flight 1</name>
          <Folder>
            <name>E35: uss1 astm.f3548.v21.dss.queryOperationalIntentReferences</name>
            <Placemark>
              <name>area_of_interest</name>
              <styleUrl>#QueryArea</styleUrl>
              <description><![CDATA[(no operational intent references found)]]></description>
              <TimeSpan>
                <begin>2026-09-01T16:12:42.955551+00:00</begin>
                <end>2026-09-01T16:57:43.955551+00:00</end>
              </TimeSpan>
              <MultiGeometry>
                <Polygon>
                  <altitudeMode>absolute</altitudeMode>
                  <outerBoundaryIs>
                    <LinearRing>
                      <coordinates>7.477086559435827,46.974528046030414,556.3313835555317 7.477086559435827,46.97491720487753,556.3313835555317 7.47810665524113,46.97491720487753,556.3313835555317 7.47810665524113,46.974528046030414,556.3313835555317</coordinates>
                    </LinearRing>
                  </outerBoundaryIs>
                </Polygon>
                <Polygon>
                  <altitudeMode>absolute</altitudeMode>
                  <outerBoundaryIs>
                    <LinearRing>
                      <coordinates>7.477086559435827,46.974528046030414,586.3213835555317 7.477086559435827,46.97491720487753,586.3213835555317 7.47810665524113,46.97491720487753,586.3213835555317 7.47810665524113,46.974528046030414,586.3213835555317</coordinates>
                    </LinearRing>
                  </outerBoundaryIs>
                </Polygon>
                <Polygon>
                  <altitudeMode>absolute</altitudeMode>
                  <outerBoundaryIs>
                    <LinearRing>
                      <coordinates>7.477086559435827,46.974528046030414,556.3313835555317 7.477086559435827,46.974528046030414,586.3213835555317 7.477086559435827,46.97491720487753,586.3213835555317 7.477086559435827,46.97491720487753,556.3313835555317</coordinates>
                    </LinearRing>
                  </outerBoundaryIs>
                </Polygon>
                <Polygon>
                  <altitudeMode>absolute</altitudeMode>
                  <outerBoundaryIs>
                    <LinearRing>
                      <coordinates>7.477086559435827,46.97491720487753,556.3313835555317 7.477086559435827,46.97491720487753,586.3213835555317 7.47810665524113,46.97491720487753,586.3213835555317 7.47810665524113,46.97491720487753,556.3313835555317</coordinates>
                    </LinearRing>
                  </outerBoundaryIs>
                </Polygon>
                <Polygon>
                  <altitudeMode>absolute</altitudeMode>
                  <outerBoundaryIs>
                    <LinearRing>
                      <coordinates>7.47810665524113,46.97491720487753,556.3313835555317 7.47810665524113,46.97491720487753,586.3213835555317 7.47810665524113,46.974528046030414,586.3213835555317 7.47810665524113,46.974528046030414,556.3313835555317</coordinates>
                    </LinearRing>
                  </outerBoundaryIs>
                </Polygon>
                <Polygon>
                  <altitudeMode>absolute</altitudeMode>
                  <outerBoundaryIs>
                    <LinearRing>
                      <coordinates>7.47810665524113,46.974528046030414,556.3313835555317 7.47810665524113,46.974528046030414,586.3213835555317 7.477086559435827,46.974528046030414,586.3213835555317 7.477086559435827,46.974528046030414,556.3313835555317</coordinates>
                    </LinearRing>
                  </outerBoundaryIs>
                </Polygon>
              </MultiGeometry>
            </Placemark>
          </Folder>
          <Folder>
            <name>E37: uss1 interuss.automated_testing.flight_planning.v1.UpsertFlightPlan</name>
            <Folder>
              <name>Activity Completed, flight Planned</name>
              <Placemark>
                <name>Volume 0</name>
                <styleUrl>#Planned_Nominal</styleUrl>
                <TimeSpan>
                  <begin>2026-09-01T16:12:42.955551+00:00</begin>
                  <end>2026-09-01T16:57:43.955551+00:00</end>
                </TimeSpan>
                <MultiGeometry>
                  <Polygon>
                    <altitudeMode>absolute</altitudeMode>
                    <outerBoundaryIs>
                      <LinearRing>
                        <coordinates>7.477086559435827,46.97461768818806,556.3313946064567 7.4771115068433796,46.97491720487753,556.3313946064567 7.478062605790899,46.974880319566886,556.3313946064567 7.47810665524113,46.974528046030414,556.3313946064567</coordinates>
                      </LinearRing>
                    </outerBoundaryIs>
                  </Polygon>
                  <Polygon>
                    <altitudeMode>absolute</altitudeMode>
                    <outerBoundaryIs>
                      <LinearRing>
                        <coordinates>7.477086559435827,46.97461768818806,586.3213946064567 7.4771115068433796,46.97491720487753,586.3213946064567 7.478062605790899,46.974880319566886,586.3213946064567 7.47810665524113,46.974528046030414,586.3213946064567</coordinates>
                      </LinearRing>
                    </outerBoundaryIs>
                  </Polygon>
                  <Polygon>
                    <altitudeMode>absolute</altitudeMode>
                    <outerBoundaryIs>
                      <LinearRing>
                        <coordinates>7.477086559435827,46.97461768818806,556.3313946064567 7.477086559435827,46.97461768818806,586.3213946064567 7.4771115068433796,46.97491720487753,586.3213946064567 7.4771115068433796,46.97491720487753,556.3313946064567</coordinates>
                      </LinearRing>
                    </outerBoundaryIs>
                  </Polygon>
                  <Polygon>
                    <altitudeMode>absolute</altitudeMode>
                    <outerBoundaryIs>
                      <LinearRing>
                        <coordinates>7.4771115068433796,46.97491720487753,556.3313946064567 7.4771115068433796,46.97491720487753,586.3213946064567 7.478062605790899,46.974880319566886,586.3213946064567 7.478062605790899,46.974880319566886,556.3313946064567</coordinates>
                      </LinearRing>
                    </outerBoundaryIs>
                  </Polygon>
                  <Polygon>
                    <altitudeMode>absolute</altitudeMode>
                    <outerBoundaryIs>
                      <LinearRing>
                        <coordinates>7.478062605790899,46.974880319566886,556.3313946064567 7.478062605790899,46.974880319566886,586.3213946064567 7.47810665524113,46.974528046030414,586.3213946064567 7.47810665524113,46.974528046030414,556.3313946064567</coordinates>
                      </LinearRing>
                    </outerBoundaryIs>
                  </Polygon>
                  <Polygon>
                    <altitudeMode>absolute</altitudeMode>
                    <outerBoundaryIs>
                      <LinearRing>
                        <coordinates>7.47810665524113,46.974528046030414,556.3313946064567 7.47810665524113,46.974528046030414,586.3213946064567 7.477086559435827,46.97461768818806,586.3213946064567 7.477086559435827,46.97461768818806,556.3313946064567</coordinates>
                      </LinearRing>
                    </outerBoundaryIs>
                  </Polygon>
                </MultiGeometry>
              </Placemark>
            </Folder>
          </Folder>
          <Folder>
            <name>E41: uss1 astm.f3548.v21.dss.queryOperationalIntentReferences</name>
            <Placemark>
              <name>area_of_interest</name>
              <styleUrl>#QueryArea</styleUrl>
              <description><![CDATA[<ul><li>uss1's Accepted ffd29027-69e6-4a6d-b6e8-08e05bea4684[1]</li></ul>]]></description>
              <TimeSpan>
                <begin>2026-09-01T16:12:42.955551+00:00</begin>
                <end>2026-09-01T16:57:43.955551+00:00</end>
              </TimeSpan>
              <MultiGeometry>
                <Polygon>
                  <altitudeMode>absolute</altitudeMode>
                  <outerBoundaryIs>
                    <LinearRing>
                      <coordinates>7.477086559435827,46.974528046030414,556.3313835555317 7.477086559435827,46.97491720487753,556.3313835555317 7.47810665524113,46.97491720487753,556.3313835555317 7.47810665524113,46.974528046030414,556.3313835555317</coordinates>
                    </LinearRing>
                  </outerBoundaryIs>
                </Polygon>
                <Polygon>
                  <altitudeMode>absolute</altitudeMode>
                  <outerBoundaryIs>
                    <LinearRing>
                      <coordinates>7.477086559435827,46.974528046030414,586.3213835555317 7.477086559435827,46.97491720487753,586.3213835555317 7.47810665524113,46.97491720487753,586.3213835555317 7.47810665524113,46.974528046030414,586.3213835555317</coordinates>
                    </LinearRing>
                  </outerBoundaryIs>
                </Polygon>
                <Polygon>
                  <altitudeMode>absolute</altitudeMode>
                  <outerBoundaryIs>
                    <LinearRing>
                      <coordinates>7.477086559435827,46.974528046030414,556.3313835555317 7.477086559435827,46.974528046030414,586.3213835555317 7.477086559435827,46.97491720487753,586.3213835555317 7.477086559435827,46.97491720487753,556.3313835555317</coordinates>
                    </LinearRing>
                  </outerBoundaryIs>
                </Polygon>
                <Polygon>
                  <altitudeMode>absolute</altitudeMode>
                  <outerBoundaryIs>
                    <LinearRing>
                      <coordinates>7.477086559435827,46.97491720487753,556.3313835555317 7.477086559435827,46.97491720487753,586.3213835555317 7.47810665524113,46.97491720487753,586.3213835555317 7.47810665524113,46.97491720487753,556.3313835555317</coordinates>
                    </LinearRing>
                  </outerBoundaryIs>
                </Polygon>
                <Polygon>
                  <altitudeMode>absolute</altitudeMode>
                  <outerBoundaryIs>
                    <LinearRing>
                      <coordinates>7.47810665524113,46.97491720487753,556.3313835555317 7.47810665524113,46.97491720487753,586.3213835555317 7.47810665524113,46.974528046030414,586.3213835555317 7.47810665524113,46.974528046030414,556.3313835555317</coordinates>
                    </LinearRing>
                  </outerBoundaryIs>
                </Polygon>
                <Polygon>
                  <altitudeMode>absolute</altitudeMode>
                  <outerBoundaryIs>
                    <LinearRing>
                      <coordinates>7.47810665524113,46.974528046030414,556.3313835555317 7.47810665524113,46.974528046030414,586.3213835555317 7.477086559435827,46.974528046030414,586.3213835555317 7.477086559435827,46.974528046030414,556.3313835555317</coordinates>
                    </LinearRing>
                  </outerBoundaryIs>
                </Polygon>
              </MultiGeometry>
            </Placemark>
          </Folder>
          <Folder>
            <name>E45: uss1 astm.f3548.v21.uss.getOperationalIntentDetails</name>
            <Folder>
              <name>uss1's P0 Accepted ffd29027-69e6-4a6d-b6e8-08e05bea4684[1] @ u--PM.yToWkD6AEd89bXSxa6HNntG9g5MPu1A7iKp5w_</name>
              <Placemark>
                <name>Nominal volume 0</name>
                <styleUrl>#F3548v21Accepted</styleUrl>
                <TimeSpan>
                  <begin>2026-09-01T16:12:43.976941+00:00</begin>
                  <end>2026-09-01T16:57:43.955551+00:00</end>
                </TimeSpan>
                <MultiGeometry>
                  <Polygon>
                    <altitudeMode>absolute</altitudeMode>
                    <outerBoundaryIs>
                      <LinearRing>
                        <coordinates>7.477086559435827,46.97461768818806,556.3313946064567 7.4771115068433796,46.97491720487753,556.3313946064567 7.478062605790899,46.974880319566886,556.3313946064567 7.47810665524113,46.974528046030414,556.3313946064567</coordinates>
                      </LinearRing>
                    </outerBoundaryIs>
                  </Polygon>
                  <Polygon>
                    <altitudeMode>absolute</altitudeMode>
                    <outerBoundaryIs>
                      <LinearRing>
                        <coordinates>7.477086559435827,46.97461768818806,586.3213946064567 7.4771115068433796,46.97491720487753,586.3213946064567 7.478062605790899,46.974880319566886,586.3213946064567 7.47810665524113,46.974528046030414,586.3213946064567</coordinates>
                      </LinearRing>
                    </outerBoundaryIs>
                  </Polygon>
                  <Polygon>
                    <altitudeMode>absolute</altitudeMode>
                    <outerBoundaryIs>
                      <LinearRing>
                        <coordinates>7.477086559435827,46.97461768818806,556.3313946064567 7.477086559435827,46.97461768818806,586.3213946064567 7.4771115068433796,46.97491720487753,586.3213946064567 7.4771115068433796,46.97491720487753,556.3313946064567</coordinates>
                      </LinearRing>
                    </outerBoundaryIs>
                  </Polygon>
                  <Polygon>
                    <altitudeMode>absolute</altitudeMode>
                    <outerBoundaryIs>
                      <LinearRing>
                        <coordinates>7.4771115068433796,46.97491720487753,556.3313946064567 7.4771115068433796,46.97491720487753,586.3213946064567 7.478062605790899,46.974880319566886,586.3213946064567 7.478062605790899,46.974880319566886,556.3313946064567</coordinates>
                      </LinearRing>
                    </outerBoundaryIs>
                  </Polygon>
                  <Polygon>
                    <altitudeMode>absolute</altitudeMode>
                    <outerBoundaryIs>
                      <LinearRing>
                        <coordinates>7.478062605790899,46.974880319566886,556.3313946064567 7.478062605790899,46.974880319566886,586.3213946064567 7.47810665524113,46.974528046030414,586.3213946064567 7.47810665524113,46.974528046030414,556.3313946064567</coordinates>
                      </LinearRing>
                    </outerBoundaryIs>
                  </Polygon>
                  <Polygon>
                    <altitudeMode>absolute</altitudeMode>
                    <outerBoundaryIs>
                      <LinearRing>
                        <coordinates>7.47810665524113,46.974528046030414,556.3313946064567 7.47810665524113,46.974528046030414,586.3213946064567 7.477086559435827,46.97461768818806,586.3213946064567 7.477086559435827,46.97461768818806,556.3313946064567</coordinates>
                      </LinearRing>
                    </outerBoundaryIs>
                  </Polygon>
                </MultiGeometry>
              </Placemark>
            </Folder>
          </Folder>
        </Folder>
        <Folder>
          <name>Plan Flight 2</name>
          <Folder>
            <name>E58: uss1 astm.f3548.v21.dss.queryOperationalIntentReferences</name>
            <Placemark>
              <name>area_of_interest</name>
              <styleUrl>#QueryArea</styleUrl>
              <description><![CDATA[<ul><li>uss1's Accepted ffd29027-69e6-4a6d-b6e8-08e05bea4684[1]</li></ul>]]></description>
              <TimeSpan>
                <begin>2026-09-01T16:12:43.080600+00:00</begin>
                <end>2026-09-01T16:57:44.080600+00:00</end>
              </TimeSpan>
              <MultiGeometry>
                <Polygon>
                  <altitudeMode>absolute</altitudeMode>
                  <outerBoundaryIs>
                    <LinearRing>
                      <coordinates>7.477046661060006,46.97455925749912,555.2513975997226 7.477046661060006,46.97530804909576,555.2513975997226 7.477627795613881,46.97530804909576,555.2513975997226 7.477627795613881,46.97455925749912,555.2513975997226</coordinates>
                    </LinearRing>
                  </outerBoundaryIs>
                </Polygon>
                <Polygon>
                  <altitudeMode>absolute</altitudeMode>
                  <outerBoundaryIs>
                    <LinearRing>
                      <coordinates>7.477046661060006,46.97455925749912,584.3213975997227 7.477046661060006,46.97530804909576,584.3213975997227 7.477627795613881,46.97530804909576,584.3213975997227 7.477627795613881,46.97455925749912,584.3213975997227</coordinates>
                    </LinearRing>
                  </outerBoundaryIs>
                </Polygon>
                <Polygon>
                  <altitudeMode>absolute</altitudeMode>
                  <outerBoundaryIs>
                    <LinearRing>
                      <coordinates>7.477046661060006,46.97455925749912,555.2513975997226 7.477046661060006,46.97455925749912,584.3213975997227 7.477046661060006,46.97530804909576,584.3213975997227 7.477046661060006,46.97530804909576,555.2513975997226</coordinates>
                    </LinearRing>
                  </outerBoundaryIs>
                </Polygon>
                <Polygon>
                  <altitudeMode>absolute</altitudeMode>
                  <outerBoundaryIs>
                    <LinearRing>
                      <coordinates>7.477046661060006,46.97530804909576,555.2513975997226 7.477046661060006,46.97530804909576,584.3213975997227 7.477627795613881,46.97530804909576,584.3213975997227 7.477627795613881,46.97530804909576,555.2513975997226</coordinates>
                    </LinearRing>
                  </outerBoundaryIs>
                </Polygon>
                <Polygon>
                  <altitudeMode>absolute</altitudeMode>
                  <outerBoundaryIs>
                    <LinearRing>
                      <coordinates>7.477627795613881,46.97530804909576,555.2513975997226 7.477627795613881,46.97530804909576,584.3213975997227 7.477627795613881,46.97455925749912,584.3213975997227 7.477627795613881,46.97455925749912,555.2513975997226</coordinates>
                    </LinearRing>
                  </outerBoundaryIs>
                </Polygon>
                <Polygon>
                  <altitudeMode>absolute</altitudeMode>
                  <outerBoundaryIs>
                    <LinearRing>
                      <coordinates>7.477627795613881,46.97455925749912,555.2513975997226 7.477627795613881,46.97455925749912,584.3213975997227 7.477046661060006,46.97455925749912,584.3213975997227 7.477046661060006,46.97455925749912,555.2513975997226</coordinates>
                    </LinearRing>
                  </outerBoundaryIs>
                </Polygon>
              </MultiGeometry>
            </Placemark>
          </Folder>
          <Folder>
            <name>E64: uss1 astm.f3548.v21.dss.queryOperationalIntentReferences</name>
            <Placemark>
              <name>area_of_interest</name>
              <styleUrl>#QueryArea</styleUrl>
              <description><![CDATA[<ul><li>uss2's Accepted c47d6bfa-1def-4247-a3ea-b8be746a199c[1]</li><li>uss1's Accepted ffd29027-69e6-4a6d-b6e8-08e05bea4684[1]</li></ul>]]></description>
              <TimeSpan>
                <begin>2026-09-01T16:12:43.080600+00:00</begin>
                <end>2026-09-01T16:57:44.080600+00:00</end>
              </TimeSpan>
              <MultiGeometry>
                <Polygon>
                  <altitudeMode>absolute</altitudeMode>
                  <outerBoundaryIs>
                    <LinearRing>
                      <coordinates>7.477046661060006,46.97455925749912,555.2513975997226 7.477046661060006,46.97530804909576,555.2513975997226 7.477627795613881,46.97530804909576,555.2513975997226 7.477627795613881,46.97455925749912,555.2513975997226</coordinates>
                    </LinearRing>
                  </outerBoundaryIs>
                </Polygon>
                <Polygon>
                  <altitudeMode>absolute</altitudeMode>
                  <outerBoundaryIs>
                    <LinearRing>
                      <coordinates>7.477046661060006,46.97455925749912,584.3213975997227 7.477046661060006,46.97530804909576,584.3213975997227 7.477627795613881,46.97530804909576,584.3213975997227 7.477627795613881,46.97455925749912,584.3213975997227</coordinates>
                    </LinearRing>
                  </outerBoundaryIs>
                </Polygon>
                <Polygon>
                  <altitudeMode>absolute</altitudeMode>
                  <outerBoundaryIs>
                    <LinearRing>
                      <coordinates>7.477046661060006,46.97455925749912,555.2513975997226 7.477046661060006,46.97455925749912,584.3213975997227 7.477046661060006,46.97530804909576,584.3213975997227 7.477046661060006,46.97530804909576,555.2513975997226</coordinates>
                    </LinearRing>
                  </outerBoundaryIs>
                </Polygon>
                <Polygon>
                  <altitudeMode>absolute</altitudeMode>
                  <outerBoundaryIs>
                    <LinearRing>
                      <coordinates>7.477046661060006,46.97530804909576,555.2513975997226 7.477046661060006,46.97530804909576,584.3213975997227 7.477627795613881,46.97530804909576,584.3213975997227 7.477627795613881,46.97530804909576,555.2513975997226</coordinates>
                    </LinearRing>
                  </outerBoundaryIs>
                </Polygon>
                <Polygon>
                  <altitudeMode>absolute</altitudeMode>
                  <outerBoundaryIs>
                    <LinearRing>
                      <coordinates>7.477627795613881,46.97530804909576,555.2513975997226 7.477627795613881,46.97530804909576,584.3213975997227 7.477627795613881,46.97455925749912,584.3213975997227 7.477627795613881,46.97455925749912,555.2513975997226</coordinates>
                    </LinearRing>
                  </outerBoundaryIs>
                </Polygon>
                <Polygon>
                  <altitudeMode>absolute</altitudeMode>
                  <outerBoundaryIs>
                    <LinearRing>
                      <coordinates>7.477627795613881,46.97455925749912,555.2513975997226 7.477627795613881,46.97455925749912,584.3213975997227 7.477046661060006,46.97455925749912,584.3213975997227 7.477046661060006,46.97455925749912,555.2513975997226</coordinates>
                    </LinearRing>
                  </outerBoundaryIs>
                </Polygon>
              </MultiGeometry>
            </Placemark>
          </Folder>
          <Folder>
            <name>E68: uss2 astm.f3548.v21.uss.getOperationalIntentDetails</name>
            <Folder>
              <name>uss2's P100 Accepted c47d6bfa-1def-4247-a3ea-b8be746a199c[1] @ 2pRLWbb53qZu.kRyBGDqdHf7XfL-uOg8F90vehh5dN8_</name>
              <Placemark>
                <name>Nominal volume 0</name>
                <styleUrl>#F3548v21Accepted</styleUrl>
                <TimeSpan>
                  <begin>2026-09-01T16:12:44.102096+00:00</begin>
                  <end>2026-09-01T16:57:44.080600+00:00</end>
                </TimeSpan>
                <MultiGeometry>
                  <Polygon>
                    <altitudeMode>absolute</altitudeMode>
                    <outerBoundaryIs>
                      <LinearRing>
                        <coordinates>7.477046661060006,46.97501988078352,555.2514246078914 7.477301884621132,46.97455925749912,555.2514246078914 7.477627795613881,46.97494726396419,555.2514246078914 7.477364256610934,46.97530804909575,555.2514246078914</coordinates>
                      </LinearRing>
                    </outerBoundaryIs>
                  </Polygon>
                  <Polygon>
                    <altitudeMode>absolute</altitudeMode>
                    <outerBoundaryIs>
                      <LinearRing>
                        <coordinates>7.477046661060006,46.97501988078352,584.3214246078915 7.477301884621132,46.97455925749912,584.3214246078915 7.477627795613881,46.97494726396419,584.3214246078915 7.477364256610934,46.97530804909575,584.3214246078915</coordinates>
                      </LinearRing>
                    </outerBoundaryIs>
                  </Polygon>
                  <Polygon>
                    <altitudeMode>absolute</altitudeMode>
                    <outerBoundaryIs>
                      <LinearRing>
                        <coordinates>7.477046661060006,46.97501988078352,555.2514246078914 7.477046661060006,46.97501988078352,584.3214246078915 7.477301884621132,46.97455925749912,584.3214246078915 7.477301884621132,46.97455925749912,555.2514246078914</coordinates>
                      </LinearRing>
                    </outerBoundaryIs>
                  </Polygon>
                  <Polygon>
                    <altitudeMode>absolute</altitudeMode>
                    <outerBoundaryIs>
                      <LinearRing>
                        <coordinates>7.477301884621132,46.97455925749912,555.2514246078914 7.477301884621132,46.97455925749912,584.3214246078915 7.477627795613881,46.97494726396419,584.3214246078915 7.477627795613881,46.97494726396419,555.2514246078914</coordinates>
                      </LinearRing>
                    </outerBoundaryIs>
                  </Polygon>
                  <Polygon>
                    <altitudeMode>absolute</altitudeMode>
                    <outerBoundaryIs>
                      <LinearRing>
                        <coordinates>7.477627795613881,46.97494726396419,555.2514246078914 7.477627795613881,46.97494726396419,584.3214246078915 7.477364256610934,46.97530804909575,584.3214246078915 7.477364256610934,46.97530804909575,555.2514246078914</coordinates>
                      </LinearRing>
                    </outerBoundaryIs>
                  </Polygon>
                  <Polygon>
                    <altitudeMode>absolute</altitudeMode>
                    <outerBoundaryIs>
                      <LinearRing>
                        <coordinates>7.477364256610934,46.97530804909575,555.2514246078914 7.477364256610934,46.97530804909575,584.3214246078915 7.477046661060006,46.97501988078352,584.3214246078915 7.477046661060006,46.97501988078352,555.2514246078914</coordinates>
                      </LinearRing>
                    </outerBoundaryIs>
                  </Polygon>
                </MultiGeometry>
              </Placemark>
            </Folder>
          </Folder>
        </Folder>
        <Folder>
          <name>Check for conflict notifications</name>
        </Folder>
        <Folder>
          <name>Attempt to modify planned Flight 1 in conflict</name>
          <Folder>
            <name>E81: uss1 astm.f3548.v21.dss.queryOperationalIntentReferences</name>
            <Placemark>
              <name>area_of_interest</name>
              <styleUrl>#QueryArea</styleUrl>
              <description><![CDATA[<ul><li>uss2's Accepted c47d6bfa-1def-4247-a3ea-b8be746a199c[1]</li><li>uss1's Accepted ffd29027-69e6-4a6d-b6e8-08e05bea4684[1]</li></ul>]]></description>
              <TimeSpan>
                <begin>2026-09-01T16:12:43.248003+00:00</begin>
                <end>2026-09-01T16:57:44.248003+00:00</end>
              </TimeSpan>
              <MultiGeometry>
                <Polygon>
                  <altitudeMode>absolute</altitudeMode>
                  <outerBoundaryIs>
                    <LinearRing>
                      <coordinates>7.477086559435827,46.974528046030414,526.2913835555318 7.477086559435827,46.97491720487753,526.2913835555318 7.47810665524113,46.97491720487753,526.2913835555318 7.47810665524113,46.974528046030414,526.2913835555318</coordinates>
                    </LinearRing>
                  </outerBoundaryIs>
                </Polygon>
                <Polygon>
                  <altitudeMode>absolute</altitudeMode>
                  <outerBoundaryIs>
                    <LinearRing>
                      <coordinates>7.477086559435827,46.974528046030414,586.3213835555317 7.477086559435827,46.97491720487753,586.3213835555317 7.47810665524113,46.97491720487753,586.3213835555317 7.47810665524113,46.974528046030414,586.3213835555317</coordinates>
                    </LinearRing>
                  </outerBoundaryIs>
                </Polygon>
                <Polygon>
                  <altitudeMode>absolute</altitudeMode>
                  <outerBoundaryIs>
                    <LinearRing>
                      <coordinates>7.477086559435827,46.974528046030414,526.2913835555318 7.477086559435827,46.974528046030414,586.3213835555317 7.477086559435827,46.97491720487753,586.3213835555317 7.477086559435827,46.97491720487753,526.2913835555318</coordinates>
                    </LinearRing>
                  </outerBoundaryIs>
                </Polygon>
                <Polygon>
                  <altitudeMode>absolute</altitudeMode>
                  <outerBoundaryIs>
                    <LinearRing>
                      <coordinates>7.477086559435827,46.97491720487753,526.2913835555318 7.477086559435827,46.97491720487753,586.3213835555317 7.47810665524113,46.97491720487753,586.3213835555317 7.47810665524113,46.97491720487753,526.2913835555318</coordinates>
                    </LinearRing>
                  </outerBoundaryIs>
                </Polygon>
                <Polygon>
                  <altitudeMode>absolute</altitudeMode>
                  <outerBoundaryIs>
                    <LinearRing>
                      <coordinates>7.47810665524113,46.97491720487753,526.2913835555318 7.47810665524113,46.97491720487753,586.3213835555317 7.47810665524113,46.974528046030414,586.3213835555317 7.47810665524113,46.974528046030414,526.2913835555318</coordinates>
                    </LinearRing>
                  </outerBoundaryIs>
                </Polygon>
                <Polygon>
                  <altitudeMode>absolute</altitudeMode>
                  <outerBoundaryIs>
                    <LinearRing>
                      <coordinates>7.47810665524113,46.974528046030414,526.2913835555318 7.47810665524113,46.974528046030414,586.3213835555317 7.477086559435827,46.974528046030414,586.3213835555317 7.477086559435827,46.974528046030414,526.2913835555318</coordinates>
                    </LinearRing>
                  </outerBoundaryIs>
                </Polygon>
              </MultiGeometry>
            </Placemark>
          </Folder>
          <Folder>
            <name>E83: uss1 interuss.automated_testing.flight_planning.v1.UpsertFlightPlan</name>
            <Folder>
              <name>Activity Rejected, flight Planned</name>
              <Placemark>
                <name>Volume 0</name>
                <styleUrl>#Planned_Nominal</styleUrl>
                <TimeSpan>
                  <begin>2026-09-01T16:12:43.248003+00:00</begin>
                  <end>2026-09-01T16:57:44.248003+00:00</end>
                </TimeSpan>
                <MultiGeometry>
                  <Polygon>
                    <altitudeMode>absolute</altitudeMode>
                    <outerBoundaryIs>
                      <LinearRing>
                        <coordinates>7.47745236483637,46.97460350254155,526.2915485664236 7.477477314286158,46.974903019151576,526.2915485664236 7.478062605790899,46.974880319566886,526.2915485664236 7.47810665524113,46.974528046030414,526.2915485664236</coordinates>
                      </LinearRing>
                    </outerBoundaryIs>
                  </Polygon>
                  <Polygon>
                    <altitudeMode>absolute</altitudeMode>
                    <outerBoundaryIs>
                      <LinearRing>
                        <coordinates>7.47745236483637,46.97460350254155,586.3215485664235 7.477477314286158,46.974903019151576,586.3215485664235 7.478062605790899,46.974880319566886,586.3215485664235 7.47810665524113,46.974528046030414,586.3215485664235</coordinates>
                      </LinearRing>
                    </outerBoundaryIs>
                  </Polygon>
                  <Polygon>
                    <altitudeMode>absolute</altitudeMode>
                    <outerBoundaryIs>
                      <LinearRing>
                        <coordinates>7.47745236483637,46.97460350254155,526.2915485664236 7.47745236483637,46.97460350254155,586.3215485664235 7.477477314286158,46.974903019151576,586.3215485664235 7.477477314286158,46.974903019151576,526.2915485664236</coordinates>
                      </LinearRing>
                    </outerBoundaryIs>
                  </Polygon>
                  <Polygon>
                    <altitudeMode>absolute</altitudeMode>
                    <outerBoundaryIs>
                      <LinearRing>
                        <coordinates>7.477477314286158,46.974903019151576,526.2915485664236 7.477477314286158,46.974903019151576,586.3215485664235 7.478062605790899,46.974880319566886,586.3215485664235 7.478062605790899,46.974880319566886,526.2915485664236</coordinates>
                      </LinearRing>
                    </outerBoundaryIs>
                  </Polygon>
                  <Polygon>
                    <altitudeMode>absolute</altitudeMode>
                    <outerBoundaryIs>
                      <LinearRing>
                        <coordinates>7.478062605790899,46.974880319566886,526.2915485664236 7.478062605790899,46.974880319566886,586.3215485664235 7.47810665524113,46.974528046030414,586.3215485664235 7.47810665524113,46.974528046030414,526.2915485664236</coordinates>
                      </LinearRing>
                    </outerBoundaryIs>
                  </Polygon>
                  <Polygon>
                    <altitudeMode>absolute</altitudeMode>
                    <outerBoundaryIs>
                      <LinearRing>
                        <coordinates>7.47810665524113,46.974528046030414,526.2915485664236 7.47810665524113,46.974528046030414,586.3215485664235 7.47745236483637,46.97460350254155,586.3215485664235 7.47745236483637,46.97460350254155,526.2915485664236</coordinates>
                      </LinearRing>
                    </outerBoundaryIs>
                  </Polygon>
                </MultiGeometry>
              </Placemark>
            </Folder>
          </Folder>
          <Folder>
            <name>E86: uss1 astm.f3548.v21.dss.queryOperationalIntentReferences</name>
            <Placemark>
              <name>area_of_interest</name>
              <styleUrl>#QueryArea</styleUrl>
              <description><![CDATA[<ul><li>uss2's Accepted c47d6bfa-1def-4247-a3ea-b8be746a199c[1]</li><li>uss1's Accepted ffd29027-69e6-4a6d-b6e8-08e05bea4684[1]</li></ul>]]></description>
              <TimeSpan>
                <begin>2026-09-01T16:12:43.248003+00:00</begin>
                <end>2026-09-01T16:57:44.248003+00:00</end>
              </TimeSpan>
              <MultiGeometry>
                <Polygon>
                  <altitudeMode>absolute</altitudeMode>
                  <outerBoundaryIs>
                    <LinearRing>
                      <coordinates>7.477086559435827,46.974528046030414,526.2913835555318 7.477086559435827,46.97491720487753,526.2913835555318 7.47810665524113,46.97491720487753,526.2913835555318 7.47810665524113,46.974528046030414,526.2913835555318</coordinates>
                    </LinearRing>
                  </outerBoundaryIs>
                </Polygon>
                <Polygon>
                  <altitudeMode>absolute</altitudeMode>
                  <outerBoundaryIs>
                    <LinearRing>
                      <coordinates>7.477086559435827,46.974528046030414,586.3213835555317 7.477086559435827,46.97491720487753,586.3213835555317 7.47810665524113,46.97491720487753,586.3213835555317 7.47810665524113,46.974528046030414,586.3213835555317</coordinates>
                    </LinearRing>
                  </outerBoundaryIs>
                </Polygon>
                <Polygon>
                  <altitudeMode>absolute</altitudeMode>
                  <outerBoundaryIs>
                    <LinearRing>
                      <coordinates>7.477086559435827,46.974528046030414,526.2913835555318 7.477086559435827,46.974528046030414,586.3213835555317 7.477086559435827,46.97491720487753,586.3213835555317 7.477086559435827,46.97491720487753,526.2913835555318</coordinates>
                    </LinearRing>
                  </outerBoundaryIs>
                </Polygon>
                <Polygon>
                  <altitudeMode>absolute</altitudeMode>
                  <outerBoundaryIs>
                    <LinearRing>
                      <coordinates>7.477086559435827,46.97491720487753,526.2913835555318 7.477086559435827,46.97491720487753,586.3213835555317 7.47810665524113,46.97491720487753,586.3213835555317 7.47810665524113,46.97491720487753,526.2913835555318</coordinates>
                    </LinearRing>
                  </outerBoundaryIs>
                </Polygon>
                <Polygon>
                  <altitudeMode>absolute</altitudeMode>
                  <outerBoundaryIs>
                    <LinearRing>
                      <coordinates>7.47810665524113,46.97491720487753,526.2913835555318 7.47810665524113,46.97491720487753,586.3213835555317 7.47810665524113,46.974528046030414,586.3213835555317 7.47810665524113,46.974528046030414,526.2913835555318</coordinates>
                    </LinearRing>
                  </outerBoundaryIs>
                </Polygon>
                <Polygon>
                  <altitudeMode>absolute</altitudeMode>
                  <outerBoundaryIs>
                    <LinearRing>
                      <coordinates>7.47810665524113,46.974528046030414,526.2913835555318 7.47810665524113,46.974528046030414,586.3213835555317 7.477086559435827,46.974528046030414,586.3213835555317 7.477086559435827,46.974528046030414,526.2913835555318</coordinates>
                    </LinearRing>
                  </outerBoundaryIs>
                </Polygon>
              </MultiGeometry>
            </Placemark>
          </Folder>
          <Folder>
            <name>E90: uss1 astm.f3548.v21.uss.getOperationalIntentDetails</name>
            <Folder>
              <name>uss1's P0 Accepted ffd29027-69e6-4a6d-b6e8-08e05bea4684[1] @ u--PM.yToWkD6AEd89bXSxa6HNntG9g5MPu1A7iKp5w_</name>
              <Placemark>
                <name>Nominal volume 0</name>
                <styleUrl>#F3548v21Accepted</styleUrl>
                <TimeSpan>
                  <begin>2026-09-01T16:12:43.976941+00:00</begin>
                  <end>2026-09-01T16:57:43.955551+00:00</end>
                </TimeSpan>
                <MultiGeometry>
                  <Polygon>
                    <altitudeMode>absolute</altitudeMode>
                    <outerBoundaryIs>
                      <LinearRing>
                        <coordinates>7.477086559435827,46.97461768818806,556.3313946064567 7.4771115068433796,46.97491720487753,556.3313946064567 7.478062605790899,46.974880319566886,556.3313946064567 7.47810665524113,46.974528046030414,556.3313946064567</coordinates>
                      </LinearRing>
                    </outerBoundaryIs>
                  </Polygon>
                  <Polygon>
                    <altitudeMode>absolute</altitudeMode>
                    <outerBoundaryIs>
                      <LinearRing>
                        <coordinates>7.477086559435827,46.97461768818806,586.3213946064567 7.4771115068433796,46.97491720487753,586.3213946064567 7.478062605790899,46.974880319566886,586.3213946064567 7.47810665524113,46.974528046030414,586.3213946064567</coordinates>
                      </LinearRing>
                    </outerBoundaryIs>
                  </Polygon>
                  <Polygon>
                    <altitudeMode>absolute</altitudeMode>
                    <outerBoundaryIs>
                      <LinearRing>
                        <coordinates>7.477086559435827,46.97461768818806,556.3313946064567 7.477086559435827,46.97461768818806,586.3213946064567 7.4771115068433796,46.97491720487753,586.3213946064567 7.4771115068433796,46.97491720487753,556.3313946064567</coordinates>
                      </LinearRing>
                    </outerBoundaryIs>
                  </Polygon>
                  <Polygon>
                    <altitudeMode>absolute</altitudeMode>
                    <outerBoundaryIs>
                      <LinearRing>
                        <coordinates>7.4771115068433796,46.97491720487753,556.3313946064567 7.4771115068433796,46.97491720487753,586.3213946064567 7.478062605790899,46.974880319566886,586.3213946064567 7.478062605790899,46.974880319566886,556.3313946064567</coordinates>
                      </LinearRing>
                    </outerBoundaryIs>
                  </Polygon>
                  <Polygon>
                    <altitudeMode>absolute</altitudeMode>
                    <outerBoundaryIs>
                      <LinearRing>
                        <coordinates>7.478062605790899,46.974880319566886,556.3313946064567 7.478062605790899,46.974880319566886,586.3213946064567 7.47810665524113,46.974528046030414,586.3213946064567 7.47810665524113,46.974528046030414,556.3313946064567</coordinates>
                      </LinearRing>
                    </outerBoundaryIs>
                  </Polygon>
                  <Polygon>
                    <altitudeMode>absolute</altitudeMode>
                    <outerBoundaryIs>
                      <LinearRing>
                        <coordinates>7.47810665524113,46.974528046030414,556.3313946064567 7.47810665524113,46.974528046030414,586.3213946064567 7.477086559435827,46.97461768818806,586.3213946064567 7.477086559435827,46.97461768818806,556.3313946064567</coordinates>
                      </LinearRing>
                    </outerBoundaryIs>
                  </Polygon>
                </MultiGeometry>
              </Placemark>
            </Folder>
          </Folder>
        </Folder>
      </Folder>
      <Folder>
        <name>Attempt to activate flight in conflict</name>
        <Folder>
          <name>Attempt to activate conflicting Flight 1</name>
          <Folder>
            <name>E99: uss1 astm.f3548.v21.dss.queryOperationalIntentReferences</name>
            <Placemark>
              <name>area_of_interest</name>
              <styleUrl>#QueryArea</styleUrl>
              <description><![CDATA[<ul><li>uss2's Accepted c47d6bfa-1def-4247-a3ea-b8be746a199c[1]</li><li>uss1's Accepted ffd29027-69e6-4a6d-b6e8-08e05bea4684[1]</li></ul>]]></description>
              <TimeSpan>
                <begin>2026-09-01T16:12:43.351759+00:00</begin>
                <end>2026-09-01T16:57:44.351759+00:00</end>
              </TimeSpan>
              <MultiGeometry>
                <Polygon>
                  <altitudeMode>absolute</altitudeMode>
                  <outerBoundaryIs>
                    <LinearRing>
                      <coordinates>7.477086559435827,46.974528046030414,556.3313835555317 7.477086559435827,46.97491720487753,556.3313835555317 7.47810665524113,46.97491720487753,556.3313835555317 7.47810665524113,46.974528046030414,556.3313835555317</coordinates>
                    </LinearRing>
                  </outerBoundaryIs>
                </Polygon>
                <Polygon>
                  <altitudeMode>absolute</altitudeMode>
                  <outerBoundaryIs>
                    <LinearRing>
                      <coordinates>7.477086559435827,46.974528046030414,586.3213835555317 7.477086559435827,46.97491720487753,586.3213835555317 7.47810665524113,46.97491720487753,586.3213835555317 7.47810665524113,46.974528046030414,586.3213835555317</coordinates>
                    </LinearRing>
                  </outerBoundaryIs>
                </Polygon>
                <Polygon>
                  <altitudeMode>absolute</altitudeMode>
                  <outerBoundaryIs>
                    <LinearRing>
                      <coordinates>7.477086559435827,46.974528046030414,556.3313835555317 7.477086559435827,46.974528046030414,586.3213835555317 7.477086559435827,46.97491720487753,586.3213835555317 7.477086559435827,46.97491720487753,556.3313835555317</coordinates>
                    </LinearRing>
                  </outerBoundaryIs>
                </Polygon>
                <Polygon>
                  <altitudeMode>absolute</altitudeMode>
                  <outerBoundaryIs>
                    <LinearRing>
                      <coordinates>7.477086559435827,46.97491720487753,556.3313835555317 7.477086559435827,46.97491720487753,586.3213835555317 7.47810665524113,46.97491720487753,586.3213835555317 7.47810665524113,46.97491720487753,556.3313835555317</coordinates>
                    </LinearRing>
                  </outerBoundaryIs>
                </Polygon>
                <Polygon>
                  <altitudeMode>absolute</altitudeMode>
                  <outerBoundaryIs>
                    <LinearRing>
                      <coordinates>7.47810665524113,46.97491720487753,556.3313835555317 7.47810665524113,46.97491720487753,586.3213835555317 7.47810665524113,46.974528046030414,586.3213835555317 7.47810665524113,46.974528046030414,556.3313835555317</coordinates>
                    </LinearRing>
                  </outerBoundaryIs>
                </Polygon>
                <Polygon>
                  <altitudeMode>absolute</altitudeMode>
                  <outerBoundaryIs>
                    <LinearRing>
                      <coordinates>7.47810665524113,46.974528046030414,556.3313835555317 7.47810665524113,46.974528046030414,586.3213835555317 7.477086559435827,46.974528046030414,586.3213835555317 7.477086559435827,46.974528046030414,556.3313835555317</coordinates>
                    </LinearRing>
                  </outerBoundaryIs>
                </Polygon>
              </MultiGeometry>
            </Placemark>
          </Folder>
          <Folder>
            <name>E101: uss1 interuss.automated_testing.flight_planning.v1.UpsertFlightPlan</name>
            <Folder>
              <name>Activity Rejected, flight Planned</name>
              <Placemark>
                <name>Volume 0</name>
                <styleUrl>#InUse_Nominal</styleUrl>
                <TimeSpan>
                  <begin>2026-09-01T16:12:43.351759+00:00</begin>
                  <end>2026-09-01T16:57:44.351759+00:00</end>
                </TimeSpan>
                <MultiGeometry>
                  <Polygon>
                    <altitudeMode>absolute</altitudeMode>
                    <outerBoundaryIs>
                      <LinearRing>
                        <coordinates>7.477086559435827,46.97461768818806,556.3413946064567 7.4771115068433796,46.97491720487753,556.3413946064567 7.478062605790899,46.974880319566886,556.3413946064567 7.47810665524113,46.974528046030414,556.3413946064567</coordinates>
                      </LinearRing>
                    </outerBoundaryIs>
                  </Polygon>
                  <Polygon>
                    <altitudeMode>absolute</altitudeMode>
                    <outerBoundaryIs>
                      <LinearRing>
                        <coordinates>7.477086559435827,46.97461768818806,586.3213946064567 7.4771115068433796,46.97491720487753,586.3213946064567 7.478062605790899,46.974880319566886,586.3213946064567 7.47810665524113,46.974528046030414,586.3213946064567</coordinates>
                      </LinearRing>
                    </outerBoundaryIs>
                  </Polygon>
                  <Polygon>
                    <altitudeMode>absolute</altitudeMode>
                    <outerBoundaryIs>
                      <LinearRing>
                        <coordinates>7.477086559435827,46.97461768818806,556.3413946064567 7.477086559435827,46.97461768818806,586.3213946064567 7.4771115068433796,46.97491720487753,586.3213946064567 7.4771115068433796,46.97491720487753,556.3413946064567</coordinates>
                      </LinearRing>
                    </outerBoundaryIs>
                  </Polygon>
                  <Polygon>
                    <altitudeMode>absolute</altitudeMode>
                    <outerBoundaryIs>
                      <LinearRing>
                        <coordinates>7.4771115068433796,46.97491720487753,556.3413946064567 7.4771115068433796,46.97491720487753,586.3213946064567 7.478062605790899,46.974880319566886,586.3213946064567 7.478062605790899,46.974880319566886,556.3413946064567</coordinates>
                      </LinearRing>
                    </outerBoundaryIs>
                  </Polygon>
                  <Polygon>
                    <altitudeMode>absolute</altitudeMode>
                    <outerBoundaryIs>
                      <LinearRing>
                        <coordinates>7.478062605790899,46.974880319566886,556.3413946064567 7.478062605790899,46.974880319566886,586.3213946064567 7.47810665524113,46.974528046030414,586.3213946064567 7.47810665524113,46.974528046030414,556.3413946064567</coordinates>
                      </LinearRing>
                    </outerBoundaryIs>
                  </Polygon>
                  <Polygon>
                    <altitudeMode>absolute</altitudeMode>
                    <outerBoundaryIs>
                      <LinearRing>
                        <coordinates>7.47810665524113,46.974528046030414,556.3413946064567 7.47810665524113,46.974528046030414,586.3213946064567 7.477086559435827,46.97461768818806,586.3213946064567 7.477086559435827,46.97461768818806,556.3413946064567</coordinates>
                      </LinearRing>
                    </outerBoundaryIs>
                  </Polygon>
                </MultiGeometry>
              </Placemark>
            </Folder>
          </Folder>
          <Folder>
            <name>E104: uss1 astm.f3548.v21.dss.queryOperationalIntentReferences</name>
            <Placemark>
              <name>area_of_interest</name>
              <styleUrl>#QueryArea</styleUrl>
              <description><![CDATA[<ul><li>uss2's Accepted c47d6bfa-1def-4247-a3ea-b8be746a199c[1]</li><li>uss1's Accepted ffd29027-69e6-4a6d-b6e8-08e05bea4684[1]</li></ul>]]></description>
              <TimeSpan>
                <begin>2026-09-01T16:12:43.351759+00:00</begin>
                <end>2026-09-01T16:57:44.351759+00:00</end>
              </TimeSpan>
              <MultiGeometry>
                <Polygon>
                  <altitudeMode>absolute</altitudeMode>
                  <outerBoundaryIs>
                    <LinearRing>
                      <coordinates>7.477086559435827,46.974528046030414,556.3313835555317 7.477086559435827,46.97491720487753,556.3313835555317 7.47810665524113,46.97491720487753,556.3313835555317 7.47810665524113,46.974528046030414,556.3313835555317</coordinates>
                    </LinearRing>
                  </outerBoundaryIs>
                </Polygon>
                <Polygon>
                  <altitudeMode>absolute</altitudeMode>
                  <outerBoundaryIs>
                    <LinearRing>
                      <coordinates>7.477086559435827,46.974528046030414,586.3213835555317 7.477086559435827,46.97491720487753,586.3213835555317 7.47810665524113,46.97491720487753,586.3213835555317 7.47810665524113,46.974528046030414,586.3213835555317</coordinates>
                    </LinearRing>
                  </outerBoundaryIs>
                </Polygon>
                <Polygon>
                  <altitudeMode>absolute</altitudeMode>
                  <outerBoundaryIs>
                    <LinearRing>
                      <coordinates>7.477086559435827,46.974528046030414,556.3313835555317 7.477086559435827,46.974528046030414,586.3213835555317 7.477086559435827,46.97491720487753,586.3213835555317 7.477086559435827,46.97491720487753,556.3313835555317</coordinates>
                    </LinearRing>
                  </outerBoundaryIs>
                </Polygon>
                <Polygon>
                  <altitudeMode>absolute</altitudeMode>
                  <outerBoundaryIs>
                    <LinearRing>
                      <coordinates>7.477086559435827,46.97491720487753,556.3313835555317 7.477086559435827,46.97491720487753,586.3213835555317 7.47810665524113,46.97491720487753,586.3213835555317 7.47810665524113,46.97491720487753,556.3313835555317</coordinates>
                    </LinearRing>
                  </outerBoundaryIs>
                </Polygon>
                <Polygon>
                  <altitudeMode>absolute</altitudeMode>
                  <outerBoundaryIs>
                    <LinearRing>
                      <coordinates>7.47810665524113,46.97491720487753,556.3313835555317 7.47810665524113,46.97491720487753,586.3213835555317 7.47810665524113,46.974528046030414,586.3213835555317 7.47810665524113,46.974528046030414,556.3313835555317</coordinates>
                    </LinearRing>
                  </outerBoundaryIs>
                </Polygon>
                <Polygon>
                  <altitudeMode>absolute</altitudeMode>
                  <outerBoundaryIs>
                    <LinearRing>
                      <coordinates>7.47810665524113,46.974528046030414,556.3313835555317 7.47810665524113,46.974528046030414,586.3213835555317 7.477086559435827,46.974528046030414,586.3213835555317 7.477086559435827,46.974528046030414,556.3313835555317</coordinates>
                    </LinearRing>
                  </outerBoundaryIs>
                </Polygon>
              </MultiGeometry>
            </Placemark>
          </Folder>
          <Folder>
            <name>E108: uss1 astm.f3548.v21.uss.getOperationalIntentDetails</name>
            <Folder>
              <name>uss1's P0 Accepted ffd29027-69e6-4a6d-b6e8-08e05bea4684[1] @ u--PM.yToWkD6AEd89bXSxa6HNntG9g5MPu1A7iKp5w_</name>
              <Placemark>
                <name>Nominal volume 0</name>
                <styleUrl>#F3548v21Accepted</styleUrl>
                <TimeSpan>
                  <begin>2026-09-01T16:12:43.976941+00:00</begin>
                  <end>2026-09-01T16:57:43.955551+00:00</end>
                </TimeSpan>
                <MultiGeometry>
                  <Polygon>
                    <altitudeMode>absolute</altitudeMode>
                    <outerBoundaryIs>
                      <LinearRing>
                        <coordinates>7.477086559435827,46.97461768818806,556.3313946064567 7.4771115068433796,46.97491720487753,556.3313946064567 7.478062605790899,46.974880319566886,556.3313946064567 7.47810665524113,46.974528046030414,556.3313946064567</coordinates>
                      </LinearRing>
                    </outerBoundaryIs>
                  </Polygon>
                  <Polygon>
                    <altitudeMode>absolute</altitudeMode>
                    <outerBoundaryIs>
                      <LinearRing>
                        <coordinates>7.477086559435827,46.97461768818806,586.3213946064567 7.4771115068433796,46.97491720487753,586.3213946064567 7.478062605790899,46.974880319566886,586.3213946064567 7.47810665524113,46.974528046030414,586.3213946064567</coordinates>
                      </LinearRing>
                    </outerBoundaryIs>
                  </Polygon>
                  <Polygon>
                    <altitudeMode>absolute</altitudeMode>
                    <outerBoundaryIs>
                      <LinearRing>
                        <coordinates>7.477086559435827,46.97461768818806,556.3313946064567 7.477086559435827,46.97461768818806,586.3213946064567 7.4771115068433796,46.97491720487753,586.3213946064567 7.4771115068433796,46.97491720487753,556.3313946064567</coordinates>
                      </LinearRing>
                    </outerBoundaryIs>
                  </Polygon>
                  <Polygon>
                    <altitudeMode>absolute</altitudeMode>
                    <outerBoundaryIs>
                      <LinearRing>
                        <coordinates>7.4771115068433796,46.97491720487753,556.3313946064567 7.4771115068433796,46.97491720487753,586.3213946064567 7.478062605790899,46.974880319566886,586.3213946064567 7.478062605790899,46.974880319566886,556.3313946064567</coordinates>
                      </LinearRing>
                    </outerBoundaryIs>
                  </Polygon>
                  <Polygon>
                    <altitudeMode>absolute</altitudeMode>
                    <outerBoundaryIs>
                      <LinearRing>
                        <coordinates>7.478062605790899,46.974880319566886,556.3313946064567 7.478062605790899,46.974880319566886,586.3213946064567 7.47810665524113,46.974528046030414,586.3213946064567 7.47810665524113,46.974528046030414,556.3313946064567</coordinates>
                      </LinearRing>
                    </outerBoundaryIs>
                  </Polygon>
                  <Polygon>
                    <altitudeMode>absolute</altitudeMode>
                    <outerBoundaryIs>
                      <LinearRing>
                        <coordinates>7.47810665524113,46.974528046030414,556.3313946064567 7.47810665524113,46.974528046030414,586.3213946064567 7.477086559435827,46.97461768818806,586.3213946064567 7.477086559435827,46.97461768818806,556.3313946064567</coordinates>
                      </LinearRing>
                    </outerBoundaryIs>
                  </Polygon>
                </MultiGeometry>
              </Placemark>
            </Folder>
          </Folder>
        </Folder>
      </Folder>
      <Folder>
        <name>Modify activated flight with pre-existing conflict</name>
        <Folder>
          <name>Delete Flight 2</name>
        </Folder>
        <Folder>
          <name>Activate Flight 1</name>
          <Folder>
            <name>E119: uss1 astm.f3548.v21.dss.queryOperationalIntentReferences</name>
            <Placemark>
              <name>area_of_interest</name>
              <styleUrl>#QueryArea</styleUrl>
              <description><![CDATA[<ul><li>uss1's Accepted ffd29027-69e6-4a6d-b6e8-08e05bea4684[1]</li></ul>]]></description>
              <TimeSpan>
                <begin>2026-09-01T16:12:43.505778+00:00</begin>
                <end>2026-09-01T16:57:44.505778+00:00</end>
              </TimeSpan>
              <MultiGeometry>
                <Polygon>
                  <altitudeMode>absolute</altitudeMode>
                  <outerBoundaryIs>
                    <LinearRing>
                      <coordinates>7.477086559435827,46.974528046030414,556.3413835555317 7.477086559435827,46.97491720487753,556.3413835555317 7.47810665524113,46.97491720487753,556.3413835555317 7.47810665524113,46.974528046030414,556.3413835555317</coordinates>
                    </LinearRing>
                  </outerBoundaryIs>
                </Polygon>
                <Polygon>
                  <altitudeMode>absolute</altitudeMode>
                  <outerBoundaryIs>
                    <LinearRing>
                      <coordinates>7.477086559435827,46.974528046030414,586.3213835555317 7.477086559435827,46.97491720487753,586.3213835555317 7.47810665524113,46.97491720487753,586.3213835555317 7.47810665524113,46.974528046030414,586.3213835555317</coordinates>
                    </LinearRing>
                  </outerBoundaryIs>
                </Polygon>
                <Polygon>
                  <altitudeMode>absolute</altitudeMode>
                  <outerBoundaryIs>
                    <LinearRing>
                      <coordinates>7.477086559435827,46.974528046030414,556.3413835555317 7.477086559435827,46.974528046030414,586.3213835555317 7.477086559435827,46.97491720487753,586.3213835555317 7.477086559435827,46.97491720487753,556.3413835555317</coordinates>
                    </LinearRing>
                  </outerBoundaryIs>
                </Polygon>
                <Polygon>
                  <altitudeMode>absolute</altitudeMode>
                  <outerBoundaryIs>
                    <LinearRing>
                      <coordinates>7.477086559435827,46.97491720487753,556.3413835555317 7.477086559435827,46.97491720487753,586.3213835555317 7.47810665524113,46.97491720487753,586.3213835555317 7.47810665524113,46.97491720487753,556.3413835555317</coordinates>
                    </LinearRing>
                  </outerBoundaryIs>
                </Polygon>
                <Polygon>
                  <altitudeMode>absolute</altitudeMode>
                  <outerBoundaryIs>
                    <LinearRing>
                      <coordinates>7.47810665524113,46.97491720487753,556.3413835555317 7.47810665524113,46.97491720487753,586.3213835555317 7.47810665524113,46.974528046030414,586.3213835555317 7.47810665524113,46.974528046030414,556.3413835555317</coordinates>
                    </LinearRing>
                  </outerBoundaryIs>
                </Polygon>
                <Polygon>
                  <altitudeMode>absolute</altitudeMode>
                  <outerBoundaryIs>
                    <LinearRing>
                      <coordinates>7.47810665524113,46.974528046030414,556.3413835555317 7.47810665524113,46.974528046030414,586.3213835555317 7.477086559435827,46.974528046030414,586.3213835555317 7.477086559435827,46.974528046030414,556.3413835555317</coordinates>
                    </LinearRing>
                  </outerBoundaryIs>
                </Polygon>
              </MultiGeometry>
            </Placemark>
          </Folder>
          <Folder>
            <name>E121: uss1 interuss.automated_testing.flight_planning.v1.UpsertFlightPlan</name>
            <Folder>
              <name>Activity Completed, flight OkToFly</name>
              <Placemark>
                <name>Volume 0</name>
                <styleUrl>#InUse_Nominal</styleUrl>
                <TimeSpan>
                  <begin>2026-09-01T16:12:43.505778+00:00</begin>
                  <end>2026-09-01T16:57:44.505778+00:00</end>
                </TimeSpan>
                <MultiGeometry>
                  <Polygon>
                    <altitudeMode>absolute</altitudeMode>
                    <outerBoundaryIs>
                      <LinearRing>
                        <coordinates>7.477086559435827,46.97461768818806,556.3413946064567 7.4771115068433796,46.97491720487753,556.3413946064567 7.478062605790899,46.974880319566886,556.3413946064567 7.47810665524113,46.974528046030414,556.3413946064567</coordinates>
                      </LinearRing>
                    </outerBoundaryIs>
                  </Polygon>
                  <Polygon>
                    <altitudeMode>absolute</altitudeMode>
                    <outerBoundaryIs>
                      <LinearRing>
                        <coordinates>7.477086559435827,46.97461768818806,586.3213946064567 7.4771115068433796,46.97491720487753,586.3213946064567 7.478062605790899,46.974880319566886,586.3213946064567 7.47810665524113,46.974528046030414,586.3213946064567</coordinates>
                      </LinearRing>
                    </outerBoundaryIs>
                  </Polygon>
                  <Polygon>
                    <altitudeMode>absolute</altitudeMode>
                    <outerBoundaryIs>
                      <LinearRing>
                        <coordinates>7.477086559435827,46.97461768818806,556.3413946064567 7.477086559435827,46.97461768818806,586.3213946064567 7.4771115068433796,46.97491720487753,586.3213946064567 7.4771115068433796,46.97491720487753,556.3413946064567</coordinates>
                      </LinearRing>
                    </outerBoundaryIs>
                  </Polygon>
                  <Polygon>
                    <altitudeMode>absolute</altitudeMode>
                    <outerBoundaryIs>
                      <LinearRing>
                        <coordinates>7.4771115068433796,46.97491720487753,556.3413946064567 7.4771115068433796,46.97491720487753,586.3213946064567 7.478062605790899,46.974880319566886,586.3213946064567 7.478062605790899,46.974880319566886,556.3413946064567</coordinates>
                      </LinearRing>
                    </outerBoundaryIs>
                  </Polygon>
                  <Polygon>
                    <altitudeMode>absolute</altitudeMode>
                    <outerBoundaryIs>
                      <LinearRing>
                        <coordinates>7.478062605790899,46.974880319566886,556.3413946064567 7.478062605790899,46.974880319566886,586.3213946064567 7.47810665524113,46.974528046030414,586.3213946064567 7.47810665524113,46.974528046030414,556.3413946064567</coordinates>
                      </LinearRing>
                    </outerBoundaryIs>
                  </Polygon>
                  <Polygon>
                    <altitudeMode>absolute</altitudeMode>
                    <outerBoundaryIs>
                      <LinearRing>
                        <coordinates>7.47810665524113,46.974528046030414,556.3413946064567 7.47810665524113,46.974528046030414,586.3213946064567 7.477086559435827,46.97461768818806,586.3213946064567 7.477086559435827,46.97461768818806,556.3413946064567</coordinates>
                      </LinearRing>
                    </outerBoundaryIs>
                  </Polygon>
                </MultiGeometry>
              </Placemark>
            </Folder>
          </Folder>
          <Folder>
            <name>E125: uss1 astm.f3548.v21.dss.queryOperationalIntentReferences</name>
            <Placemark>
              <name>area_of_interest</name>
              <styleUrl>#QueryArea</styleUrl>
              <description><![CDATA[<ul><li>uss1's Activated ffd29027-69e6-4a6d-b6e8-08e05bea4684[2]</li></ul>]]></description>
              <TimeSpan>
                <begin>2026-09-01T16:12:43.505778+00:00</begin>
                <end>2026-09-01T16:57:44.505778+00:00</end>
              </TimeSpan>
              <MultiGeometry>
                <Polygon>
                  <altitudeMode>absolute</altitudeMode>
                  <outerBoundaryIs>
                    <LinearRing>
                      <coordinates>7.477086559435827,46.974528046030414,556.3413835555317 7.477086559435827,46.97491720487753,556.3413835555317 7.47810665524113,46.97491720487753,556.3413835555317 7.47810665524113,46.974528046030414,556.3413835555317</coordinates>
                    </LinearRing>
                  </outerBoundaryIs>
                </Polygon>
                <Polygon>
                  <altitudeMode>absolute</altitudeMode>
                  <outerBoundaryIs>
                    <LinearRing>
                      <coordinates>7.477086559435827,46.974528046030414,586.3213835555317 7.477086559435827,46.97491720487753,586.3213835555317 7.47810665524113,46.97491720487753,586.3213835555317 7.47810665524113,46.974528046030414,586.3213835555317</coordinates>
                    </LinearRing>
                  </outerBoundaryIs>
                </Polygon>
                <Polygon>
                  <altitudeMode>absolute</altitudeMode>
                  <outerBoundaryIs>
                    <LinearRing>
                      <coordinates>7.477086559435827,46.974528046030414,556.3413835555317 7.477086559435827,46.974528046030414,586.3213835555317 7.477086559435827,46.97491720487753,586.3213835555317 7.477086559435827,46.97491720487753,556.3413835555317</coordinates>
                    </LinearRing>
                  </outerBoundaryIs>
                </Polygon>
                <Polygon>
                  <altitudeMode>absolute</altitudeMode>
                  <outerBoundaryIs>
                    <LinearRing>
                      <coordinates>7.477086559435827,46.97491720487753,556.3413835555317 7.477086559435827,46.97491720487753,586.3213835555317 7.47810665524113,46.97491720487753,586.3213835555317 7.47810665524113,46.97491720487753,556.3413835555317</coordinates>
                    </LinearRing>
                  </outerBoundaryIs>
                </Polygon>
                <Polygon>
                  <altitudeMode>absolute</altitudeMode>
                  <outerBoundaryIs>
                    <LinearRing>
                      <coordinates>7.47810665524113,46.97491720487753,556.3413835555317 7.47810665524113,46.97491720487753,586.3213835555317 7.47810665524113,46.974528046030414,586.3213835555317 7.47810665524113,46.974528046030414,556.3413835555317</coordinates>
                    </LinearRing>
                  </outerBoundaryIs>
                </Polygon>
                <Polygon>
                  <altitudeMode>absolute</altitudeMode>
                  <outerBoundaryIs>
                    <LinearRing>
                      <coordinates>7.47810665524113,46.974528046030414,556.3413835555317 7.47810665524113,46.974528046030414,586.3213835555317 7.477086559435827,46.974528046030414,586.3213835555317 7.477086559435827,46.974528046030414,556.3413835555317</coordinates>
                    </LinearRing>
                  </outerBoundaryIs>
                </Polygon>
              </MultiGeometry>
            </Placemark>
          </Folder>
          <Folder>
            <name>E130: uss1 astm.f3548.v21.uss.getOperationalIntentDetails</name>
            <Folder>
              <name>uss1's P0 Activated ffd29027-69e6-4a6d-b6e8-08e05bea4684[2] @ hmXZILDm6iE65N2KIRT3xVx78ihHPoR8KuQdkfPhj38_</name>
              <Placemark>
                <name>Nominal volume 0</name>
                <styleUrl>#F3548v21Activated</styleUrl>
                <TimeSpan>
                  <begin>2026-09-01T16:12:44.532942+00:00</begin>
                  <end>2026-09-01T16:57:44.505778+00:00</end>
                </TimeSpan>
                <MultiGeometry>
                  <Polygon>
                    <altitudeMode>absolute</altitudeMode>
                    <outerBoundaryIs>
                      <LinearRing>
                        <coordinates>7.477086559435827,46.97461768818806,556.3413946064567 7.4771115068433796,46.97491720487753,556.3413946064567 7.478062605790899,46.974880319566886,556.3413946064567 7.47810665524113,46.974528046030414,556.3413946064567</coordinates>
                      </LinearRing>
                    </outerBoundaryIs>
                  </Polygon>
                  <Polygon>
                    <altitudeMode>absolute</altitudeMode>
                    <outerBoundaryIs>
                      <LinearRing>
                        <coordinates>7.477086559435827,46.97461768818806,586.3213946064567 7.4771115068433796,46.97491720487753,586.3213946064567 7.478062605790899,46.974880319566886,586.3213946064567 7.47810665524113,46.974528046030414,586.3213946064567</coordinates>
                      </LinearRing>
                    </outerBoundaryIs>
                  </Polygon>
                  <Polygon>
                    <altitudeMode>absolute</altitudeMode>
                    <outerBoundaryIs>
                      <LinearRing>
                        <coordinates>7.477086559435827,46.97461768818806,556.3413946064567 7.477086559435827,46.97461768818806,586.3213946064567 7.4771115068433796,46.97491720487753,586.3213946064567 7.4771115068433796,46.97491720487753,556.3413946064567</coordinates>
                      </LinearRing>
                    </outerBoundaryIs>
                  </Polygon>
                  <Polygon>
                    <altitudeMode>absolute</altitudeMode>
                    <outerBoundaryIs>
                      <LinearRing>
                        <coordinates>7.4771115068433796,46.97491720487753,556.3413946064567 7.4771115068433796,46.97491720487753,586.3213946064567 7.478062605790899,46.974880319566886,586.3213946064567 7.478062605790899,46.974880319566886,556.3413946064567</coordinates>
                      </LinearRing>
                    </outerBoundaryIs>
                  </Polygon>
                  <Polygon>
                    <altitudeMode>absolute</altitudeMode>
                    <outerBoundaryIs>
                      <LinearRing>
                        <coordinates>7.478062605790899,46.974880319566886,556.3413946064567 7.478062605790899,46.974880319566886,586.3213946064567 7.47810665524113,46.974528046030414,586.3213946064567 7.47810665524113,46.974528046030414,556.3413946064567</coordinates>
                      </LinearRing>
                    </outerBoundaryIs>
                  </Polygon>
                  <Polygon>
                    <altitudeMode>absolute</altitudeMode>
                    <outerBoundaryIs>
                      <LinearRing>
                        <coordinates>7.47810665524113,46.974528046030414,556.3413946064567 7.47810665524113,46.974528046030414,586.3213946064567 7.477086559435827,46.97461768818806,586.3213946064567 7.477086559435827,46.97461768818806,556.3413946064567</coordinates>
                      </LinearRing>
                    </outerBoundaryIs>
                  </Polygon>
                </MultiGeometry>
              </Placemark>
            </Folder>
          </Folder>
        </Folder>
        <Folder>
          <name>Plan Flight 2</name>
          <Folder>
            <name>E139: uss1 astm.f3548.v21.dss.queryOperationalIntentReferences</name>
            <Placemark>
              <name>area_of_interest</name>
              <styleUrl>#QueryArea</styleUrl>
              <description><![CDATA[<ul><li>uss1's Activated ffd29027-69e6-4a6d-b6e8-08e05bea4684[2]</li></ul>]]></description>
              <TimeSpan>
                <begin>2026-09-01T16:12:43.656342+00:00</begin>
                <end>2026-09-01T16:57:44.656342+00:00</end>
              </TimeSpan>
              <MultiGeometry>
                <Polygon>
                  <altitudeMode>absolute</altitudeMode>
                  <outerBoundaryIs>
                    <LinearRing>
                      <coordinates>7.477046661060006,46.97455925749912,555.2513975997226 7.477046661060006,46.97530804909576,555.2513975997226 7.477627795613881,46.97530804909576,555.2513975997226 7.477627795613881,46.97455925749912,555.2513975997226</coordinates>
                    </LinearRing>
                  </outerBoundaryIs>
                </Polygon>
                <Polygon>
                  <altitudeMode>absolute</altitudeMode>
                  <outerBoundaryIs>
                    <LinearRing>
                      <coordinates>7.477046661060006,46.97455925749912,584.3213975997227 7.477046661060006,46.97530804909576,584.3213975997227 7.477627795613881,46.97530804909576,584.3213975997227 7.477627795613881,46.97455925749912,584.3213975997227</coordinates>
                    </LinearRing>
                  </outerBoundaryIs>
                </Polygon>
                <Polygon>
                  <altitudeMode>absolute</altitudeMode>
                  <outerBoundaryIs>
                    <LinearRing>
                      <coordinates>7.477046661060006,46.97455925749912,555.2513975997226 7.477046661060006,46.97455925749912,584.3213975997227 7.477046661060006,46.97530804909576,584.3213975997227 7.477046661060006,46.97530804909576,555.2513975997226</coordinates>
                    </LinearRing>
                  </outerBoundaryIs>
                </Polygon>
                <Polygon>
                  <altitudeMode>absolute</altitudeMode>
                  <outerBoundaryIs>
                    <LinearRing>
                      <coordinates>7.477046661060006,46.97530804909576,555.2513975997226 7.477046661060006,46.97530804909576,584.3213975997227 7.477627795613881,46.97530804909576,584.3213975997227 7.477627795613881,46.97530804909576,555.2513975997226</coordinates>
                    </LinearRing>
                  </outerBoundaryIs>
                </Polygon>
                <Polygon>
                  <altitudeMode>absolute</altitudeMode>
                  <outerBoundaryIs>
                    <LinearRing>
                      <coordinates>7.477627795613881,46.97530804909576,555.2513975997226 7.477627795613881,46.97530804909576,584.3213975997227 7.477627795613881,46.97455925749912,584.3213975997227 7.477627795613881,46.97455925749912,555.2513975997226</coordinates>
                    </LinearRing>
                  </outerBoundaryIs>
                </Polygon>
                <Polygon>
                  <altitudeMode>absolute</altitudeMode>
                  <outerBoundaryIs>
                    <LinearRing>
                      <coordinates>7.477627795613881,46.97455925749912,555.2513975997226 7.477627795613881,46.97455925749912,584.3213975997227 7.477046661060006,46.97455925749912,584.3213975997227 7.477046661060006,46.97455925749912,555.2513975997226</coordinates>
                    </LinearRing>
                  </outerBoundaryIs>
                </Polygon>
              </MultiGeometry>
            </Placemark>
          </Folder>
          <Folder>
            <name>E145: uss1 astm.f3548.v21.dss.queryOperationalIntentReferences</name>
            <Placemark>
              <name>area_of_interest</name>
              <styleUrl>#QueryArea</styleUrl>
              <description><![CDATA[<ul><li>uss2's Accepted 7d8813c5-d18e-43ef-b111-6ce05fbcd7b2[1]</li><li>uss1's Activated ffd29027-69e6-4a6d-b6e8-08e05bea4684[2]</li></ul>]]></description>
              <TimeSpan>
                <begin>2026-09-01T16:12:43.656342+00:00</begin>
                <end>2026-09-01T16:57:44.656342+00:00</end>
              </TimeSpan>
              <MultiGeometry>
                <Polygon>
                  <altitudeMode>absolute</altitudeMode>
                  <outerBoundaryIs>
                    <LinearRing>
                      <coordinates>7.477046661060006,46.97455925749912,555.2513975997226 7.477046661060006,46.97530804909576,555.2513975997226 7.477627795613881,46.97530804909576,555.2513975997226 7.477627795613881,46.97455925749912,555.2513975997226</coordinates>
                    </LinearRing>
                  </outerBoundaryIs>
                </Polygon>
                <Polygon>
                  <altitudeMode>absolute</altitudeMode>
                  <outerBoundaryIs>
                    <LinearRing>
                      <coordinates>7.477046661060006,46.97455925749912,584.3213975997227 7.477046661060006,46.97530804909576,584.3213975997227 7.477627795613881,46.97530804909576,584.3213975997227 7.477627795613881,46.97455925749912,584.3213975997227</coordinates>
                    </LinearRing>
                  </outerBoundaryIs>
                </Polygon>
                <Polygon>
                  <altitudeMode>absolute</altitudeMode>
                  <outerBoundaryIs>
                    <LinearRing>
                      <coordinates>7.477046661060006,46.97455925749912,555.2513975997226 7.477046661060006,46.97455925749912,584.3213975997227 7.477046661060006,46.97530804909576,584.3213975997227 7.477046661060006,46.97530804909576,555.2513975997226</coordinates>
                    </LinearRing>
                  </outerBoundaryIs>
                </Polygon>
                <Polygon>
                  <altitudeMode>absolute</altitudeMode>
                  <outerBoundaryIs>
                    <LinearRing>
                      <coordinates>7.477046661060006,46.97530804909576,555.2513975997226 7.477046661060006,46.97530804909576,584.3213975997227 7.477627795613881,46.97530804909576,584.3213975997227 7.477627795613881,46.97530804909576,555.2513975997226</coordinates>
                    </LinearRing>
                  </outerBoundaryIs>
                </Polygon>
                <Polygon>
                  <altitudeMode>absolute</altitudeMode>
                  <outerBoundaryIs>
                    <LinearRing>
                      <coordinates>7.477627795613881,46.97530804909576,555.2513975997226 7.477627795613881,46.97530804909576,584.3213975997227 7.477627795613881,46.97455925749912,584.3213975997227 7.477627795613881,46.97455925749912,555.2513975997226</coordinates>
                    </LinearRing>
                  </outerBoundaryIs>
                </Polygon>
                <Polygon>
                  <altitudeMode>absolute</altitudeMode>
                  <outerBoundaryIs>
                    <LinearRing>
                      <coordinates>7.477627795613881,46.97455925749912,555.2513975997226 7.477627795613881,46.97455925749912,584.3213975997227 7.477046661060006,46.97455925749912,584.3213975997227 7.477046661060006,46.97455925749912,555.2513975997226</coordinates>
                    </LinearRing>
                  </outerBoundaryIs>
                </Polygon>
              </MultiGeometry>
            </Placemark>
          </Folder>
          <Folder>
            <name>E149: uss2 astm.f3548.v21.uss.getOperationalIntentDetails</name>
            <Folder>
              <name>uss2's P100 Accepted 7d8813c5-d18e-43ef-b111-6ce05fbcd7b2[1] @ WhOaNmVQuLbST-Aq8NJf57BCtJmCUyC5AmhkDsJCF8g_</name>
              <Placemark>
                <name>Nominal volume 0</name>
                <styleUrl>#F3548v21Accepted</styleUrl>
                <TimeSpan>
                  <begin>2026-09-01T16:12:44.679858+00:00</begin>
                  <end>2026-09-01T16:57:44.656342+00:00</end>
                </TimeSpan>
                <MultiGeometry>
                  <Polygon>
                    <altitudeMode>absolute</altitudeMode>
                    <outerBoundaryIs>
                      <LinearRing>
                        <coordinates>7.477046661060006,46.97501988078352,555.2514246078914 7.477301884621132,46.97455925749912,555.2514246078914 7.477627795613881,46.97494726396419,555.2514246078914 7.477364256610934,46.97530804909575,555.2514246078914</coordinates>
                      </LinearRing>
                    </outerBoundaryIs>
                  </Polygon>
                  <Polygon>
                    <altitudeMode>absolute</altitudeMode>
                    <outerBoundaryIs>
                      <LinearRing>
                        <coordinates>7.477046661060006,46.97501988078352,584.3214246078915 7.477301884621132,46.97455925749912,584.3214246078915 7.477627795613881,46.97494726396419,584.3214246078915 7.477364256610934,46.97530804909575,584.3214246078915</coordinates>
                      </LinearRing>
                    </outerBoundaryIs>
                  </Polygon>
                  <Polygon>
                    <altitudeMode>absolute</altitudeMode>
                    <outerBoundaryIs>
                      <LinearRing>
                        <coordinates>7.477046661060006,46.97501988078352,555.2514246078914 7.477046661060006,46.97501988078352,584.3214246078915 7.477301884621132,46.97455925749912,584.3214246078915 7.477301884621132,46.97455925749912,555.2514246078914</coordinates>
                      </LinearRing>
                    </outerBoundaryIs>
                  </Polygon>
                  <Polygon>
                    <altitudeMode>absolute</altitudeMode>
                    <outerBoundaryIs>
                      <LinearRing>
                        <coordinates>7.477301884621132,46.97455925749912,555.2514246078914 7.477301884621132,46.97455925749912,584.3214246078915 7.477627795613881,46.97494726396419,584.3214246078915 7.477627795613881,46.97494726396419,555.2514246078914</coordinates>
                      </LinearRing>
                    </outerBoundaryIs>
                  </Polygon>
                  <Polygon>
                    <altitudeMode>absolute</altitudeMode>
                    <outerBoundaryIs>
                      <LinearRing>
                        <coordinates>7.477627795613881,46.97494726396419,555.2514246078914 7.477627795613881,46.97494726396419,584.3214246078915 7.477364256610934,46.97530804909575,584.3214246078915 7.477364256610934,46.97530804909575,555.2514246078914</coordinates>
                      </LinearRing>
                    </outerBoundaryIs>
                  </Polygon>
                  <Polygon>
                    <altitudeMode>absolute</altitudeMode>
                    <outerBoundaryIs>
                      <LinearRing>
                        <coordinates>7.477364256610934,46.97530804909575,555.2514246078914 7.477364256610934,46.97530804909575,584.3214246078915 7.477046661060006,46.97501988078352,584.3214246078915 7.477046661060006,46.97501988078352,555.2514246078914</coordinates>
                      </LinearRing>
                    </outerBoundaryIs>
                  </Polygon>
                </MultiGeometry>
              </Placemark>
            </Folder>
          </Folder>
        </Folder>
        <Folder>
          <name>Activate Flight 2</name>
          <Folder>
            <name>E162: uss1 astm.f3548.v21.dss.queryOperationalIntentReferences</name>
            <Placemark>
              <name>area_of_interest</name>
              <styleUrl>#QueryArea</styleUrl>
              <description><![CDATA[<ul><li>uss2's Accepted 7d8813c5-d18e-43ef-b111-6ce05fbcd7b2[1]</li><li>uss1's Activated ffd29027-69e6-4a6d-b6e8-08e05bea4684[2]</li></ul>]]></description>
              <TimeSpan>
                <begin>2026-09-01T16:12:43.821976+00:00</begin>
                <end>2026-09-01T16:57:44.821976+00:00</end>
              </TimeSpan>
              <MultiGeometry>
                <Polygon>
                  <altitudeMode>absolute</altitudeMode>
                  <outerBoundaryIs>
                    <LinearRing>
                      <coordinates>7.477046661060006,46.97455925749912,556.4013975997227 7.477046661060006,46.97530804909576,556.4013975997227 7.477627795613881,46.97530804909576,556.4013975997227 7.477627795613881,46.97455925749912,556.4013975997227</coordinates>
                    </LinearRing>
                  </outerBoundaryIs>
                </Polygon>
                <Polygon>
                  <altitudeMode>absolute</altitudeMode>
                  <outerBoundaryIs>
                    <LinearRing>
                      <coordinates>7.477046661060006,46.97455925749912,584.3213975997227 7.477046661060006,46.97530804909576,584.3213975997227 7.477627795613881,46.97530804909576,584.3213975997227 7.477627795613881,46.97455925749912,584.3213975997227</coordinates>
                    </LinearRing>
                  </outerBoundaryIs>
                </Polygon>
                <Polygon>
                  <altitudeMode>absolute</altitudeMode>
                  <outerBoundaryIs>
                    <LinearRing>
                      <coordinates>7.477046661060006,46.97455925749912,556.4013975997227 7.477046661060006,46.97455925749912,584.3213975997227 7.477046661060006,46.97530804909576,584.3213975997227 7.477046661060006,46.97530804909576,556.4013975997227</coordinates>
                    </LinearRing>
                  </outerBoundaryIs>
                </Polygon>
                <Polygon>
                  <altitudeMode>absolute</altitudeMode>
                  <outerBoundaryIs>
                    <LinearRing>
                      <coordinates>7.477046661060006,46.97530804909576,556.4013975997227 7.477046661060006,46.97530804909576,584.3213975997227 7.477627795613881,46.97530804909576,584.3213975997227 7.477627795613881,46.97530804909576,556.4013975997227</coordinates>
                    </LinearRing>
                  </outerBoundaryIs>
                </Polygon>
                <Polygon>
                  <altitudeMode>absolute</altitudeMode>
                  <outerBoundaryIs>
                    <LinearRing>
                      <coordinates>7.477627795613881,46.97530804909576,556.4013975997227 7.477627795613881,46.97530804909576,584.3213975997227 7.477627795613881,46.97455925749912,584.3213975997227 7.477627795613881,46.97455925749912,556.4013975997227</coordinates>
                    </LinearRing>
                  </outerBoundaryIs>
                </Polygon>
                <Polygon>
                  <altitudeMode>absolute</altitudeMode>
                  <outerBoundaryIs>
                    <LinearRing>
                      <coordinates>7.477627795613881,46.97455925749912,556.4013975997227 7.477627795613881,46.97455925749912,584.3213975997227 7.477046661060006,46.97455925749912,584.3213975997227 7.477046661060006,46.97455925749912,556.4013975997227</coordinates>
                    </LinearRing>
                  </outerBoundaryIs>
                </Polygon>
              </MultiGeometry>
            </Placemark>
          </Folder>
          <Folder>
            <name>E168: uss1 astm.f3548.v21.dss.queryOperationalIntentReferences</name>
            <Placemark>
              <name>area_of_interest</name>
              <styleUrl>#QueryArea</styleUrl>
              <description><![CDATA[<ul><li>uss2's Activated 7d8813c5-d18e-43ef-b111-6ce05fbcd7b2[2]</li><li>uss1's Activated ffd29027-69e6-4a6d-b6e8-08e05bea4684[2]</li></ul>]]></description>
              <TimeSpan>
                <begin>2026-09-01T16:12:43.821976+00:00</begin>
                <end>2026-09-01T16:57:44.821976+00:00</end>
              </TimeSpan>
              <MultiGeometry>
                <Polygon>
                  <altitudeMode>absolute</altitudeMode>
                  <outerBoundaryIs>
                    <LinearRing>
                      <coordinates>7.477046661060006,46.97455925749912,556.4013975997227 7.477046661060006,46.97530804909576,556.4013975997227 7.477627795613881,46.97530804909576,556.4013975997227 7.477627795613881,46.97455925749912,556.4013975997227</coordinates>
                    </LinearRing>
                  </outerBoundaryIs>
                </Polygon>
                <Polygon>
                  <altitudeMode>absolute</altitudeMode>
                  <outerBoundaryIs>
                    <LinearRing>
                      <coordinates>7.477046661060006,46.97455925749912,584.3213975997227 7.477046661060006,46.97530804909576,584.3213975997227 7.477627795613881,46.97530804909576,584.3213975997227 7.477627795613881,46.97455925749912,584.3213975997227</coordinates>
                    </LinearRing>
                  </outerBoundaryIs>
                </Polygon>
                <Polygon>
                  <altitudeMode>absolute</altitudeMode>
                  <outerBoundaryIs>
                    <LinearRing>
                      <coordinates>7.477046661060006,46.97455925749912,556.4013975997227 7.477046661060006,46.97455925749912,584.3213975997227 7.477046661060006,46.97530804909576,584.3213975997227 7.477046661060006,46.97530804909576,556.4013975997227</coordinates>
                    </LinearRing>
                  </outerBoundaryIs>
                </Polygon>
                <Polygon>
                  <altitudeMode>absolute</altitudeMode>
                  <outerBoundaryIs>
                    <LinearRing>
                      <coordinates>7.477046661060006,46.97530804909576,556.4013975997227 7.477046661060006,46.97530804909576,584.3213975997227 7.477627795613881,46.97530804909576,584.3213975997227 7.477627795613881,46.97530804909576,556.4013975997227</coordinates>
                    </LinearRing>
                  </outerBoundaryIs>
                </Polygon>
                <Polygon>
                  <altitudeMode>absolute</altitudeMode>
                  <outerBoundaryIs>
                    <LinearRing>
                      <coordinates>7.477627795613881,46.97530804909576,556.4013975997227 7.477627795613881,46.97530804909576,584.3213975997227 7.477627795613881,46.97455925749912,584.3213975997227 7.477627795613881,46.97455925749912,556.4013975997227</coordinates>
                    </LinearRing>
                  </outerBoundaryIs>
                </Polygon>
                <Polygon>
                  <altitudeMode>absolute</altitudeMode>
                  <outerBoundaryIs>
                    <LinearRing>
                      <coordinates>7.477627795613881,46.97455925749912,556.4013975997227 7.477627795613881,46.97455925749912,584.3213975997227 7.477046661060006,46.97455925749912,584.3213975997227 7.477046661060006,46.97455925749912,556.4013975997227</coordinates>
                    </LinearRing>
                  </outerBoundaryIs>
                </Polygon>
              </MultiGeometry>
            </Placemark>
          </Folder>
          <Folder>
            <name>E173: uss2 astm.f3548.v21.uss.getOperationalIntentDetails</name>
            <Folder>
              <name>uss2's P100 Activated 7d8813c5-d18e-43ef-b111-6ce05fbcd7b2[2] @ KGEtDRlItiRpz6dLaMu-BWEOGJnoGR0slfYaVRl0SiM_</name>
              <Placemark>
                <name>Nominal volume 0</name>
                <styleUrl>#F3548v21Activated</styleUrl>
                <TimeSpan>
                  <begin>2026-09-01T16:12:44.848199+00:00</begin>
                  <end>2026-09-01T16:57:44.821976+00:00</end>
                </TimeSpan>
                <MultiGeometry>
                  <Polygon>
                    <altitudeMode>absolute</altitudeMode>
                    <outerBoundaryIs>
                      <LinearRing>
                        <coordinates>7.477046661060006,46.97501988078352,556.4014246078915 7.477301884621132,46.97455925749912,556.4014246078915 7.477627795613881,46.97494726396419,556.4014246078915 7.477364256610934,46.97530804909575,556.4014246078915</coordinates>
                      </LinearRing>
                    </outerBoundaryIs>
                  </Polygon>
                  <Polygon>
                    <altitudeMode>absolute</altitudeMode>
                    <outerBoundaryIs>
                      <LinearRing>
                        <coordinates>7.477046661060006,46.97501988078352,584.3214246078915 7.477301884621132,46.97455925749912,584.3214246078915 7.477627795613881,46.97494726396419,584.3214246078915 7.477364256610934,46.97530804909575,584.3214246078915</coordinates>
                      </LinearRing>
                    </outerBoundaryIs>
                  </Polygon>
                  <Polygon>
                    <altitudeMode>absolute</altitudeMode>
                    <outerBoundaryIs>
                      <LinearRing>
                        <coordinates>7.477046661060006,46.97501988078352,556.4014246078915 7.477046661060006,46.97501988078352,584.3214246078915 7.477301884621132,46.97455925749912,584.3214246078915 7.477301884621132,46.97455925749912,556.4014246078915</coordinates>
                      </LinearRing>
                    </outerBoundaryIs>
                  </Polygon>
                  <Polygon>
                    <altitudeMode>absolute</altitudeMode>
                    <outerBoundaryIs>
                      <LinearRing>
                        <coordinates>7.477301884621132,46.97455925749912,556.4014246078915 7.477301884621132,46.97455925749912,584.3214246078915 7.477627795613881,46.97494726396419,584.3214246078915 7.477627795613881,46.97494726396419,556.4014246078915</coordinates>
                      </LinearRing>
                    </outerBoundaryIs>
                  </Polygon>
                  <Polygon>
                    <altitudeMode>absolute</altitudeMode>
                    <outerBoundaryIs>
                      <LinearRing>
                        <coordinates>7.477627795613881,46.97494726396419,556.4014246078915 7.477627795613881,46.97494726396419,584.3214246078915 7.477364256610934,46.97530804909575,584.3214246078915 7.477364256610934,46.97530804909575,556.4014246078915</coordinates>
                      </LinearRing>
                    </outerBoundaryIs>
                  </Polygon>
                  <Polygon>
                    <altitudeMode>absolute</altitudeMode>
                    <outerBoundaryIs>
                      <LinearRing>
                        <coordinates>7.477364256610934,46.97530804909575,556.4014246078915 7.477364256610934,46.97530804909575,584.3214246078915 7.477046661060006,46.97501988078352,584.3214246078915 7.477046661060006,46.97501988078352,556.4014246078915</coordinates>
                      </LinearRing>
                    </outerBoundaryIs>
                  </Polygon>
                </MultiGeometry>
              </Placemark>
            </Folder>
          </Folder>
        </Folder>
        <Folder>
          <name>Check for conflict notifications</name>
        </Folder>
        <Folder>
          <name>Modify activated Flight 1 in conflict with activated Flight 2</name>
          <Folder>
            <name>E186: uss1 astm.f3548.v21.dss.queryOperationalIntentReferences</name>
            <Placemark>
              <name>area_of_interest</name>
              <styleUrl>#QueryArea</styleUrl>
              <description><![CDATA[<ul><li>uss2's Activated 7d8813c5-d18e-43ef-b111-6ce05fbcd7b2[2]</li><li>uss1's Activated ffd29027-69e6-4a6d-b6e8-08e05bea4684[2]</li></ul>]]></description>
              <TimeSpan>
                <begin>2026-09-01T16:12:43.991071+00:00</begin>
                <end>2026-09-01T16:57:44.991071+00:00</end>
              </TimeSpan>
              <MultiGeometry>
                <Polygon>
                  <altitudeMode>absolute</altitudeMode>
                  <outerBoundaryIs>
                    <LinearRing>
                      <coordinates>7.477086559435827,46.974528046030414,526.2713835555318 7.477086559435827,46.97491720487753,526.2713835555318 7.47810665524113,46.97491720487753,526.2713835555318 7.47810665524113,46.974528046030414,526.2713835555318</coordinates>
                    </LinearRing>
                  </outerBoundaryIs>
                </Polygon>
                <Polygon>
                  <altitudeMode>absolute</altitudeMode>
                  <outerBoundaryIs>
                    <LinearRing>
                      <coordinates>7.477086559435827,46.974528046030414,586.3213835555317 7.477086559435827,46.97491720487753,586.3213835555317 7.47810665524113,46.97491720487753,586.3213835555317 7.47810665524113,46.974528046030414,586.3213835555317</coordinates>
                    </LinearRing>
                  </outerBoundaryIs>
                </Polygon>
                <Polygon>
                  <altitudeMode>absolute</altitudeMode>
                  <outerBoundaryIs>
                    <LinearRing>
                      <coordinates>7.477086559435827,46.974528046030414,526.2713835555318 7.477086559435827,46.974528046030414,586.3213835555317 7.477086559435827,46.97491720487753,586.3213835555317 7.477086559435827,46.97491720487753,526.2713835555318</coordinates>
                    </LinearRing>
                  </outerBoundaryIs>
                </Polygon>
                <Polygon>
                  <altitudeMode>absolute</altitudeMode>
                  <outerBoundaryIs>
                    <LinearRing>
                      <coordinates>7.477086559435827,46.97491720487753,526.2713835555318 7.477086559435827,46.97491720487753,586.3213835555317 7.47810665524113,46.97491720487753,586.3213835555317 7.47810665524113,46.97491720487753,526.2713835555318</coordinates>
                    </LinearRing>
                  </outerBoundaryIs>
                </Polygon>
                <Polygon>
                  <altitudeMode>absolute</altitudeMode>
                  <outerBoundaryIs>
                    <LinearRing>
                      <coordinates>7.47810665524113,46.97491720487753,526.2713835555318 7.47810665524113,46.97491720487753,586.3213835555317 7.47810665524113,46.974528046030414,586.3213835555317 7.47810665524113,46.974528046030414,526.2713835555318</coordinates>
                    </LinearRing>
                  </outerBoundaryIs>
                </Polygon>
                <Polygon>
                  <altitudeMode>absolute</altitudeMode>
                  <outerBoundaryIs>
                    <LinearRing>
                      <coordinates>7.47810665524113,46.974528046030414,526.2713835555318 7.47810665524113,46.974528046030414,586.3213835555317 7.477086559435827,46.974528046030414,586.3213835555317 7.477086559435827,46.974528046030414,526.2713835555318</coordinates>
                    </LinearRing>
                  </outerBoundaryIs>
                </Polygon>
              </MultiGeometry>
            </Placemark>
          </Folder>
          <Folder>
            <name>E188: uss1 interuss.automated_testing.flight_planning.v1.UpsertFlightPlan</name>
            <Folder>
              <name>Activity Completed, flight OkToFly</name>
              <Placemark>
                <name>Volume 0</name>
                <styleUrl>#InUse_Nominal</styleUrl>
                <TimeSpan>
                  <begin>2026-09-01T16:12:43.991071+00:00</begin>
                  <end>2026-09-01T16:57:44.991071+00:00</end>
                </TimeSpan>
                <MultiGeometry>
                  <Polygon>
                    <altitudeMode>absolute</altitudeMode>
                    <outerBoundaryIs>
                      <LinearRing>
                        <coordinates>7.47745236483637,46.97460350254155,526.2715485664236 7.477477314286158,46.974903019151576,526.2715485664236 7.478062605790899,46.974880319566886,526.2715485664236 7.47810665524113,46.974528046030414,526.2715485664236</coordinates>
                      </LinearRing>
                    </outerBoundaryIs>
                  </Polygon>
                  <Polygon>
                    <altitudeMode>absolute</altitudeMode>
                    <outerBoundaryIs>
                      <LinearRing>
                        <coordinates>7.47745236483637,46.97460350254155,586.3215485664235 7.477477314286158,46.974903019151576,586.3215485664235 7.478062605790899,46.974880319566886,586.3215485664235 7.47810665524113,46.974528046030414,586.3215485664235</coordinates>
                      </LinearRing>
                    </outerBoundaryIs>
                  </Polygon>
                  <Polygon>
                    <altitudeMode>absolute</altitudeMode>
                    <outerBoundaryIs>
                      <LinearRing>
                        <coordinates>7.47745236483637,46.97460350254155,526.2715485664236 7.47745236483637,46.97460350254155,586.3215485664235 7.477477314286158,46.974903019151576,586.3215485664235 7.477477314286158,46.974903019151576,526.2715485664236</coordinates>
                      </LinearRing>
                    </outerBoundaryIs>
                  </Polygon>
                  <Polygon>
                    <altitudeMode>absolute</altitudeMode>
                    <outerBoundaryIs>
                      <LinearRing>
                        <coordinates>7.477477314286158,46.974903019151576,526.2715485664236 7.477477314286158,46.974903019151576,586.3215485664235 7.478062605790899,46.974880319566886,586.3215485664235 7.478062605790899,46.974880319566886,526.2715485664236</coordinates>
                      </LinearRing>
                    </outerBoundaryIs>
                  </Polygon>
                  <Polygon>
                    <altitudeMode>absolute</altitudeMode>
                    <outerBoundaryIs>
                      <LinearRing>
                        <coordinates>7.478062605790899,46.974880319566886,526.2715485664236 7.478062605790899,46.974880319566886,586.3215485664235 7.47810665524113,46.974528046030414,586.3215485664235 7.47810665524113,46.974528046030414,526.2715485664236</coordinates>
                      </LinearRing>
                    </outerBoundaryIs>
                  </Polygon>
                  <Polygon>
                    <altitudeMode>absolute</altitudeMode>
                    <outerBoundaryIs>
                      <LinearRing>
                        <coordinates>7.47810665524113,46.974528046030414,526.2715485664236 7.47810665524113,46.974528046030414,586.3215485664235 7.47745236483637,46.97460350254155,586.3215485664235 7.47745236483637,46.97460350254155,526.2715485664236</coordinates>
                      </LinearRing>
                    </outerBoundaryIs>
                  </Polygon>
                </MultiGeometry>
              </Placemark>
            </Folder>
          </Folder>
          <Folder>
            <name>E193: uss1 astm.f3548.v21.dss.queryOperationalIntentReferences</name>
            <Placemark>
              <name>area_of_interest</name>
              <styleUrl>#QueryArea</styleUrl>
              <description><![CDATA[<ul><li>uss2's Activated 7d8813c5-d18e-43ef-b111-6ce05fbcd7b2[2]</li><li>uss1's Activated ffd29027-69e6-4a6d-b6e8-08e05bea4684[3]</li></ul>]]></description>
              <TimeSpan>
                <begin>2026-09-01T16:12:43.991071+00:00</begin>
                <end>2026-09-01T16:57:44.991071+00:00</end>
              </TimeSpan>
              <MultiGeometry>
                <Polygon>
                  <altitudeMode>absolute</altitudeMode>
                  <outerBoundaryIs>
                    <LinearRing>
                      <coordinates>7.477086559435827,46.974528046030414,526.2713835555318 7.477086559435827,46.97491720487753,526.2713835555318 7.47810665524113,46.97491720487753,526.2713835555318 7.47810665524113,46.974528046030414,526.2713835555318</coordinates>
                    </LinearRing>
                  </outerBoundaryIs>
                </Polygon>
                <Polygon>
                  <altitudeMode>absolute</altitudeMode>
                  <outerBoundaryIs>
                    <LinearRing>
                      <coordinates>7.477086559435827,46.974528046030414,586.3213835555317 7.477086559435827,46.97491720487753,586.3213835555317 7.47810665524113,46.97491720487753,586.3213835555317 7.47810665524113,46.974528046030414,586.3213835555317</coordinates>
                    </LinearRing>
                  </outerBoundaryIs>
                </Polygon>
                <Polygon>
                  <altitudeMode>absolute</altitudeMode>
                  <outerBoundaryIs>
                    <LinearRing>
                      <coordinates>7.477086559435827,46.974528046030414,526.2713835555318 7.477086559435827,46.974528046030414,586.3213835555317 7.477086559435827,46.97491720487753,586.3213835555317 7.477086559435827,46.97491720487753,526.2713835555318</coordinates>
                    </LinearRing>
                  </outerBoundaryIs>
                </Polygon>
                <Polygon>
                  <altitudeMode>absolute</altitudeMode>
                  <outerBoundaryIs>
                    <LinearRing>
                      <coordinates>7.477086559435827,46.97491720487753,526.2713835555318 7.477086559435827,46.97491720487753,586.3213835555317 7.47810665524113,46.97491720487753,586.3213835555317 7.47810665524113,46.97491720487753,526.2713835555318</coordinates>
                    </LinearRing>
                  </outerBoundaryIs>
                </Polygon>
                <Polygon>
                  <altitudeMode>absolute</altitudeMode>
                  <outerBoundaryIs>
                    <LinearRing>
                      <coordinates>7.47810665524113,46.97491720487753,526.2713835555318 7.47810665524113,46.97491720487753,586.3213835555317 7.47810665524113,46.974528046030414,586.3213835555317 7.47810665524113,46.974528046030414,526.2713835555318</coordinates>
                    </LinearRing>
                  </outerBoundaryIs>
                </Polygon>
                <Polygon>
                  <altitudeMode>absolute</altitudeMode>
                  <outerBoundaryIs>
                    <LinearRing>
                      <coordinates>7.47810665524113,46.974528046030414,526.2713835555318 7.47810665524113,46.974528046030414,586.3213835555317 7.477086559435827,46.974528046030414,586.3213835555317 7.477086559435827,46.974528046030414,526.2713835555318</coordinates>
                    </LinearRing>
                  </outerBoundaryIs>
                </Polygon>
              </MultiGeometry>
            </Placemark>
          </Folder>
          <Folder>
            <name>E198: uss1 astm.f3548.v21.uss.getOperationalIntentDetails</name>
            <Folder>
              <name>uss1's P0 Activated ffd29027-69e6-4a6d-b6e8-08e05bea4684[3] @ O9SY75.S9dynkzaHOgZyw9iEibvPNS0kextgiUH.r.o_</name>
              <Placemark>
                <name>Nominal volume 0</name>
                <styleUrl>#F3548v21Activated</styleUrl>
                <TimeSpan>
                  <begin>2026-09-01T16:12:45.021139+00:00</begin>
                  <end>2026-09-01T16:57:44.991071+00:00</end>
                </TimeSpan>
                <MultiGeometry>
                  <Polygon>
                    <altitudeMode>absolute</altitudeMode>
                    <outerBoundaryIs>
                      <LinearRing>
                        <coordinates>7.47745236483637,46.97460350254155,526.2715485664236 7.477477314286158,46.974903019151576,526.2715485664236 7.478062605790899,46.974880319566886,526.2715485664236 7.47810665524113,46.974528046030414,526.2715485664236</coordinates>
                      </LinearRing>
                    </outerBoundaryIs>
                  </Polygon>
                  <Polygon>
                    <altitudeMode>absolute</altitudeMode>
                    <outerBoundaryIs>
                      <LinearRing>
                        <coordinates>7.47745236483637,46.97460350254155,586.3215485664235 7.477477314286158,46.974903019151576,586.3215485664235 7.478062605790899,46.974880319566886,586.3215485664235 7.47810665524113,46.974528046030414,586.3215485664235</coordinates>
                      </LinearRing>
                    </outerBoundaryIs>
                  </Polygon>
                  <Polygon>
                    <altitudeMode>absolute</altitudeMode>
                    <outerBoundaryIs>
                      <LinearRing>
                        <coordinates>7.47745236483637,46.97460350254155,526.2715485664236 7.47745236483637,46.97460350254155,586.3215485664235 7.477477314286158,46.974903019151576,586.3215485664235 7.477477314286158,46.974903019151576,526.2715485664236</coordinates>
                      </LinearRing>
                    </outerBoundaryIs>
                  </Polygon>
                  <Polygon>
                    <altitudeMode>absolute</altitudeMode>
                    <outerBoundaryIs>
                      <LinearRing>
                        <coordinates>7.477477314286158,46.974903019151576,526.2715485664236 7.477477314286158,46.974903019151576,586.3215485664235 7.478062605790899,46.974880319566886,586.3215485664235 7.478062605790899,46.974880319566886,526.2715485664236</coordinates>
                      </LinearRing>
                    </outerBoundaryIs>
                  </Polygon>
                  <Polygon>
                    <altitudeMode>absolute</altitudeMode>
                    <outerBoundaryIs>
                      <LinearRing>
                        <coordinates>7.478062605790899,46.974880319566886,526.2715485664236 7.478062605790899,46.974880319566886,586.3215485664235 7.47810665524113,46.974528046030414,586.3215485664235 7.47810665524113,46.974528046030414,526.2715485664236</coordinates>
                      </LinearRing>
                    </outerBoundaryIs>
                  </Polygon>
                  <Polygon>
                    <altitudeMode>absolute</altitudeMode>
                    <outerBoundaryIs>
                      <LinearRing>
                        <coordinates>7.47810665524113,46.974528046030414,526.2715485664236 7.47810665524113,46.974528046030414,586.3215485664235 7.47745236483637,46.97460350254155,586.3215485664235 7.47745236483637,46.97460350254155,526.2715485664236</coordinates>
                      </LinearRing>
                    </outerBoundaryIs>
                  </Polygon>
                </MultiGeometry>
              </Placemark>
            </Folder>
          </Folder>
        </Folder>
      </Folder>
      <Folder>
        <name>Attempt to modify activated flight into conflict</name>
        <Folder>
          <name>Modify activated Flight 2 to not conflict with activated Flight 1</name>
          <Folder>
            <name>E207: uss1 astm.f3548.v21.dss.queryOperationalIntentReferences</name>
            <Placemark>
              <name>area_of_interest</name>
              <styleUrl>#QueryArea</styleUrl>
              <description><![CDATA[<ul><li>uss2's Activated 7d8813c5-d18e-43ef-b111-6ce05fbcd7b2[2]</li><li>uss1's Activated ffd29027-69e6-4a6d-b6e8-08e05bea4684[3]</li></ul>]]></description>
              <TimeSpan>
                <begin>2026-09-01T16:12:44.179108+00:00</begin>
                <end>2026-09-01T16:57:45.179108+00:00</end>
              </TimeSpan>
              <MultiGeometry>
                <Polygon>
                  <altitudeMode>absolute</altitudeMode>
                  <outerBoundaryIs>
                    <LinearRing>
                      <coordinates>7.477046661060006,46.97493591416124,553.2317453140104 7.477046661060006,46.97530804909576,553.2317453140104 7.477920441638552,46.97530804909576,553.2317453140104 7.477920441638552,46.97493591416124,553.2317453140104</coordinates>
                    </LinearRing>
                  </outerBoundaryIs>
                </Polygon>
                <Polygon>
                  <altitudeMode>absolute</altitudeMode>
                  <outerBoundaryIs>
                    <LinearRing>
                      <coordinates>7.477046661060006,46.97493591416124,606.3217453140104 7.477046661060006,46.97530804909576,606.3217453140104 7.477920441638552,46.97530804909576,606.3217453140104 7.477920441638552,46.97493591416124,606.3217453140104</coordinates>
                    </LinearRing>
                  </outerBoundaryIs>
                </Polygon>
                <Polygon>
                  <altitudeMode>absolute</altitudeMode>
                  <outerBoundaryIs>
                    <LinearRing>
                      <coordinates>7.477046661060006,46.97493591416124,553.2317453140104 7.477046661060006,46.97493591416124,606.3217453140104 7.477046661060006,46.97530804909576,606.3217453140104 7.477046661060006,46.97530804909576,553.2317453140104</coordinates>
                    </LinearRing>
                  </outerBoundaryIs>
                </Polygon>
                <Polygon>
                  <altitudeMode>absolute</altitudeMode>
                  <outerBoundaryIs>
                    <LinearRing>
                      <coordinates>7.477046661060006,46.97530804909576,553.2317453140104 7.477046661060006,46.97530804909576,606.3217453140104 7.477920441638552,46.97530804909576,606.3217453140104 7.477920441638552,46.97530804909576,553.2317453140104</coordinates>
                    </LinearRing>
                  </outerBoundaryIs>
                </Polygon>
                <Polygon>
                  <altitudeMode>absolute</altitudeMode>
                  <outerBoundaryIs>
                    <LinearRing>
                      <coordinates>7.477920441638552,46.97530804909576,553.2317453140104 7.477920441638552,46.97530804909576,606.3217453140104 7.477920441638552,46.97493591416124,606.3217453140104 7.477920441638552,46.97493591416124,553.2317453140104</coordinates>
                    </LinearRing>
                  </outerBoundaryIs>
                </Polygon>
                <Polygon>
                  <altitudeMode>absolute</altitudeMode>
                  <outerBoundaryIs>
                    <LinearRing>
                      <coordinates>7.477920441638552,46.97493591416124,553.2317453140104 7.477920441638552,46.97493591416124,606.3217453140104 7.477046661060006,46.97493591416124,606.3217453140104 7.477046661060006,46.97493591416124,553.2317453140104</coordinates>
                    </LinearRing>
                  </outerBoundaryIs>
                </Polygon>
              </MultiGeometry>
            </Placemark>
          </Folder>
          <Folder>
            <name>E213: uss1 astm.f3548.v21.dss.queryOperationalIntentReferences</name>
            <Placemark>
              <name>area_of_interest</name>
              <styleUrl>#QueryArea</styleUrl>
              <description><![CDATA[<ul><li>uss2's Activated 7d8813c5-d18e-43ef-b111-6ce05fbcd7b2[3]</li><li>uss1's Activated ffd29027-69e6-4a6d-b6e8-08e05bea4684[3]</li></ul>]]></description>
              <TimeSpan>
                <begin>2026-09-01T16:12:44.179108+00:00</begin>
                <end>2026-09-01T16:57:45.179108+00:00</end>
              </TimeSpan>
              <MultiGeometry>
                <Polygon>
                  <altitudeMode>absolute</altitudeMode>
                  <outerBoundaryIs>
                    <LinearRing>
                      <coordinates>7.477046661060006,46.97493591416124,553.2317453140104 7.477046661060006,46.97530804909576,553.2317453140104 7.477920441638552,46.97530804909576,553.2317453140104 7.477920441638552,46.97493591416124,553.2317453140104</coordinates>
                    </LinearRing>
                  </outerBoundaryIs>
                </Polygon>
                <Polygon>
                  <altitudeMode>absolute</altitudeMode>
                  <outerBoundaryIs>
                    <LinearRing>
                      <coordinates>7.477046661060006,46.97493591416124,606.3217453140104 7.477046661060006,46.97530804909576,606.3217453140104 7.477920441638552,46.97530804909576,606.3217453140104 7.477920441638552,46.97493591416124,606.3217453140104</coordinates>
                    </LinearRing>
                  </outerBoundaryIs>
                </Polygon>
                <Polygon>
                  <altitudeMode>absolute</altitudeMode>
                  <outerBoundaryIs>
                    <LinearRing>
                      <coordinates>7.477046661060006,46.97493591416124,553.2317453140104 7.477046661060006,46.97493591416124,606.3217453140104 7.477046661060006,46.97530804909576,606.3217453140104 7.477046661060006,46.97530804909576,553.2317453140104</coordinates>
                    </LinearRing>
                  </outerBoundaryIs>
                </Polygon>
                <Polygon>
                  <altitudeMode>absolute</altitudeMode>
                  <outerBoundaryIs>
                    <LinearRing>
                      <coordinates>7.477046661060006,46.97530804909576,553.2317453140104 7.477046661060006,46.97530804909576,606.3217453140104 7.477920441638552,46.97530804909576,606.3217453140104 7.477920441638552,46.97530804909576,553.2317453140104</coordinates>
                    </LinearRing>
                  </outerBoundaryIs>
                </Polygon>
                <Polygon>
                  <altitudeMode>absolute</altitudeMode>
                  <outerBoundaryIs>
                    <LinearRing>
                      <coordinates>7.477920441638552,46.97530804909576,553.2317453140104 7.477920441638552,46.97530804909576,606.3217453140104 7.477920441638552,46.97493591416124,606.3217453140104 7.477920441638552,46.97493591416124,553.2317453140104</coordinates>
                    </LinearRing>
                  </outerBoundaryIs>
                </Polygon>
                <Polygon>
                  <altitudeMode>absolute</altitudeMode>
                  <outerBoundaryIs>
                    <LinearRing>
                      <coordinates>7.477920441638552,46.97493591416124,553.2317453140104 7.477920441638552,46.97493591416124,606.3217453140104 7.477046661060006,46.97493591416124,606.3217453140104 7.477046661060006,46.97493591416124,553.2317453140104</coordinates>
                    </LinearRing>
                  </outerBoundaryIs>
                </Polygon>
              </MultiGeometry>
            </Placemark>
          </Folder>
          <Folder>
            <name>E218: uss2 astm.f3548.v21.uss.getOperationalIntentDetails</name>
            <Folder>
              <name>uss2's P100 Activated 7d8813c5-d18e-43ef-b111-6ce05fbcd7b2[3] @ cslAy.zrVIY6qIq8utdhWNcpiLQVbCLJKwkSsHaxFD4_</name>
              <Placemark>
                <name>Nominal volume 0</name>
                <styleUrl>#F3548v21Activated</styleUrl>
                <TimeSpan>
                  <begin>2026-09-01T16:12:45.206113+00:00</begin>
                  <end>2026-09-01T16:57:45.179108+00:00</end>
                </TimeSpan>
                <MultiGeometry>
                  <Polygon>
                    <altitudeMode>absolute</altitudeMode>
                    <outerBoundaryIs>
                      <LinearRing>
                        <coordinates>7.477046661060006,46.97501988078352,553.2316706396805 7.477920441638552,46.97493591416124,553.2316706396805 7.477364256610934,46.97530804909575,553.2316706396805</coordinates>
                      </LinearRing>
                    </outerBoundaryIs>
                  </Polygon>
                  <Polygon>
                    <altitudeMode>absolute</altitudeMode>
                    <outerBoundaryIs>
                      <LinearRing>
                        <coordinates>7.477046661060006,46.97501988078352,606.3216706396805 7.477920441638552,46.97493591416124,606.3216706396805 7.477364256610934,46.97530804909575,606.3216706396805</coordinates>
                      </LinearRing>
                    </outerBoundaryIs>
                  </Polygon>
                  <Polygon>
                    <altitudeMode>absolute</altitudeMode>
                    <outerBoundaryIs>
                      <LinearRing>
                        <coordinates>7.477046661060006,46.97501988078352,553.2316706396805 7.477046661060006,46.97501988078352,606.3216706396805 7.477920441638552,46.97493591416124,606.3216706396805 7.477920441638552,46.97493591416124,553.2316706396805</coordinates>
                      </LinearRing>
                    </outerBoundaryIs>
                  </Polygon>
                  <Polygon>
                    <altitudeMode>absolute</altitudeMode>
                    <outerBoundaryIs>
                      <LinearRing>
                        <coordinates>7.477920441638552,46.97493591416124,553.2316706396805 7.477920441638552,46.97493591416124,606.3216706396805 7.477364256610934,46.97530804909575,606.3216706396805 7.477364256610934,46.97530804909575,553.2316706396805</coordinates>
                      </LinearRing>
                    </outerBoundaryIs>
                  </Polygon>
                  <Polygon>
                    <altitudeMode>absolute</altitudeMode>
                    <outerBoundaryIs>
                      <LinearRing>
                        <coordinates>7.477364256610934,46.97530804909575,553.2316706396805 7.477364256610934,46.97530804909575,606.3216706396805 7.477046661060006,46.97501988078352,606.3216706396805 7.477046661060006,46.97501988078352,553.2316706396805</coordinates>
                      </LinearRing>
                    </outerBoundaryIs>
                  </Polygon>
                </MultiGeometry>
              </Placemark>
            </Folder>
          </Folder>
        </Folder>
        <Folder>
          <name>Attempt to modify activated Flight 1 into conflict</name>
          <Folder>
            <name>E227: uss1 astm.f3548.v21.dss.queryOperationalIntentReferences</name>
            <Placemark>
              <name>area_of_interest</name>
              <styleUrl>#QueryArea</styleUrl>
              <description><![CDATA[<ul><li>uss2's Activated 7d8813c5-d18e-43ef-b111-6ce05fbcd7b2[3]</li><li>uss1's Activated ffd29027-69e6-4a6d-b6e8-08e05bea4684[3]</li></ul>]]></description>
              <TimeSpan>
                <begin>2026-09-01T16:12:44.351614+00:00</begin>
                <end>2026-09-01T16:57:45.351614+00:00</end>
              </TimeSpan>
              <MultiGeometry>
                <Polygon>
                  <altitudeMode>absolute</altitudeMode>
                  <outerBoundaryIs>
                    <LinearRing>
                      <coordinates>7.47745236483637,46.974528046030414,526.2717623930505 7.47745236483637,46.97529102511888,526.2717623930505 7.47810665524113,46.97529102511888,526.2717623930505 7.47810665524113,46.974528046030414,526.2717623930505</coordinates>
                    </LinearRing>
                  </outerBoundaryIs>
                </Polygon>
                <Polygon>
                  <altitudeMode>absolute</altitudeMode>
                  <outerBoundaryIs>
                    <LinearRing>
                      <coordinates>7.47745236483637,46.974528046030414,591.3217623930504 7.47745236483637,46.97529102511888,591.3217623930504 7.47810665524113,46.97529102511888,591.3217623930504 7.47810665524113,46.974528046030414,591.3217623930504</coordinates>
                    </LinearRing>
                  </outerBoundaryIs>
                </Polygon>
                <Polygon>
                  <altitudeMode>absolute</altitudeMode>
                  <outerBoundaryIs>
                    <LinearRing>
                      <coordinates>7.47745236483637,46.974528046030414,526.2717623930505 7.47745236483637,46.974528046030414,591.3217623930504 7.47745236483637,46.97529102511888,591.3217623930504 7.47745236483637,46.97529102511888,526.2717623930505</coordinates>
                    </LinearRing>
                  </outerBoundaryIs>
                </Polygon>
                <Polygon>
                  <altitudeMode>absolute</altitudeMode>
                  <outerBoundaryIs>
                    <LinearRing>
                      <coordinates>7.47745236483637,46.97529102511888,526.2717623930505 7.47745236483637,46.97529102511888,591.3217623930504 7.47810665524113,46.97529102511888,591.3217623930504 7.47810665524113,46.97529102511888,526.2717623930505</coordinates>
                    </LinearRing>
                  </outerBoundaryIs>
                </Polygon>
                <Polygon>
                  <altitudeMode>absolute</altitudeMode>
                  <outerBoundaryIs>
                    <LinearRing>
                      <coordinates>7.47810665524113,46.97529102511888,526.2717623930505 7.47810665524113,46.97529102511888,591.3217623930504 7.47810665524113,46.974528046030414,591.3217623930504 7.47810665524113,46.974528046030414,526.2717623930505</coordinates>
                    </LinearRing>
                  </outerBoundaryIs>
                </Polygon>
                <Polygon>
                  <altitudeMode>absolute</altitudeMode>
                  <outerBoundaryIs>
                    <LinearRing>
                      <coordinates>7.47810665524113,46.974528046030414,526.2717623930505 7.47810665524113,46.974528046030414,591.3217623930504 7.47745236483637,46.974528046030414,591.3217623930504 7.47745236483637,46.974528046030414,526.2717623930505</coordinates>
                    </LinearRing>
                  </outerBoundaryIs>
                </Polygon>
              </MultiGeometry>
            </Placemark>
          </Folder>
          <Folder>
            <name>E229: uss1 interuss.automated_testing.flight_planning.v1.UpsertFlightPlan</name>
            <Folder>
              <name>Activity Rejected, flight OkToFly</name>
              <Placemark>
                <name>Volume 0</name>
                <styleUrl>#InUse_Nominal</styleUrl>
                <TimeSpan>
                  <begin>2026-09-01T16:12:44.351614+00:00</begin>
                  <end>2026-09-01T16:57:45.351614+00:00</end>
                </TimeSpan>
                <MultiGeometry>
                  <Polygon>
                    <altitudeMode>absolute</altitudeMode>
                    <outerBoundaryIs>
                      <LinearRing>
                        <coordinates>7.477745009017069,46.97459215318556,556.3817948731519 7.4778032286468505,46.97529102511888,556.3817948731519 7.478062605790899,46.974880319566886,556.3817948731519 7.47810665524113,46.974528046030414,556.3817948731519</coordinates>
                      </LinearRing>
                    </outerBoundaryIs>
                  </Polygon>
                  <Polygon>
                    <altitudeMode>absolute</altitudeMode>
                    <outerBoundaryIs>
                      <LinearRing>
                        <coordinates>7.477745009017069,46.97459215318556,591.3217948731519 7.4778032286468505,46.97529102511888,591.3217948731519 7.478062605790899,46.974880319566886,591.3217948731519 7.47810665524113,46.974528046030414,591.3217948731519</coordinates>
                      </LinearRing>
                    </outerBoundaryIs>
                  </Polygon>
                  <Polygon>
                    <altitudeMode>absolute</altitudeMode>
                    <outerBoundaryIs>
                      <LinearRing>
                        <coordinates>7.477745009017069,46.97459215318556,556.3817948731519 7.477745009017069,46.97459215318556,591.3217948731519 7.4778032286468505,46.97529102511888,591.3217948731519 7.4778032286468505,46.97529102511888,556.3817948731519</coordinates>
                      </LinearRing>
                    </outerBoundaryIs>
                  </Polygon>
                  <Polygon>
                    <altitudeMode>absolute</altitudeMode>
                    <outerBoundaryIs>
                      <LinearRing>
                        <coordinates>7.4778032286468505,46.97529102511888,556.3817948731519 7.4778032286468505,46.97529102511888,591.3217948731519 7.478062605790899,46.974880319566886,591.3217948731519 7.478062605790899,46.974880319566886,556.3817948731519</coordinates>
                      </LinearRing>
                    </outerBoundaryIs>
                  </Polygon>
                  <Polygon>
                    <altitudeMode>absolute</altitudeMode>
                    <outerBoundaryIs>
                      <LinearRing>
                        <coordinates>7.478062605790899,46.974880319566886,556.3817948731519 7.478062605790899,46.974880319566886,591.3217948731519 7.47810665524113,46.974528046030414,591.3217948731519 7.47810665524113,46.974528046030414,556.3817948731519</coordinates>
                      </LinearRing>
                    </outerBoundaryIs>
                  </Polygon>
                  <Polygon>
                    <altitudeMode>absolute</altitudeMode>
                    <outerBoundaryIs>
                      <LinearRing>
                        <coordinates>7.47810665524113,46.974528046030414,556.3817948731519 7.47810665524113,46.974528046030414,591.3217948731519 7.477745009017069,46.97459215318556,591.3217948731519 7.477745009017069,46.97459215318556,556.3817948731519</coordinates>
                      </LinearRing>
                    </outerBoundaryIs>
                  </Polygon>
                </MultiGeometry>
              </Placemark>
            </Folder>
          </Folder>
          <Folder>
            <name>E232: uss1 astm.f3548.v21.dss.queryOperationalIntentReferences</name>
            <Placemark>
              <name>area_of_interest</name>
              <styleUrl>#QueryArea</styleUrl>
              <description><![CDATA[<ul><li>uss2's Activated 7d8813c5-d18e-43ef-b111-6ce05fbcd7b2[3]</li><li>uss1's Activated ffd29027-69e6-4a6d-b6e8-08e05bea4684[3]</li></ul>]]></description>
              <TimeSpan>
                <begin>2026-09-01T16:12:44.351614+00:00</begin>
                <end>2026-09-01T16:57:45.351614+00:00</end>
              </TimeSpan>
              <MultiGeometry>
                <Polygon>
                  <altitudeMode>absolute</altitudeMode>
                  <outerBoundaryIs>
                    <LinearRing>
                      <coordinates>7.47745236483637,46.974528046030414,526.2717623930505 7.47745236483637,46.97529102511888,526.2717623930505 7.47810665524113,46.97529102511888,526.2717623930505 7.47810665524113,46.974528046030414,526.2717623930505</coordinates>
                    </LinearRing>
                  </outerBoundaryIs>
                </Polygon>
                <Polygon>
                  <altitudeMode>absolute</altitudeMode>
                  <outerBoundaryIs>
                    <LinearRing>
                      <coordinates>7.47745236483637,46.974528046030414,591.3217623930504 7.47745236483637,46.97529102511888,591.3217623930504 7.47810665524113,46.97529102511888,591.3217623930504 7.47810665524113,46.974528046030414,591.3217623930504</coordinates>
                    </LinearRing>
                  </outerBoundaryIs>
                </Polygon>
                <Polygon>
                  <altitudeMode>absolute</altitudeMode>
                  <outerBoundaryIs>
                    <LinearRing>
                      <coordinates>7.47745236483637,46.974528046030414,526.2717623930505 7.47745236483637,46.974528046030414,591.3217623930504 7.47745236483637,46.97529102511888,591.3217623930504 7.47745236483637,46.97529102511888,526.2717623930505</coordinates>
                    </LinearRing>
                  </outerBoundaryIs>
                </Polygon>
                <Polygon>
                  <altitudeMode>absolute</altitudeMode>
                  <outerBoundaryIs>
                    <LinearRing>
                      <coordinates>7.47745236483637,46.97529102511888,526.2717623930505 7.47745236483637,46.97529102511888,591.3217623930504 7.47810665524113,46.97529102511888,591.3217623930504 7.47810665524113,46.97529102511888,526.2717623930505</coordinates>
                    </LinearRing>
                  </outerBoundaryIs>
                </Polygon>
                <Polygon>
                  <altitudeMode>absolute</altitudeMode>
                  <outerBoundaryIs>
                    <LinearRing>
                      <coordinates>7.47810665524113,46.97529102511888,526.2717623930505 7.47810665524113,46.97529102511888,591.3217623930504 7.47810665524113,46.974528046030414,591.3217623930504 7.47810665524113,46.974528046030414,526.2717623930505</coordinates>
                    </LinearRing>
                  </outerBoundaryIs>
                </Polygon>
                <Polygon>
                  <altitudeMode>absolute</altitudeMode>
                  <outerBoundaryIs>
                    <LinearRing>
                      <coordinates>7.47810665524113,46.974528046030414,526.2717623930505 7.47810665524113,46.974528046030414,591.3217623930504 7.47745236483637,46.974528046030414,591.3217623930504 7.47745236483637,46.974528046030414,526.2717623930505</coordinates>
                    </LinearRing>
                  </outerBoundaryIs>
                </Polygon>
              </MultiGeometry>
            </Placemark>
          </Folder>
        </Folder>
      </Folder>
      <Folder>
        <name/>
        <Folder>
          <name>Cleanup</name>
        </Folder>
      </Folder>
    </Folder>
  </Document>
</kml>
