<kml xmlns="http://www.opengis.net/kml/2.2" xmlns:atom="http://www.w3.org/2005/Atom" xmlns:gx="http://www.google.com/kml/ext/2.2">
  <Document>
    <Style id="QueryArea">
      <LineStyle>
        <color>ffc0c000</color>
        <width>3</width>
      </LineStyle>
      <PolyStyle>
        <color>80ffffaa</color>
      </PolyStyle>
    </Style>
    <Style id="F3548v21Accepted">
      <LineStyle>
        <color>ff00c000</color>
        <width>3</width>
      </LineStyle>
      <PolyStyle>
        <color>80c0c0c0</color>
      </PolyStyle>
    </Style>
    <Style id="F3548v21Activated">
      <LineStyle>
        <color>ff00c000</color>
        <width>3</width>
      </LineStyle>
      <PolyStyle>
        <color>8000ff00</color>
      </PolyStyle>
    </Style>
    <Style id="F3548v21Nonconforming">
      <LineStyle>
        <color>ff00ffff</color>
        <width>5</width>
      </LineStyle>
      <PolyStyle>
        <color>8000ffff</color>
      </PolyStyle>
    </Style>
    <Style id="F3548v21Contingent">
      <LineStyle>
        <color>ff0000ff</color>
        <width>5</width>
      </LineStyle>
      <PolyStyle>
        <color>80ff0000ff</color>
      </PolyStyle>
    </Style>
    <Style id="F3548v21AcceptedFuture">
      <LineStyle>
        <color>80c0c0c0</color>
        <width>1</width>
      </LineStyle>
      <PolyStyle>
        <color>00000000</color>
      </PolyStyle>
    </Style>
    <Style id="F3548v21ActivatedFuture">
      <LineStyle>
        <color>8040c040</color>
        <width>1</width>
      </LineStyle>
      <PolyStyle>
        <color>00000000</color>
      </PolyStyle>
    </Style>
    <Style id="F3548v21NonconformingFuture">
      <LineStyle>
        <color>8000ffff</color>
        <width>1</width>
      </LineStyle>
      <PolyStyle>
        <color>00000000</color>
      </PolyStyle>
    </Style>
    <Style id="F3548v21ContingentFuture">
      <LineStyle>
        <color>80ff0000ff</color>
        <width>1</width>
      </LineStyle>
      <PolyStyle>
        <color>00000000</color>
      </PolyStyle>
    </Style>
    <Style id="Planned_Nominal">
      <LineStyle>
        <color>ff00c000</color>
        <width>3</width>
      </LineStyle>
      <PolyStyle>
        <color>80808080</color>
      </PolyStyle>
    </Style>
    <Style id="InUse_Nominal">
      <LineStyle>
        <color>ff00c000</color>
        <width>3</width>
      </LineStyle>
      <PolyStyle>
        <color>8000ff00</color>
      </PolyStyle>
    </Style>
    <Style id="InUse_OffNominal">
      <LineStyle>
        <color>ff00ffff</color>
        <width>5</width>
      </LineStyle>
      <PolyStyle>
        <color>8000ff00</color>
      </PolyStyle>
    </Style>
    <Style id="InUse_Contingent">
      <LineStyle>
        <color>ff0000ff</color>
        <width>5</width>
      </LineStyle>
      <PolyStyle>
        <color>8000ff00</color>
      </PolyStyle>
    </Style>
    <Style id="unmodifiedtelemetry">
      <IconStyle>
        <scale>1.4</scale>
        <Icon>
          <href>http://maps.google.com/mapfiles/kml/shapes/placemark_circle.png</href>
        </Icon>
      </IconStyle>
    </Style>
    <Style id="modifiedtelemetry">
      <IconStyle>
        <scale>1.4</scale>
        <Icon>
          <href>http://maps.google.com/mapfiles/kml/shapes/placemark_square.png</href>
        </Icon>
      </IconStyle>
    </Style>
    <Style id="aircraft">
      <IconStyle>
        <scale>1.4</scale>
        <Icon>
          <href>http://maps.google.com/mapfiles/kml/shapes/airports.png</href>
        </Icon>
      </IconStyle>
    </Style>
    <Folder>
      <name>Nominal planning: conflict with higher priority</name>
      <Folder>
        <name>Prerequisites check</name>
        <Folder>
          <name>Verify area is clear</name>
          <Folder>
            <name>E3: uss1_dss astm.f3548.v21.dss.queryOperationalIntentReferences</name>
            <Placemark>
              <name>area_of_interest</name>
              <styleUrl>#QueryArea</styleUrl>
              <description><![CDATA[(no operational intent references found)]]></description>
              <TimeSpan>
                <begin>2026-09-01T16:12:30.357993+00:00</begin>
                <end>2026-09-01T17:42:31.357993+00:00</end>
              </TimeSpan>
              <MultiGeometry>
                <Polygon>
                  <altitudeMode>absolute</altitudeMode>
                  <outerBoundaryIs>
                    <LinearRing>
                      <coordinates>-96.75899607628425,32.71777243082621,90.26734008821771 -96.75899607628425,32.718602737943755,90.26734008821771 -96.75793995876997,32.718602737943755,90.26734008821771 -96.75793995876997,32.71777243082621,90.26734008821771</coordinates>
                    </LinearRing>
                  </outerBoundaryIs>
                </Polygon>
                <Polygon>
                  <altitudeMode>absolute</altitudeMode>
                  <outerBoundaryIs>
                    <LinearRing>
                      <coordinates>-96.75899607628425,32.71777243082621,170.3173400882177 -96.75899607628425,32.718602737943755,170.3173400882177 -96.75793995876997,32.718602737943755,170.3173400882177 -96.75793995876997,32.71777243082621,170.3173400882177</coordinates>
                    </LinearRing>
                  </outerBoundaryIs>
                </Polygon>
                <Polygon>
                  <altitudeMode>absolute</altitudeMode>
                  <outerBoundaryIs>
                    <LinearRing>
                      <coordinates>-96.75899607628425,32.71777243082621,90.26734008821771 -96.75899607628425,32.71777243082621,170.3173400882177 -96.75899607628425,32.718602737943755,170.3173400882177 -96.75899607628425,32.718602737943755,90.26734008821771</coordinates>
                    </LinearRing>
                  </outerBoundaryIs>
                </Polygon>
                <Polygon>
                  <altitudeMode>absolute</altitudeMode>
                  <outerBoundaryIs>
                    <LinearRing>
                      <coordinates>-96.75899607628425,32.718602737943755,90.26734008821771 -96.75899607628425,32.718602737943755,170.3173400882177 -96.75793995876997,32.718602737943755,170.3173400882177 -96.75793995876997,32.718602737943755,90.26734008821771</coordinates>
                    </LinearRing>
                  </outerBoundaryIs>
                </Polygon>
                <Polygon>
                  <altitudeMode>absolute</altitudeMode>
                  <outerBoundaryIs>
                    <LinearRing>
                      <coordinates>-96.75793995876997,32.718602737943755,90.26734008821771 -96.75793995876997,32.718602737943755,170.3173400882177 -96.75793995876997,32.71777243082621,170.3173400882177 -96.75793995876997,32.71777243082621,90.26734008821771</coordinates>
                    </LinearRing>
                  </outerBoundaryIs>
                </Polygon>
                <Polygon>
                  <altitudeMode>absolute</altitudeMode>
                  <outerBoundaryIs>
                    <LinearRing>
                      <coordinates>-96.75793995876997,32.71777243082621,90.26734008821771 -96.75793995876997,32.71777243082621,170.3173400882177 -96.75899607628425,32.71777243082621,170.3173400882177 -96.75899607628425,32.71777243082621,90.26734008821771</coordinates>
                    </LinearRing>
                  </outerBoundaryIs>
                </Polygon>
              </MultiGeometry>
            </Placemark>
          </Folder>
        </Folder>
      </Folder>
      <Folder>
        <name>Attempt to plan flight in conflict</name>
        <Folder>
          <name>Plan Flight 2</name>
          <Folder>
            <name>E6: uss1_dss astm.f3548.v21.dss.queryOperationalIntentReferences</name>
            <Placemark>
              <name>area_of_interest</name>
              <styleUrl>#QueryArea</styleUrl>
              <description><![CDATA[(no operational intent references found)]]></description>
              <TimeSpan>
                <begin>2026-09-01T16:12:30.421327+00:00</begin>
                <end>2026-09-01T16:57:31.421327+00:00</end>
              </TimeSpan>
              <MultiGeometry>
                <Polygon>
                  <altitudeMode>absolute</altitudeMode>
                  <outerBoundaryIs>
                    <LinearRing>
                      <coordinates>-96.75899607628425,32.717821632855895,119.24813014424481 -96.75899607628425,32.718424015430124,119.24813014424481 -96.75846501195453,32.718424015430124,119.24813014424481 -96.75846501195453,32.717821632855895,119.24813014424481</coordinates>
                    </LinearRing>
                  </outerBoundaryIs>
                </Polygon>
                <Polygon>
                  <altitudeMode>absolute</altitudeMode>
                  <outerBoundaryIs>
                    <LinearRing>
                      <coordinates>-96.75899607628425,32.717821632855895,148.3181301442448 -96.75899607628425,32.718424015430124,148.3181301442448 -96.75846501195453,32.718424015430124,148.3181301442448 -96.75846501195453,32.717821632855895,148.3181301442448</coordinates>
                    </LinearRing>
                  </outerBoundaryIs>
                </Polygon>
                <Polygon>
                  <altitudeMode>absolute</altitudeMode>
                  <outerBoundaryIs>
                    <LinearRing>
                      <coordinates>-96.75899607628425,32.717821632855895,119.24813014424481 -96.75899607628425,32.717821632855895,148.3181301442448 -96.75899607628425,32.718424015430124,148.3181301442448 -96.75899607628425,32.718424015430124,119.24813014424481</coordinates>
                    </LinearRing>
                  </outerBoundaryIs>
                </Polygon>
                <Polygon>
                  <altitudeMode>absolute</altitudeMode>
                  <outerBoundaryIs>
                    <LinearRing>
                      <coordinates>-96.75899607628425,32.718424015430124,119.24813014424481 -96.75899607628425,32.718424015430124,148.3181301442448 -96.75846501195453,32.718424015430124,148.3181301442448 -96.75846501195453,32.718424015430124,119.24813014424481</coordinates>
                    </LinearRing>
                  </outerBoundaryIs>
                </Polygon>
                <Polygon>
                  <altitudeMode>absolute</altitudeMode>
                  <outerBoundaryIs>
                    <LinearRing>
                      <coordinates>-96.75846501195453,32.718424015430124,119.24813014424481 -96.75846501195453,32.718424015430124,148.3181301442448 -96.75846501195453,32.717821632855895,148.3181301442448 -96.75846501195453,32.717821632855895,119.24813014424481</coordinates>
                    </LinearRing>
                  </outerBoundaryIs>
                </Polygon>
                <Polygon>
                  <altitudeMode>absolute</altitudeMode>
                  <outerBoundaryIs>
                    <LinearRing>
                      <coordinates>-96.75846501195453,32.717821632855895,119.24813014424481 -96.75846501195453,32.717821632855895,148.3181301442448 -96.75899607628425,32.717821632855895,148.3181301442448 -96.75899607628425,32.717821632855895,119.24813014424481</coordinates>
                    </LinearRing>
                  </outerBoundaryIs>
                </Polygon>
              </MultiGeometry>
            </Placemark>
          </Folder>
          <Folder>
            <name>E8: uss1_core interuss.automated_testing.flight_planning.v1.UpsertFlightPlan</name>
            <Folder>
              <name>Activity Completed, flight Planned</name>
              <Placemark>
                <name>Volume 0</name>
                <styleUrl>#Planned_Nominal</styleUrl>
                <TimeSpan>
                  <begin>2026-09-01T16:12:30.421327+00:00</begin>
                  <end>2026-09-01T16:57:31.421327+00:00</end>
                </TimeSpan>
                <MultiGeometry>
                  <Polygon>
                    <altitudeMode>absolute</altitudeMode>
                    <outerBoundaryIs>
                      <LinearRing>
                        <coordinates>-96.75897457751377,32.71806391428686,119.2481663576577 -96.75846501195453,32.717821632855895,119.2481663576577 -96.75855731707719,32.71826205187991,119.2481663576577 -96.75899607628423,32.71842401543012,119.2481663576577</coordinates>
                      </LinearRing>
                    </outerBoundaryIs>
                  </Polygon>
                  <Polygon>
                    <altitudeMode>absolute</altitudeMode>
                    <outerBoundaryIs>
                      <LinearRing>
                        <coordinates>-96.75897457751377,32.71806391428686,148.3181663576577 -96.75846501195453,32.717821632855895,148.3181663576577 -96.75855731707719,32.71826205187991,148.3181663576577 -96.75899607628423,32.71842401543012,148.3181663576577</coordinates>
                      </LinearRing>
                    </outerBoundaryIs>
                  </Polygon>
                  <Polygon>
                    <altitudeMode>absolute</altitudeMode>
                    <outerBoundaryIs>
                      <LinearRing>
                        <coordinates>-96.75897457751377,32.71806391428686,119.2481663576577 -96.75897457751377,32.71806391428686,148.3181663576577 -96.75846501195453,32.717821632855895,148.3181663576577 -96.75846501195453,32.717821632855895,119.2481663576577</coordinates>
                      </LinearRing>
                    </outerBoundaryIs>
                  </Polygon>
                  <Polygon>
                    <altitudeMode>absolute</altitudeMode>
                    <outerBoundaryIs>
                      <LinearRing>
                        <coordinates>-96.75846501195453,32.717821632855895,119.2481663576577 -96.75846501195453,32.717821632855895,148.3181663576577 -96.75855731707719,32.71826205187991,148.3181663576577 -96.75855731707719,32.71826205187991,119.2481663576577</coordinates>
                      </LinearRing>
                    </outerBoundaryIs>
                  </Polygon>
                  <Polygon>
                    <altitudeMode>absolute</altitudeMode>
                    <outerBoundaryIs>
                      <LinearRing>
                        <coordinates>-96.75855731707719,32.71826205187991,119.2481663576577 -96.75855731707719,32.71826205187991,148.3181663576577 -96.75899607628423,32.71842401543012,148.3181663576577 -96.75899607628423,32.71842401543012,119.2481663576577</coordinates>
                      </LinearRing>
                    </outerBoundaryIs>
                  </Polygon>
                  <Polygon>
                    <altitudeMode>absolute</altitudeMode>
                    <outerBoundaryIs>
                      <LinearRing>
                        <coordinates>-96.75899607628423,32.71842401543012,119.2481663576577 -96.75899607628423,32.71842401543012,148.3181663576577 -96.75897457751377,32.71806391428686,148.3181663576577 -96.75897457751377,32.71806391428686,119.2481663576577</coordinates>
                      </LinearRing>
                    </outerBoundaryIs>
                  </Polygon>
                </MultiGeometry>
              </Placemark>
            </Folder>
          </Folder>
          <Folder>
            <name>E12: uss1_dss astm.f3548.v21.dss.queryOperationalIntentReferences</name>
            <Placemark>
              <name>area_of_interest</name>
              <styleUrl>#QueryArea</styleUrl>
              <description><![CDATA[<ul><li>uss1's Accepted 3a76e4e7-36c3-4d8c-a520-7fe0deb218bf[1]</li></ul>]]></description>
              <TimeSpan>
                <begin>2026-09-01T16:12:30.421327+00:00</begin>
                <end>2026-09-01T16:57:31.421327+00:00</end>
              </TimeSpan>
              <MultiGeometry>
                <Polygon>
                  <altitudeMode>absolute</altitudeMode>
                  <outerBoundaryIs>
                    <LinearRing>
                      <coordinates>-96.75899607628425,32.717821632855895,119.24813014424481 -96.75899607628425,32.718424015430124,119.24813014424481 -96.75846501195453,32.718424015430124,119.24813014424481 -96.75846501195453,32.717821632855895,119.24813014424481</coordinates>
                    </LinearRing>
                  </outerBoundaryIs>
                </Polygon>
                <Polygon>
                  <altitudeMode>absolute</altitudeMode>
                  <outerBoundaryIs>
                    <LinearRing>
                      <coordinates>-96.75899607628425,32.717821632855895,148.3181301442448 -96.75899607628425,32.718424015430124,148.3181301442448 -96.75846501195453,32.718424015430124,148.3181301442448 -96.75846501195453,32.717821632855895,148.3181301442448</coordinates>
                    </LinearRing>
                  </outerBoundaryIs>
                </Polygon>
                <Polygon>
                  <altitudeMode>absolute</altitudeMode>
                  <outerBoundaryIs>
                    <LinearRing>
                      <coordinates>-96.75899607628425,32.717821632855895,119.24813014424481 -96.75899607628425,32.717821632855895,148.3181301442448 -96.75899607628425,32.718424015430124,148.3181301442448 -96.75899607628425,32.718424015430124,119.24813014424481</coordinates>
                    </LinearRing>
                  </outerBoundaryIs>
                </Polygon>
                <Polygon>
                  <altitudeMode>absolute</altitudeMode>
                  <outerBoundaryIs>
                    <LinearRing>
                      <coordinates>-96.75899607628425,32.718424015430124,119.24813014424481 -96.75899607628425,32.718424015430124,148.3181301442448 -96.75846501195453,32.718424015430124,148.3181301442448 -96.75846501195453,32.718424015430124,119.24813014424481</coordinates>
                    </LinearRing>
                  </outerBoundaryIs>
                </Polygon>
                <Polygon>
                  <altitudeMode>absolute</altitudeMode>
                  <outerBoundaryIs>
                    <LinearRing>
                      <coordinates>-96.75846501195453,32.718424015430124,119.24813014424481 -96.75846501195453,32.718424015430124,148.3181301442448 -96.75846501195453,32.717821632855895,148.3181301442448 -96.75846501195453,32.717821632855895,119.24813014424481</coordinates>
                    </LinearRing>
                  </outerBoundaryIs>
                </Polygon>
                <Polygon>
                  <altitudeMode>absolute</altitudeMode>
                  <outerBoundaryIs>
                    <LinearRing>
                      <coordinates>-96.75846501195453,32.717821632855895,119.24813014424481 -96.75846501195453,32.717821632855895,148.3181301442448 -96.75899607628425,32.717821632855895,148.3181301442448 -96.75899607628425,32.717821632855895,119.24813014424481</coordinates>
                    </LinearRing>
                  </outerBoundaryIs>
                </Polygon>
              </MultiGeometry>
            </Placemark>
          </Folder>
          <Folder>
            <name>E16: uss1_core astm.f3548.v21.uss.getOperationalIntentDetails</name>
            <Folder>
              <name>uss1's P100 Accepted 3a76e4e7-36c3-4d8c-a520-7fe0deb218bf[1] @ SFMdgYeE7zIqvtE87KPHQhutfpu2biK1r1hg4mAG1EI_</name>
              <Placemark>
                <name>Nominal volume 0</name>
                <styleUrl>#F3548v21Accepted</styleUrl>
                <TimeSpan>
                  <begin>2026-09-01T16:12:31.439118+00:00</begin>
                  <end>2026-09-01T16:57:31.421327+00:00</end>
                </TimeSpan>
                <MultiGeometry>
                  <Polygon>
                    <altitudeMode>absolute</altitudeMode>
                    <outerBoundaryIs>
                      <LinearRing>
                        <coordinates>-96.75897457751377,32.71806391428686,119.2481663576577 -96.75846501195453,32.717821632855895,119.2481663576577 -96.75855731707719,32.71826205187991,119.2481663576577 -96.75899607628423,32.71842401543012,119.2481663576577</coordinates>
                      </LinearRing>
                    </outerBoundaryIs>
                  </Polygon>
                  <Polygon>
                    <altitudeMode>absolute</altitudeMode>
                    <outerBoundaryIs>
                      <LinearRing>
                        <coordinates>-96.75897457751377,32.71806391428686,148.3181663576577 -96.75846501195453,32.717821632855895,148.3181663576577 -96.75855731707719,32.71826205187991,148.3181663576577 -96.75899607628423,32.71842401543012,148.3181663576577</coordinates>
                      </LinearRing>
                    </outerBoundaryIs>
                  </Polygon>
                  <Polygon>
                    <altitudeMode>absolute</altitudeMode>
                    <outerBoundaryIs>
                      <LinearRing>
                        <coordinates>-96.75897457751377,32.71806391428686,119.2481663576577 -96.75897457751377,32.71806391428686,148.3181663576577 -96.75846501195453,32.717821632855895,148.3181663576577 -96.75846501195453,32.717821632855895,119.2481663576577</coordinates>
                      </LinearRing>
                    </outerBoundaryIs>
                  </Polygon>
                  <Polygon>
                    <altitudeMode>absolute</altitudeMode>
                    <outerBoundaryIs>
                      <LinearRing>
                        <coordinates>-96.75846501195453,32.717821632855895,119.2481663576577 -96.75846501195453,32.717821632855895,148.3181663576577 -96.75855731707719,32.71826205187991,148.3181663576577 -96.75855731707719,32.71826205187991,119.2481663576577</coordinates>
                      </LinearRing>
                    </outerBoundaryIs>
                  </Polygon>
                  <Polygon>
                    <altitudeMode>absolute</altitudeMode>
                    <outerBoundaryIs>
                      <LinearRing>
                        <coordinates>-96.75855731707719,32.71826205187991,119.2481663576577 -96.75855731707719,32.71826205187991,148.3181663576577 -96.75899607628423,32.71842401543012,148.3181663576577 -96.75899607628423,32.71842401543012,119.2481663576577</coordinates>
                      </LinearRing>
                    </outerBoundaryIs>
                  </Polygon>
                  <Polygon>
                    <altitudeMode>absolute</altitudeMode>
                    <outerBoundaryIs>
                      <LinearRing>
                        <coordinates>-96.75899607628423,32.71842401543012,119.2481663576577 -96.75899607628423,32.71842401543012,148.3181663576577 -96.75897457751377,32.71806391428686,148.3181663576577 -96.75897457751377,32.71806391428686,119.2481663576577</coordinates>
                      </LinearRing>
                    </outerBoundaryIs>
                  </Polygon>
                </MultiGeometry>
              </Placemark>
            </Folder>
          </Folder>
        </Folder>
        <Folder>
          <name>Attempt to plan Flight 1</name>
          <Folder>
            <name>E25: uss1_dss astm.f3548.v21.dss.queryOperationalIntentReferences</name>
            <Placemark>
              <name>area_of_interest</name>
              <styleUrl>#QueryArea</styleUrl>
              <description><![CDATA[<ul><li>uss1's Accepted 3a76e4e7-36c3-4d8c-a520-7fe0deb218bf[1]</li></ul>]]></description>
              <TimeSpan>
                <begin>2026-09-01T16:12:30.511351+00:00</begin>
                <end>2026-09-01T16:57:31.511351+00:00</end>
              </TimeSpan>
              <MultiGeometry>
                <Polygon>
                  <altitudeMode>absolute</altitudeMode>
                  <outerBoundaryIs>
                    <LinearRing>
                      <coordinates>-96.75885603693884,32.71777243082621,120.32721197182734 -96.75885603693884,32.71840061442382,120.32721197182734 -96.75793995876997,32.71840061442382,120.32721197182734 -96.75793995876997,32.71777243082621,120.32721197182734</coordinates>
                    </LinearRing>
                  </outerBoundaryIs>
                </Polygon>
                <Polygon>
                  <altitudeMode>absolute</altitudeMode>
                  <outerBoundaryIs>
                    <LinearRing>
                      <coordinates>-96.75885603693884,32.71777243082621,150.31721197182733 -96.75885603693884,32.71840061442382,150.31721197182733 -96.75793995876997,32.71840061442382,150.31721197182733 -96.75793995876997,32.71777243082621,150.31721197182733</coordinates>
                    </LinearRing>
                  </outerBoundaryIs>
                </Polygon>
                <Polygon>
                  <altitudeMode>absolute</altitudeMode>
                  <outerBoundaryIs>
                    <LinearRing>
                      <coordinates>-96.75885603693884,32.71777243082621,120.32721197182734 -96.75885603693884,32.71777243082621,150.31721197182733 -96.75885603693884,32.71840061442382,150.31721197182733 -96.75885603693884,32.71840061442382,120.32721197182734</coordinates>
                    </LinearRing>
                  </outerBoundaryIs>
                </Polygon>
                <Polygon>
                  <altitudeMode>absolute</altitudeMode>
                  <outerBoundaryIs>
                    <LinearRing>
                      <coordinates>-96.75885603693884,32.71840061442382,120.32721197182734 -96.75885603693884,32.71840061442382,150.31721197182733 -96.75793995876997,32.71840061442382,150.31721197182733 -96.75793995876997,32.71840061442382,120.32721197182734</coordinates>
                    </LinearRing>
                  </outerBoundaryIs>
                </Polygon>
                <Polygon>
                  <altitudeMode>absolute</altitudeMode>
                  <outerBoundaryIs>
                    <LinearRing>
                      <coordinates>-96.75793995876997,32.71840061442382,120.32721197182734 -96.75793995876997,32.71840061442382,150.31721197182733 -96.75793995876997,32.71777243082621,150.31721197182733 -96.75793995876997,32.71777243082621,120.32721197182734</coordinates>
                    </LinearRing>
                  </outerBoundaryIs>
                </Polygon>
                <Polygon>
                  <altitudeMode>absolute</altitudeMode>
                  <outerBoundaryIs>
                    <LinearRing>
                      <coordinates>-96.75793995876997,32.71777243082621,120.32721197182734 -96.75793995876997,32.71777243082621,150.31721197182733 -96.75885603693884,32.71777243082621,150.31721197182733 -96.75885603693884,32.71777243082621,120.32721197182734</coordinates>
                    </LinearRing>
                  </outerBoundaryIs>
                </Polygon>
              </MultiGeometry>
            </Placemark>
          </Folder>
          <Folder>
            <name>E27: uss1_core interuss.automated_testing.flight_planning.v1.UpsertFlightPlan</name>
            <Folder>
              <name>Activity Rejected, flight NotPlanned</name>
              <Placemark>
                <name>Volume 0</name>
                <styleUrl>#Planned_Nominal</styleUrl>
                <TimeSpan>
                  <begin>2026-09-01T16:12:30.511351+00:00</begin>
                  <end>2026-09-01T16:57:31.511351+00:00</end>
                </TimeSpan>
                <MultiGeometry>
                  <Polygon>
                    <altitudeMode>absolute</altitudeMode>
                    <outerBoundaryIs>
                      <LinearRing>
                        <coordinates>-96.7586436117025,32.71777243082621,120.32727274253008 -96.75885603693884,32.71801338382339,120.32727274253008 -96.75823551948804,32.71840061442382,120.32727274253008 -96.75793995876997,32.718149288087204,120.32727274253008</coordinates>
                      </LinearRing>
                    </outerBoundaryIs>
                  </Polygon>
                  <Polygon>
                    <altitudeMode>absolute</altitudeMode>
                    <outerBoundaryIs>
                      <LinearRing>
                        <coordinates>-96.7586436117025,32.71777243082621,150.31727274253006 -96.75885603693884,32.71801338382339,150.31727274253006 -96.75823551948804,32.71840061442382,150.31727274253006 -96.75793995876997,32.718149288087204,150.31727274253006</coordinates>
                      </LinearRing>
                    </outerBoundaryIs>
                  </Polygon>
                  <Polygon>
                    <altitudeMode>absolute</altitudeMode>
                    <outerBoundaryIs>
                      <LinearRing>
                        <coordinates>-96.7586436117025,32.71777243082621,120.32727274253008 -96.7586436117025,32.71777243082621,150.31727274253006 -96.75885603693884,32.71801338382339,150.31727274253006 -96.75885603693884,32.71801338382339,120.32727274253008</coordinates>
                      </LinearRing>
                    </outerBoundaryIs>
                  </Polygon>
                  <Polygon>
                    <altitudeMode>absolute</altitudeMode>
                    <outerBoundaryIs>
                      <LinearRing>
                        <coordinates>-96.75885603693884,32.71801338382339,120.32727274253008 -96.75885603693884,32.71801338382339,150.31727274253006 -96.75823551948804,32.71840061442382,150.31727274253006 -96.75823551948804,32.71840061442382,120.32727274253008</coordinates>
                      </LinearRing>
                    </outerBoundaryIs>
                  </Polygon>
                  <Polygon>
                    <altitudeMode>absolute</altitudeMode>
                    <outerBoundaryIs>
                      <LinearRing>
                        <coordinates>-96.75823551948804,32.71840061442382,120.32727274253008 -96.75823551948804,32.71840061442382,150.31727274253006 -96.75793995876997,32.718149288087204,150.31727274253006 -96.75793995876997,32.718149288087204,120.32727274253008</coordinates>
                      </LinearRing>
                    </outerBoundaryIs>
                  </Polygon>
                  <Polygon>
                    <altitudeMode>absolute</altitudeMode>
                    <outerBoundaryIs>
                      <LinearRing>
                        <coordinates>-96.75793995876997,32.718149288087204,120.32727274253008 -96.75793995876997,32.718149288087204,150.31727274253006 -96.7586436117025,32.71777243082621,150.31727274253006 -96.7586436117025,32.71777243082621,120.32727274253008</coordinates>
                      </LinearRing>
                    </outerBoundaryIs>
                  </Polygon>
                </MultiGeometry>
              </Placemark>
            </Folder>
          </Folder>
          <Folder>
            <name>E30: uss1_dss astm.f3548.v21.dss.queryOperationalIntentReferences</name>
            <Placemark>
              <name>area_of_interest</name>
              <styleUrl>#QueryArea</styleUrl>
              <description><![CDATA[<ul><li>uss1's Accepted 3a76e4e7-36c3-4d8c-a520-7fe0deb218bf[1]</li></ul>]]></description>
              <TimeSpan>
                <begin>2026-09-01T16:12:30.511351+00:00</begin>
                <end>2026-09-01T16:57:31.511351+00:00</end>
              </TimeSpan>
              <MultiGeometry>
                <Polygon>
                  <altitudeMode>absolute</altitudeMode>
                  <outerBoundaryIs>
                    <LinearRing>
                      <coordinates>-96.75885603693884,32.71777243082621,120.32721197182734 -96.75885603693884,32.71840061442382,120.32721197182734 -96.75793995876997,32.71840061442382,120.32721197182734 -96.75793995876997,32.71777243082621,120.32721197182734</coordinates>
                    </LinearRing>
                  </outerBoundaryIs>
                </Polygon>
                <Polygon>
                  <altitudeMode>absolute</altitudeMode>
                  <outerBoundaryIs>
                    <LinearRing>
                      <coordinates>-96.75885603693884,32.71777243082621,150.31721197182733 -96.75885603693884,32.71840061442382,150.31721197182733 -96.75793995876997,32.71840061442382,150.31721197182733 -96.75793995876997,32.71777243082621,150.31721197182733</coordinates>
                    </LinearRing>
                  </outerBoundaryIs>
                </Polygon>
                <Polygon>
                  <altitudeMode>absolute</altitudeMode>
                  <outerBoundaryIs>
                    <LinearRing>
                      <coordinates>-96.75885603693884,32.71777243082621,120.32721197182734 -96.75885603693884,32.71777243082621,150.31721197182733 -96.75885603693884,32.71840061442382,150.31721197182733 -96.75885603693884,32.71840061442382,120.32721197182734</coordinates>
                    </LinearRing>
                  </outerBoundaryIs>
                </Polygon>
                <Polygon>
                  <altitudeMode>absolute</altitudeMode>
                  <outerBoundaryIs>
                    <LinearRing>
                      <coordinates>-96.75885603693884,32.71840061442382,120.32721197182734 -96.75885603693884,32.71840061442382,150.31721197182733 -96.75793995876997,32.71840061442382,150.31721197182733 -96.75793995876997,32.71840061442382,120.32721197182734</coordinates>
                    </LinearRing>
                  </outerBoundaryIs>
                </Polygon>
                <Polygon>
                  <altitudeMode>absolute</altitudeMode>
                  <outerBoundaryIs>
                    <LinearRing>
                      <coordinates>-96.75793995876997,32.71840061442382,120.32721197182734 -96.75793995876997,32.71840061442382,150.31721197182733 -96.75793995876997,32.71777243082621,150.31721197182733 -96.75793995876997,32.71777243082621,120.32721197182734</coordinates>
                    </LinearRing>
                  </outerBoundaryIs>
                </Polygon>
                <Polygon>
                  <altitudeMode>absolute</altitudeMode>
                  <outerBoundaryIs>
                    <LinearRing>
                      <coordinates>-96.75793995876997,32.71777243082621,120.32721197182734 -96.75793995876997,32.71777243082621,150.31721197182733 -96.75885603693884,32.71777243082621,150.31721197182733 -96.75885603693884,32.71777243082621,120.32721197182734</coordinates>
                    </LinearRing>
                  </outerBoundaryIs>
                </Polygon>
              </MultiGeometry>
            </Placemark>
          </Folder>
        </Folder>
        <Folder>
          <name>Delete Flight 2</name>
        </Folder>
      </Folder>
      <Folder>
        <name>Attempt to modify planned flight in conflict</name>
        <Folder>
          <name>Plan Flight 1</name>
          <Folder>
            <name>E35: uss1_dss astm.f3548.v21.dss.queryOperationalIntentReferences</name>
            <Placemark>
              <name>area_of_interest</name>
              <styleUrl>#QueryArea</styleUrl>
              <description><![CDATA[(no operational intent references found)]]></description>
              <TimeSpan>
                <begin>2026-09-01T16:12:30.586167+00:00</begin>
                <end>2026-09-01T16:57:31.586167+00:00</end>
              </TimeSpan>
              <MultiGeometry>
                <Polygon>
                  <altitudeMode>absolute</altitudeMode>
                  <outerBoundaryIs>
                    <LinearRing>
                      <coordinates>-96.75885603693884,32.71777243082621,120.32721197182734 -96.75885603693884,32.71840061442382,120.32721197182734 -96.75793995876997,32.71840061442382,120.32721197182734 -96.75793995876997,32.71777243082621,120.32721197182734</coordinates>
                    </LinearRing>
                  </outerBoundaryIs>
                </Polygon>
                <Polygon>
                  <altitudeMode>absolute</altitudeMode>
                  <outerBoundaryIs>
                    <LinearRing>
                      <coordinates>-96.75885603693884,32.71777243082621,150.31721197182733 -96.75885603693884,32.71840061442382,150.31721197182733 -96.75793995876997,32.71840061442382,150.31721197182733 -96.75793995876997,32.71777243082621,150.31721197182733</coordinates>
                    </LinearRing>
                  </outerBoundaryIs>
                </Polygon>
                <Polygon>
                  <altitudeMode>absolute</altitudeMode>
                  <outerBoundaryIs>
                    <LinearRing>
                      <coordinates>-96.75885603693884,32.71777243082621,120.32721197182734 -96.75885603693884,32.71777243082621,150.31721197182733 -96.75885603693884,32.71840061442382,150.31721197182733 -96.75885603693884,32.71840061442382,120.32721197182734</coordinates>
                    </LinearRing>
                  </outerBoundaryIs>
                </Polygon>
                <Polygon>
                  <altitudeMode>absolute</altitudeMode>
                  <outerBoundaryIs>
                    <LinearRing>
                      <coordinates>-96.75885603693884,32.71840061442382,120.32721197182734 -96.75885603693884,32.71840061442382,150.31721197182733 -96.75793995876997,32.71840061442382,150.31721197182733 -96.75793995876997,32.71840061442382,120.32721197182734</coordinates>
                    </LinearRing>
                  </outerBoundaryIs>
                </Polygon>
                <Polygon>
                  <altitudeMode>absolute</altitudeMode>
                  <outerBoundaryIs>
                    <LinearRing>
                      <coordinates>-96.75793995876997,32.71840061442382,120.32721197182734 -96.75793995876997,32.71840061442382,150.31721197182733 -96.75793995876997,32.71777243082621,150.31721197182733 -96.75793995876997,32.71777243082621,120.32721197182734</coordinates>
                    </LinearRing>
                  </outerBoundaryIs>
                </Polygon>
                <Polygon>
                  <altitudeMode>absolute</altitudeMode>
                  <outerBoundaryIs>
                    <LinearRing>
                      <coordinates>-96.75793995876997,32.71777243082621,120.32721197182734 -96.75793995876997,32.71777243082621,150.31721197182733 -96.75885603693884,32.71777243082621,150.31721197182733 -96.75885603693884,32.71777243082621,120.32721197182734</coordinates>
                    </LinearRing>
                  </outerBoundaryIs>
                </Polygon>
              </MultiGeometry>
            </Placemark>
          </Folder>
          <Folder>
            <name>E37: uss1_core interuss.automated_testing.flight_planning.v1.UpsertFlightPlan</name>
            <Folder>
              <name>Activity Completed, flight Planned</name>
              <Placemark>
                <name>Volume 0</name>
                <styleUrl>#Planned_Nominal</styleUrl>
                <TimeSpan>
                  <begin>2026-09-01T16:12:30.586167+00:00</begin>
                  <end>2026-09-01T16:57:31.586167+00:00</end>
                </TimeSpan>
                <MultiGeometry>
                  <Polygon>
                    <altitudeMode>absolute</altitudeMode>
                    <outerBoundaryIs>
                      <LinearRing>
                        <coordinates>-96.7586436117025,32.71777243082621,120.32727274253008 -96.75885603693884,32.71801338382339,120.32727274253008 -96.75823551948804,32.71840061442382,120.32727274253008 -96.75793995876997,32.718149288087204,120.32727274253008</coordinates>
                      </LinearRing>
                    </outerBoundaryIs>
                  </Polygon>
                  <Polygon>
                    <altitudeMode>absolute</altitudeMode>
                    <outerBoundaryIs>
                      <LinearRing>
                        <coordinates>-96.7586436117025,32.71777243082621,150.31727274253006 -96.75885603693884,32.71801338382339,150.31727274253006 -96.75823551948804,32.71840061442382,150.31727274253006 -96.75793995876997,32.718149288087204,150.31727274253006</coordinates>
                      </LinearRing>
                    </outerBoundaryIs>
                  </Polygon>
                  <Polygon>
                    <altitudeMode>absolute</altitudeMode>
                    <outerBoundaryIs>
                      <LinearRing>
                        <coordinates>-96.7586436117025,32.71777243082621,120.32727274253008 -96.7586436117025,32.71777243082621,150.31727274253006 -96.75885603693884,32.71801338382339,150.31727274253006 -96.75885603693884,32.71801338382339,120.32727274253008</coordinates>
                      </LinearRing>
                    </outerBoundaryIs>
                  </Polygon>
                  <Polygon>
                    <altitudeMode>absolute</altitudeMode>
                    <outerBoundaryIs>
                      <LinearRing>
                        <coordinates>-96.75885603693884,32.71801338382339,120.32727274253008 -96.75885603693884,32.71801338382339,150.31727274253006 -96.75823551948804,32.71840061442382,150.31727274253006 -96.75823551948804,32.71840061442382,120.32727274253008</coordinates>
                      </LinearRing>
                    </outerBoundaryIs>
                  </Polygon>
                  <Polygon>
                    <altitudeMode>absolute</altitudeMode>
                    <outerBoundaryIs>
                      <LinearRing>
                        <coordinates>-96.75823551948804,32.71840061442382,120.32727274253008 -96.75823551948804,32.71840061442382,150.31727274253006 -96.75793995876997,32.718149288087204,150.31727274253006 -96.75793995876997,32.718149288087204,120.32727274253008</coordinates>
                      </LinearRing>
                    </outerBoundaryIs>
                  </Polygon>
                  <Polygon>
                    <altitudeMode>absolute</altitudeMode>
                    <outerBoundaryIs>
                      <LinearRing>
                        <coordinates>-96.75793995876997,32.718149288087204,120.32727274253008 -96.75793995876997,32.718149288087204,150.31727274253006 -96.7586436117025,32.71777243082621,150.31727274253006 -96.7586436117025,32.71777243082621,120.32727274253008</coordinates>
                      </LinearRing>
                    </outerBoundaryIs>
                  </Polygon>
                </MultiGeometry>
              </Placemark>
            </Folder>
          </Folder>
          <Folder>
            <name>E41: uss1_dss astm.f3548.v21.dss.queryOperationalIntentReferences</name>
            <Placemark>
              <name>area_of_interest</name>
              <styleUrl>#QueryArea</styleUrl>
              <description><![CDATA[<ul><li>uss1's Accepted 9c76378f-7109-451d-800d-2553fa44620b[1]</li></ul>]]></description>
              <TimeSpan>
                <begin>2026-09-01T16:12:30.586167+00:00</begin>
                <end>2026-09-01T16:57:31.586167+00:00</end>
              </TimeSpan>
              <MultiGeometry>
                <Polygon>
                  <altitudeMode>absolute</altitudeMode>
                  <outerBoundaryIs>
                    <LinearRing>
                      <coordinates>-96.75885603693884,32.71777243082621,120.32721197182734 -96.75885603693884,32.71840061442382,120.32721197182734 -96.75793995876997,32.71840061442382,120.32721197182734 -96.75793995876997,32.71777243082621,120.32721197182734</coordinates>
                    </LinearRing>
                  </outerBoundaryIs>
                </Polygon>
                <Polygon>
                  <altitudeMode>absolute</altitudeMode>
                  <outerBoundaryIs>
                    <LinearRing>
                      <coordinates>-96.75885603693884,32.71777243082621,150.31721197182733 -96.75885603693884,32.71840061442382,150.31721197182733 -96.75793995876997,32.71840061442382,150.31721197182733 -96.75793995876997,32.71777243082621,150.31721197182733</coordinates>
                    </LinearRing>
                  </outerBoundaryIs>
                </Polygon>
                <Polygon>
                  <altitudeMode>absolute</altitudeMode>
                  <outerBoundaryIs>
                    <LinearRing>
                      <coordinates>-96.75885603693884,32.71777243082621,120.32721197182734 -96.75885603693884,32.71777243082621,150.31721197182733 -96.75885603693884,32.71840061442382,150.31721197182733 -96.75885603693884,32.71840061442382,120.32721197182734</coordinates>
                    </LinearRing>
                  </outerBoundaryIs>
                </Polygon>
                <Polygon>
                  <altitudeMode>absolute</altitudeMode>
                  <outerBoundaryIs>
                    <LinearRing>
                      <coordinates>-96.75885603693884,32.71840061442382,120.32721197182734 -96.75885603693884,32.71840061442382,150.31721197182733 -96.75793995876997,32.71840061442382,150.31721197182733 -96.75793995876997,32.71840061442382,120.32721197182734</coordinates>
                    </LinearRing>
                  </outerBoundaryIs>
                </Polygon>
                <Polygon>
                  <altitudeMode>absolute</altitudeMode>
                  <outerBoundaryIs>
                    <LinearRing>
                      <coordinates>-96.75793995876997,32.71840061442382,120.32721197182734 -96.75793995876997,32.71840061442382,150.31721197182733 -96.75793995876997,32.71777243082621,150.31721197182733 -96.75793995876997,32.71777243082621,120.32721197182734</coordinates>
                    </LinearRing>
                  </outerBoundaryIs>
                </Polygon>
                <Polygon>
                  <altitudeMode>absolute</altitudeMode>
                  <outerBoundaryIs>
                    <LinearRing>
                      <coordinates>-96.75793995876997,32.71777243082621,120.32721197182734 -96.75793995876997,32.71777243082621,150.31721197182733 -96.75885603693884,32.71777243082621,150.31721197182733 -96.75885603693884,32.71777243082621,120.32721197182734</coordinates>
                    </LinearRing>
                  </outerBoundaryIs>
                </Polygon>
              </MultiGeometry>
            </Placemark>
          </Folder>
          <Folder>
            <name>E45: uss1_core astm.f3548.v21.uss.getOperationalIntentDetails</name>
            <Folder>
              <name>uss1's P0 Accepted 9c76378f-7109-451d-800d-2553fa44620b[1] @ LUpcrwu44H5HCNT78Fw6KZO0.veYnab8jHf9mB1GkuY_</name>
              <Placemark>
                <name>Nominal volume 0</name>
                <styleUrl>#F3548v21Accepted</styleUrl>
                <TimeSpan>
                  <begin>2026-09-01T16:12:31.603880+00:00</begin>
                  <end>2026-09-01T16:57:31.586167+00:00</end>
                </TimeSpan>
                <MultiGeometry>
                  <Polygon>
                    <altitudeMode>absolute</altitudeMode>
                    <outerBoundaryIs>
                      <LinearRing>
                        <coordinates>-96.7586436117025,32.71777243082621,120.32727274253008 -96.75885603693884,32.71801338382339,120.32727274253008 -96.75823551948804,32.71840061442382,120.32727274253008 -96.75793995876997,32.718149288087204,120.32727274253008</coordinates>
                      </LinearRing>
                    </outerBoundaryIs>
                  </Polygon>
                  <Polygon>
                    <altitudeMode>absolute</altitudeMode>
                    <outerBoundaryIs>
                      <LinearRing>
                        <coordinates>-96.7586436117025,32.71777243082621,150.31727274253006 -96.75885603693884,32.71801338382339,150.31727274253006 -96.75823551948804,32.71840061442382,150.31727274253006 -96.75793995876997,32.718149288087204,150.31727274253006</coordinates>
                      </LinearRing>
                    </outerBoundaryIs>
                  </Polygon>
                  <Polygon>
                    <altitudeMode>absolute</altitudeMode>
                    <outerBoundaryIs>
                      <LinearRing>
                        <coordinates>-96.7586436117025,32.71777243082621,120.32727274253008 -96.7586436117025,32.71777243082621,150.31727274253006 -96.75885603693884,32.71801338382339,150.31727274253006 -96.75885603693884,32.71801338382339,120.32727274253008</coordinates>
                      </LinearRing>
                    </outerBoundaryIs>
                  </Polygon>
                  <Polygon>
                    <altitudeMode>absolute</altitudeMode>
                    <outerBoundaryIs>
                      <LinearRing>
                        <coordinates>-96.75885603693884,32.71801338382339,120.32727274253008 -96.75885603693884,32.71801338382339,150.31727274253006 -96.75823551948804,32.71840061442382,150.31727274253006 -96.75823551948804,32.71840061442382,120.32727274253008</coordinates>
                      </LinearRing>
                    </outerBoundaryIs>
                  </Polygon>
                  <Polygon>
                    <altitudeMode>absolute</altitudeMode>
                    <outerBoundaryIs>
                      <LinearRing>
                        <coordinates>-96.75823551948804,32.71840061442382,120.32727274253008 -96.75823551948804,32.71840061442382,150.31727274253006 -96.75793995876997,32.718149288087204,150.31727274253006 -96.75793995876997,32.718149288087204,120.32727274253008</coordinates>
                      </LinearRing>
                    </outerBoundaryIs>
                  </Polygon>
                  <Polygon>
                    <altitudeMode>absolute</altitudeMode>
                    <outerBoundaryIs>
                      <LinearRing>
                        <coordinates>-96.75793995876997,32.718149288087204,120.32727274253008 -96.75793995876997,32.718149288087204,150.31727274253006 -96.7586436117025,32.71777243082621,150.31727274253006 -96.7586436117025,32.71777243082621,120.32727274253008</coordinates>
                      </LinearRing>
                    </outerBoundaryIs>
                  </Polygon>
                </MultiGeometry>
              </Placemark>
            </Folder>
          </Folder>
        </Folder>
        <Folder>
          <name>Plan Flight 2</name>
          <Folder>
            <name>E58: uss1_dss astm.f3548.v21.dss.queryOperationalIntentReferences</name>
            <Placemark>
              <name>area_of_interest</name>
              <styleUrl>#QueryArea</styleUrl>
              <description><![CDATA[<ul><li>uss1's Accepted 9c76378f-7109-451d-800d-2553fa44620b[1]</li></ul>]]></description>
              <TimeSpan>
                <begin>2026-09-01T16:12:30.696709+00:00</begin>
                <end>2026-09-01T16:57:31.696709+00:00</end>
              </TimeSpan>
              <MultiGeometry>
                <Polygon>
                  <altitudeMode>absolute</altitudeMode>
                  <outerBoundaryIs>
                    <LinearRing>
                      <coordinates>-96.75899607628425,32.717821632855895,119.24813014424481 -96.75899607628425,32.718424015430124,119.24813014424481 -96.75846501195453,32.718424015430124,119.24813014424481 -96.75846501195453,32.717821632855895,119.24813014424481</coordinates>
                    </LinearRing>
                  </outerBoundaryIs>
                </Polygon>
                <Polygon>
                  <altitudeMode>absolute</altitudeMode>
                  <outerBoundaryIs>
                    <LinearRing>
                      <coordinates>-96.75899607628425,32.717821632855895,148.3181301442448 -96.75899607628425,32.718424015430124,148.3181301442448 -96.75846501195453,32.718424015430124,148.3181301442448 -96.75846501195453,32.717821632855895,148.3181301442448</coordinates>
                    </LinearRing>
                  </outerBoundaryIs>
                </Polygon>
                <Polygon>
                  <altitudeMode>absolute</altitudeMode>
                  <outerBoundaryIs>
                    <LinearRing>
                      <coordinates>-96.75899607628425,32.717821632855895,119.24813014424481 -96.75899607628425,32.717821632855895,148.3181301442448 -96.75899607628425,32.718424015430124,148.3181301442448 -96.75899607628425,32.718424015430124,119.24813014424481</coordinates>
                    </LinearRing>
                  </outerBoundaryIs>
                </Polygon>
                <Polygon>
                  <altitudeMode>absolute</altitudeMode>
                  <outerBoundaryIs>
                    <LinearRing>
                      <coordinates>-96.75899607628425,32.718424015430124,119.24813014424481 -96.75899607628425,32.718424015430124,148.3181301442448 -96.75846501195453,32.718424015430124,148.3181301442448 -96.75846501195453,32.718424015430124,119.24813014424481</coordinates>
                    </LinearRing>
                  </outerBoundaryIs>
                </Polygon>
                <Polygon>
                  <altitudeMode>absolute</altitudeMode>
                  <outerBoundaryIs>
                    <LinearRing>
                      <coordinates>-96.75846501195453,32.718424015430124,119.24813014424481 -96.75846501195453,32.718424015430124,148.3181301442448 -96.75846501195453,32.717821632855895,148.3181301442448 -96.75846501195453,32.717821632855895,119.24813014424481</coordinates>
                    </LinearRing>
                  </outerBoundaryIs>
                </Polygon>
                <Polygon>
                  <altitudeMode>absolute</altitudeMode>
                  <outerBoundaryIs>
                    <LinearRing>
                      <coordinates>-96.75846501195453,32.717821632855895,119.24813014424481 -96.75846501195453,32.717821632855895,148.3181301442448 -96.75899607628425,32.717821632855895,148.3181301442448 -96.75899607628425,32.717821632855895,119.24813014424481</coordinates>
                    </LinearRing>
                  </outerBoundaryIs>
                </Polygon>
              </MultiGeometry>
            </Placemark>
          </Folder>
          <Folder>
            <name>E60: uss1_core interuss.automated_testing.flight_planning.v1.UpsertFlightPlan</name>
            <Folder>
              <name>Activity Completed, flight Planned</name>
              <Placemark>
                <name>Volume 0</name>
                <styleUrl>#Planned_Nominal</styleUrl>
                <TimeSpan>
                  <begin>2026-09-01T16:12:30.696709+00:00</begin>
                  <end>2026-09-01T16:57:31.696709+00:00</end>
                </TimeSpan>
                <MultiGeometry>
                  <Polygon>
                    <altitudeMode>absolute</altitudeMode>
                    <outerBoundaryIs>
                      <LinearRing>
                        <coordinates>-96.75897457751377,32.71806391428686,119.2481663576577 -96.75846501195453,32.717821632855895,119.2481663576577 -96.75855731707719,32.71826205187991,119.2481663576577 -96.75899607628423,32.71842401543012,119.2481663576577</coordinates>
                      </LinearRing>
                    </outerBoundaryIs>
                  </Polygon>
                  <Polygon>
                    <altitudeMode>absolute</altitudeMode>
                    <outerBoundaryIs>
                      <LinearRing>
                        <coordinates>-96.75897457751377,32.71806391428686,148.3181663576577 -96.75846501195453,32.717821632855895,148.3181663576577 -96.75855731707719,32.71826205187991,148.3181663576577 -96.75899607628423,32.71842401543012,148.3181663576577</coordinates>
                      </LinearRing>
                    </outerBoundaryIs>
                  </Polygon>
                  <Polygon>
                    <altitudeMode>absolute</altitudeMode>
                    <outerBoundaryIs>
                      <LinearRing>
                        <coordinates>-96.75897457751377,32.71806391428686,119.2481663576577 -96.75897457751377,32.71806391428686,148.3181663576577 -96.75846501195453,32.717821632855895,148.3181663576577 -96.75846501195453,32.717821632855895,119.2481663576577</coordinates>
                      </LinearRing>
                    </outerBoundaryIs>
                  </Polygon>
                  <Polygon>
                    <altitudeMode>absolute</altitudeMode>
                    <outerBoundaryIs>
                      <LinearRing>
                        <coordinates>-96.75846501195453,32.717821632855895,119.2481663576577 -96.75846501195453,32.717821632855895,148.3181663576577 -96.75855731707719,32.71826205187991,148.3181663576577 -96.75855731707719,32.71826205187991,119.2481663576577</coordinates>
                      </LinearRing>
                    </outerBoundaryIs>
                  </Polygon>
                  <Polygon>
                    <altitudeMode>absolute</altitudeMode>
                    <outerBoundaryIs>
                      <LinearRing>
                        <coordinates>-96.75855731707719,32.71826205187991,119.2481663576577 -96.75855731707719,32.71826205187991,148.3181663576577 -96.75899607628423,32.71842401543012,148.3181663576577 -96.75899607628423,32.71842401543012,119.2481663576577</coordinates>
                      </LinearRing>
                    </outerBoundaryIs>
                  </Polygon>
                  <Polygon>
                    <altitudeMode>absolute</altitudeMode>
                    <outerBoundaryIs>
                      <LinearRing>
                        <coordinates>-96.75899607628423,32.71842401543012,119.2481663576577 -96.75899607628423,32.71842401543012,148.3181663576577 -96.75897457751377,32.71806391428686,148.3181663576577 -96.75897457751377,32.71806391428686,119.2481663576577</coordinates>
                      </LinearRing>
                    </outerBoundaryIs>
                  </Polygon>
                </MultiGeometry>
              </Placemark>
            </Folder>
          </Folder>
          <Folder>
            <name>E64: uss1_dss astm.f3548.v21.dss.queryOperationalIntentReferences</name>
            <Placemark>
              <name>area_of_interest</name>
              <styleUrl>#QueryArea</styleUrl>
              <description><![CDATA[<ul><li>uss1's Accepted 3bc37f4a-6109-4864-a9f1-85ae8ae70e05[1]</li><li>uss1's Accepted 9c76378f-7109-451d-800d-2553fa44620b[1]</li></ul>]]></description>
              <TimeSpan>
                <begin>2026-09-01T16:12:30.696709+00:00</begin>
                <end>2026-09-01T16:57:31.696709+00:00</end>
              </TimeSpan>
              <MultiGeometry>
                <Polygon>
                  <altitudeMode>absolute</altitudeMode>
                  <outerBoundaryIs>
                    <LinearRing>
                      <coordinates>-96.75899607628425,32.717821632855895,119.24813014424481 -96.75899607628425,32.718424015430124,119.24813014424481 -96.75846501195453,32.718424015430124,119.24813014424481 -96.75846501195453,32.717821632855895,119.24813014424481</coordinates>
                    </LinearRing>
                  </outerBoundaryIs>
                </Polygon>
                <Polygon>
                  <altitudeMode>absolute</altitudeMode>
                  <outerBoundaryIs>
                    <LinearRing>
                      <coordinates>-96.75899607628425,32.717821632855895,148.3181301442448 -96.75899607628425,32.718424015430124,148.3181301442448 -96.75846501195453,32.718424015430124,148.3181301442448 -96.75846501195453,32.717821632855895,148.3181301442448</coordinates>
                    </LinearRing>
                  </outerBoundaryIs>
                </Polygon>
                <Polygon>
                  <altitudeMode>absolute</altitudeMode>
                  <outerBoundaryIs>
                    <LinearRing>
                      <coordinates>-96.75899607628425,32.717821632855895,119.24813014424481 -96.75899607628425,32.717821632855895,148.3181301442448 -96.75899607628425,32.718424015430124,148.3181301442448 -96.75899607628425,32.718424015430124,119.24813014424481</coordinates>
                    </LinearRing>
                  </outerBoundaryIs>
                </Polygon>
                <Polygon>
                  <altitudeMode>absolute</altitudeMode>
                  <outerBoundaryIs>
                    <LinearRing>
                      <coordinates>-96.75899607628425,32.718424015430124,119.24813014424481 -96.75899607628425,32.718424015430124,148.3181301442448 -96.75846501195453,32.718424015430124,148.3181301442448 -96.75846501195453,32.718424015430124,119.24813014424481</coordinates>
                    </LinearRing>
                  </outerBoundaryIs>
                </Polygon>
                <Polygon>
                  <altitudeMode>absolute</altitudeMode>
                  <outerBoundaryIs>
                    <LinearRing>
                      <coordinates>-96.75846501195453,32.718424015430124,119.24813014424481 -96.75846501195453,32.718424015430124,148.3181301442448 -96.75846501195453,32.717821632855895,148.3181301442448 -96.75846501195453,32.717821632855895,119.24813014424481</coordinates>
                    </LinearRing>
                  </outerBoundaryIs>
                </Polygon>
                <Polygon>
                  <altitudeMode>absolute</altitudeMode>
                  <outerBoundaryIs>
                    <LinearRing>
                      <coordinates>-96.75846501195453,32.717821632855895,119.24813014424481 -96.75846501195453,32.717821632855895,148.3181301442448 -96.75899607628425,32.717821632855895,148.3181301442448 -96.75899607628425,32.717821632855895,119.24813014424481</coordinates>
                    </LinearRing>
                  </outerBoundaryIs>
                </Polygon>
              </MultiGeometry>
            </Placemark>
          </Folder>
          <Folder>
            <name>E68: uss1_core astm.f3548.v21.uss.getOperationalIntentDetails</name>
            <Folder>
              <name>uss1's P100 Accepted 3bc37f4a-6109-4864-a9f1-85ae8ae70e05[1] @ MV7xzzkFSttFaue2pycHFSnGNViveUErAnGLhCh7tuk_</name>
              <Placemark>
                <name>Nominal volume 0</name>
                <styleUrl>#F3548v21Accepted</styleUrl>
                <TimeSpan>
                  <begin>2026-09-01T16:12:31.717555+00:00</begin>
                  <end>2026-09-01T16:57:31.696709+00:00</end>
                </TimeSpan>
                <MultiGeometry>
                  <Polygon>
                    <altitudeMode>absolute</altitudeMode>
                    <outerBoundaryIs>
                      <LinearRing>
                        <coordinates>-96.75897457751377,32.71806391428686,119.2481663576577 -96.75846501195453,32.717821632855895,119.2481663576577 -96.75855731707719,32.71826205187991,119.2481663576577 -96.75899607628423,32.71842401543012,119.2481663576577</coordinates>
                      </LinearRing>
                    </outerBoundaryIs>
                  </Polygon>
                  <Polygon>
                    <altitudeMode>absolute</altitudeMode>
                    <outerBoundaryIs>
                      <LinearRing>
                        <coordinates>-96.75897457751377,32.71806391428686,148.3181663576577 -96.75846501195453,32.717821632855895,148.3181663576577 -96.75855731707719,32.71826205187991,148.3181663576577 -96.75899607628423,32.71842401543012,148.3181663576577</coordinates>
                      </LinearRing>
                    </outerBoundaryIs>
                  </Polygon>
                  <Polygon>
                    <altitudeMode>absolute</altitudeMode>
                    <outerBoundaryIs>
                      <LinearRing>
                        <coordinates>-96.75897457751377,32.71806391428686,119.2481663576577 -96.75897457751377,32.71806391428686,148.3181663576577 -96.75846501195453,32.717821632855895,148.3181663576577 -96.75846501195453,32.717821632855895,119.2481663576577</coordinates>
                      </LinearRing>
                    </outerBoundaryIs>
                  </Polygon>
                  <Polygon>
                    <altitudeMode>absolute</altitudeMode>
                    <outerBoundaryIs>
                      <LinearRing>
                        <coordinates>-96.75846501195453,32.717821632855895,119.2481663576577 -96.75846501195453,32.717821632855895,148.3181663576577 -96.75855731707719,32.71826205187991,148.3181663576577 -96.75855731707719,32.71826205187991,119.2481663576577</coordinates>
                      </LinearRing>
                    </outerBoundaryIs>
                  </Polygon>
                  <Polygon>
                    <altitudeMode>absolute</altitudeMode>
                    <outerBoundaryIs>
                      <LinearRing>
                        <coordinates>-96.75855731707719,32.71826205187991,119.2481663576577 -96.75855731707719,32.71826205187991,148.3181663576577 -96.75899607628423,32.71842401543012,148.3181663576577 -96.75899607628423,32.71842401543012,119.2481663576577</coordinates>
                      </LinearRing>
                    </outerBoundaryIs>
                  </Polygon>
                  <Polygon>
                    <altitudeMode>absolute</altitudeMode>
                    <outerBoundaryIs>
                      <LinearRing>
                        <coordinates>-96.75899607628423,32.71842401543012,119.2481663576577 -96.75899607628423,32.71842401543012,148.3181663576577 -96.75897457751377,32.71806391428686,148.3181663576577 -96.75897457751377,32.71806391428686,119.2481663576577</coordinates>
                      </LinearRing>
                    </outerBoundaryIs>
                  </Polygon>
                </MultiGeometry>
              </Placemark>
            </Folder>
          </Folder>
        </Folder>
        <Folder>
          <name>Check for conflict notifications</name>
        </Folder>
        <Folder>
          <name>Attempt to modify planned Flight 1 in conflict</name>
          <Folder>
            <name>E83: uss1_dss astm.f3548.v21.dss.queryOperationalIntentReferences</name>
            <Placemark>
              <name>area_of_interest</name>
              <styleUrl>#QueryArea</styleUrl>
              <description><![CDATA[<ul><li>uss1's Accepted 3bc37f4a-6109-4864-a9f1-85ae8ae70e05[1]</li><li>uss1's Accepted 9c76378f-7109-451d-800d-2553fa44620b[1]</li></ul>]]></description>
              <TimeSpan>
                <begin>2026-09-01T16:12:30.824781+00:00</begin>
                <end>2026-09-01T16:57:31.824781+00:00</end>
              </TimeSpan>
              <MultiGeometry>
                <Polygon>
                  <altitudeMode>absolute</altitudeMode>
                  <outerBoundaryIs>
                    <LinearRing>
                      <coordinates>-96.75885603693884,32.71777243082621,90.28721197182733 -96.75885603693884,32.71840061442382,90.28721197182733 -96.75793995876997,32.71840061442382,90.28721197182733 -96.75793995876997,32.71777243082621,90.28721197182733</coordinates>
                    </LinearRing>
                  </outerBoundaryIs>
                </Polygon>
                <Polygon>
                  <altitudeMode>absolute</altitudeMode>
                  <outerBoundaryIs>
                    <LinearRing>
                      <coordinates>-96.75885603693884,32.71777243082621,150.31721197182733 -96.75885603693884,32.71840061442382,150.31721197182733 -96.75793995876997,32.71840061442382,150.31721197182733 -96.75793995876997,32.71777243082621,150.31721197182733</coordinates>
                    </LinearRing>
                  </outerBoundaryIs>
                </Polygon>
                <Polygon>
                  <altitudeMode>absolute</altitudeMode>
                  <outerBoundaryIs>
                    <LinearRing>
                      <coordinates>-96.75885603693884,32.71777243082621,90.28721197182733 -96.75885603693884,32.71777243082621,150.31721197182733 -96.75885603693884,32.71840061442382,150.31721197182733 -96.75885603693884,32.71840061442382,90.28721197182733</coordinates>
                    </LinearRing>
                  </outerBoundaryIs>
                </Polygon>
                <Polygon>
                  <altitudeMode>absolute</altitudeMode>
                  <outerBoundaryIs>
                    <LinearRing>
                      <coordinates>-96.75885603693884,32.71840061442382,90.28721197182733 -96.75885603693884,32.71840061442382,150.31721197182733 -96.75793995876997,32.71840061442382,150.31721197182733 -96.75793995876997,32.71840061442382,90.28721197182733</coordinates>
                    </LinearRing>
                  </outerBoundaryIs>
                </Polygon>
                <Polygon>
                  <altitudeMode>absolute</altitudeMode>
                  <outerBoundaryIs>
                    <LinearRing>
                      <coordinates>-96.75793995876997,32.71840061442382,90.28721197182733 -96.75793995876997,32.71840061442382,150.31721197182733 -96.75793995876997,32.71777243082621,150.31721197182733 -96.75793995876997,32.71777243082621,90.28721197182733</coordinates>
                    </LinearRing>
                  </outerBoundaryIs>
                </Polygon>
                <Polygon>
                  <altitudeMode>absolute</altitudeMode>
                  <outerBoundaryIs>
                    <LinearRing>
                      <coordinates>-96.75793995876997,32.71777243082621,90.28721197182733 -96.75793995876997,32.71777243082621,150.31721197182733 -96.75885603693884,32.71777243082621,150.31721197182733 -96.75885603693884,32.71777243082621,90.28721197182733</coordinates>
                    </LinearRing>
                  </outerBoundaryIs>
                </Polygon>
              </MultiGeometry>
            </Placemark>
          </Folder>
          <Folder>
            <name>E85: uss1_core interuss.automated_testing.flight_planning.v1.UpsertFlightPlan</name>
            <Folder>
              <name>Activity Rejected, flight Planned</name>
              <Placemark>
                <name>Volume 0</name>
                <styleUrl>#Planned_Nominal</styleUrl>
                <TimeSpan>
                  <begin>2026-09-01T16:12:30.824781+00:00</begin>
                  <end>2026-09-01T16:57:31.824781+00:00</end>
                </TimeSpan>
                <MultiGeometry>
                  <Polygon>
                    <altitudeMode>absolute</altitudeMode>
                    <outerBoundaryIs>
                      <LinearRing>
                        <coordinates>-96.75840495207224,32.71792136563181,90.28688227633265 -96.75861737701852,32.71816231903137,90.28688227633265 -96.75823551948804,32.71840061442382,90.28688227633265 -96.75793995876997,32.718149288087204,90.28688227633265</coordinates>
                      </LinearRing>
                    </outerBoundaryIs>
                  </Polygon>
                  <Polygon>
                    <altitudeMode>absolute</altitudeMode>
                    <outerBoundaryIs>
                      <LinearRing>
                        <coordinates>-96.75840495207224,32.71792136563181,150.31688227633265 -96.75861737701852,32.71816231903137,150.31688227633265 -96.75823551948804,32.71840061442382,150.31688227633265 -96.75793995876997,32.718149288087204,150.31688227633265</coordinates>
                      </LinearRing>
                    </outerBoundaryIs>
                  </Polygon>
                  <Polygon>
                    <altitudeMode>absolute</altitudeMode>
                    <outerBoundaryIs>
                      <LinearRing>
                        <coordinates>-96.75840495207224,32.71792136563181,90.28688227633265 -96.75840495207224,32.71792136563181,150.31688227633265 -96.75861737701852,32.71816231903137,150.31688227633265 -96.75861737701852,32.71816231903137,90.28688227633265</coordinates>
                      </LinearRing>
                    </outerBoundaryIs>
                  </Polygon>
                  <Polygon>
                    <altitudeMode>absolute</altitudeMode>
                    <outerBoundaryIs>
                      <LinearRing>
                        <coordinates>-96.75861737701852,32.71816231903137,90.28688227633265 -96.75861737701852,32.71816231903137,150.31688227633265 -96.75823551948804,32.71840061442382,150.31688227633265 -96.75823551948804,32.71840061442382,90.28688227633265</coordinates>
                      </LinearRing>
                    </outerBoundaryIs>
                  </Polygon>
                  <Polygon>
                    <altitudeMode>absolute</altitudeMode>
                    <outerBoundaryIs>
                      <LinearRing>
                        <coordinates>-96.75823551948804,32.71840061442382,90.28688227633265 -96.75823551948804,32.71840061442382,150.31688227633265 -96.75793995876997,32.718149288087204,150.31688227633265 -96.75793995876997,32.718149288087204,90.28688227633265</coordinates>
                      </LinearRing>
                    </outerBoundaryIs>
                  </Polygon>
                  <Polygon>
                    <altitudeMode>absolute</altitudeMode>
                    <outerBoundaryIs>
                      <LinearRing>
                        <coordinates>-96.75793995876997,32.718149288087204,90.28688227633265 -96.75793995876997,32.718149288087204,150.31688227633265 -96.75840495207224,32.71792136563181,150.31688227633265 -96.75840495207224,32.71792136563181,90.28688227633265</coordinates>
                      </LinearRing>
                    </outerBoundaryIs>
                  </Polygon>
                </MultiGeometry>
              </Placemark>
            </Folder>
          </Folder>
          <Folder>
            <name>E88: uss1_dss astm.f3548.v21.dss.queryOperationalIntentReferences</name>
            <Placemark>
              <name>area_of_interest</name>
              <styleUrl>#QueryArea</styleUrl>
              <description><![CDATA[<ul><li>uss1's Accepted 3bc37f4a-6109-4864-a9f1-85ae8ae70e05[1]</li><li>uss1's Accepted 9c76378f-7109-451d-800d-2553fa44620b[1]</li></ul>]]></description>
              <TimeSpan>
                <begin>2026-09-01T16:12:30.824781+00:00</begin>
                <end>2026-09-01T16:57:31.824781+00:00</end>
              </TimeSpan>
              <MultiGeometry>
                <Polygon>
                  <altitudeMode>absolute</altitudeMode>
                  <outerBoundaryIs>
                    <LinearRing>
                      <coordinates>-96.75885603693884,32.71777243082621,90.28721197182733 -96.75885603693884,32.71840061442382,90.28721197182733 -96.75793995876997,32.71840061442382,90.28721197182733 -96.75793995876997,32.71777243082621,90.28721197182733</coordinates>
                    </LinearRing>
                  </outerBoundaryIs>
                </Polygon>
                <Polygon>
                  <altitudeMode>absolute</altitudeMode>
                  <outerBoundaryIs>
                    <LinearRing>
                      <coordinates>-96.75885603693884,32.71777243082621,150.31721197182733 -96.75885603693884,32.71840061442382,150.31721197182733 -96.75793995876997,32.71840061442382,150.31721197182733 -96.75793995876997,32.71777243082621,150.31721197182733</coordinates>
                    </LinearRing>
                  </outerBoundaryIs>
                </Polygon>
                <Polygon>
                  <altitudeMode>absolute</altitudeMode>
                  <outerBoundaryIs>
                    <LinearRing>
                      <coordinates>-96.75885603693884,32.71777243082621,90.28721197182733 -96.75885603693884,32.71777243082621,150.31721197182733 -96.75885603693884,32.71840061442382,150.31721197182733 -96.75885603693884,32.71840061442382,90.28721197182733</coordinates>
                    </LinearRing>
                  </outerBoundaryIs>
                </Polygon>
                <Polygon>
                  <altitudeMode>absolute</altitudeMode>
                  <outerBoundaryIs>
                    <LinearRing>
                      <coordinates>-96.75885603693884,32.71840061442382,90.28721197182733 -96.75885603693884,32.71840061442382,150.31721197182733 -96.75793995876997,32.71840061442382,150.31721197182733 -96.75793995876997,32.71840061442382,90.28721197182733</coordinates>
                    </LinearRing>
                  </outerBoundaryIs>
                </Polygon>
                <Polygon>
                  <altitudeMode>absolute</altitudeMode>
                  <outerBoundaryIs>
                    <LinearRing>
                      <coordinates>-96.75793995876997,32.71840061442382,90.28721197182733 -96.75793995876997,32.71840061442382,150.31721197182733 -96.75793995876997,32.71777243082621,150.31721197182733 -96.75793995876997,32.71777243082621,90.28721197182733</coordinates>
                    </LinearRing>
                  </outerBoundaryIs>
                </Polygon>
                <Polygon>
                  <altitudeMode>absolute</altitudeMode>
                  <outerBoundaryIs>
                    <LinearRing>
                      <coordinates>-96.75793995876997,32.71777243082621,90.28721197182733 -96.75793995876997,32.71777243082621,150.31721197182733 -96.75885603693884,32.71777243082621,150.31721197182733 -96.75885603693884,32.71777243082621,90.28721197182733</coordinates>
                    </LinearRing>
                  </outerBoundaryIs>
                </Polygon>
              </MultiGeometry>
            </Placemark>
          </Folder>
          <Folder>
            <name>E92: uss1_core astm.f3548.v21.uss.getOperationalIntentDetails</name>
            <Folder>
              <name>uss1's P0 Accepted 9c76378f-7109-451d-800d-2553fa44620b[1] @ LUpcrwu44H5HCNT78Fw6KZO0.veYnab8jHf9mB1GkuY_</name>
              <Placemark>
                <name>Nominal volume 0</name>
                <styleUrl>#F3548v21Accepted</styleUrl>
                <TimeSpan>
                  <begin>2026-09-01T16:12:31.603880+00:00</begin>
                  <end>2026-09-01T16:57:31.586167+00:00</end>
                </TimeSpan>
                <MultiGeometry>
                  <Polygon>
                    <altitudeMode>absolute</altitudeMode>
                    <outerBoundaryIs>
                      <LinearRing>
                        <coordinates>-96.7586436117025,32.71777243082621,120.32727274253008 -96.75885603693884,32.71801338382339,120.32727274253008 -96.75823551948804,32.71840061442382,120.32727274253008 -96.75793995876997,32.718149288087204,120.32727274253008</coordinates>
                      </LinearRing>
                    </outerBoundaryIs>
                  </Polygon>
                  <Polygon>
                    <altitudeMode>absolute</altitudeMode>
                    <outerBoundaryIs>
                      <LinearRing>
                        <coordinates>-96.7586436117025,32.71777243082621,150.31727274253006 -96.75885603693884,32.71801338382339,150.31727274253006 -96.75823551948804,32.71840061442382,150.31727274253006 -96.75793995876997,32.718149288087204,150.31727274253006</coordinates>
                      </LinearRing>
                    </outerBoundaryIs>
                  </Polygon>
                  <Polygon>
                    <altitudeMode>absolute</altitudeMode>
                    <outerBoundaryIs>
                      <LinearRing>
                        <coordinates>-96.7586436117025,32.71777243082621,120.32727274253008 -96.7586436117025,32.71777243082621,150.31727274253006 -96.75885603693884,32.71801338382339,150.31727274253006 -96.75885603693884,32.71801338382339,120.32727274253008</coordinates>
                      </LinearRing>
                    </outerBoundaryIs>
                  </Polygon>
                  <Polygon>
                    <altitudeMode>absolute</altitudeMode>
                    <outerBoundaryIs>
                      <LinearRing>
                        <coordinates>-96.75885603693884,32.71801338382339,120.32727274253008 -96.75885603693884,32.71801338382339,150.31727274253006 -96.75823551948804,32.71840061442382,150.31727274253006 -96.75823551948804,32.71840061442382,120.32727274253008</coordinates>
                      </LinearRing>
                    </outerBoundaryIs>
                  </Polygon>
                  <Polygon>
                    <altitudeMode>absolute</altitudeMode>
                    <outerBoundaryIs>
                      <LinearRing>
                        <coordinates>-96.75823551948804,32.71840061442382,120.32727274253008 -96.75823551948804,32.71840061442382,150.31727274253006 -96.75793995876997,32.718149288087204,150.31727274253006 -96.75793995876997,32.718149288087204,120.32727274253008</coordinates>
                      </LinearRing>
                    </outerBoundaryIs>
                  </Polygon>
                  <Polygon>
                    <altitudeMode>absolute</altitudeMode>
                    <outerBoundaryIs>
                      <LinearRing>
                        <coordinates>-96.75793995876997,32.718149288087204,120.32727274253008 -96.75793995876997,32.718149288087204,150.31727274253006 -96.7586436117025,32.71777243082621,150.31727274253006 -96.7586436117025,32.71777243082621,120.32727274253008</coordinates>
                      </LinearRing>
                    </outerBoundaryIs>
                  </Polygon>
                </MultiGeometry>
              </Placemark>
            </Folder>
          </Folder>
        </Folder>
      </Folder>
      <Folder>
        <name>Attempt to activate flight in conflict</name>
        <Folder>
          <name>Attempt to activate conflicting Flight 1</name>
          <Folder>
            <name>E101: uss1_dss astm.f3548.v21.dss.queryOperationalIntentReferences</name>
            <Placemark>
              <name>area_of_interest</name>
              <styleUrl>#QueryArea</styleUrl>
              <description><![CDATA[<ul><li>uss1's Accepted 3bc37f4a-6109-4864-a9f1-85ae8ae70e05[1]</li><li>uss1's Accepted 9c76378f-7109-451d-800d-2553fa44620b[1]</li></ul>]]></description>
              <TimeSpan>
                <begin>2026-09-01T16:12:30.911824+00:00</begin>
                <end>2026-09-01T16:57:31.911824+00:00</end>
              </TimeSpan>
              <MultiGeometry>
                <Polygon>
                  <altitudeMode>absolute</altitudeMode>
                  <outerBoundaryIs>
                    <LinearRing>
                      <coordinates>-96.75885603693884,32.71777243082621,120.32721197182734 -96.75885603693884,32.71840061442382,120.32721197182734 -96.75793995876997,32.71840061442382,120.32721197182734 -96.75793995876997,32.71777243082621,120.32721197182734</coordinates>
                    </LinearRing>
                  </outerBoundaryIs>
                </Polygon>
                <Polygon>
                  <altitudeMode>absolute</altitudeMode>
                  <outerBoundaryIs>
                    <LinearRing>
                      <coordinates>-96.75885603693884,32.71777243082621,150.31721197182733 -96.75885603693884,32.71840061442382,150.31721197182733 -96.75793995876997,32.71840061442382,150.31721197182733 -96.75793995876997,32.71777243082621,150.31721197182733</coordinates>
                    </LinearRing>
                  </outerBoundaryIs>
                </Polygon>
                <Polygon>
                  <altitudeMode>absolute</altitudeMode>
                  <outerBoundaryIs>
                    <LinearRing>
                      <coordinates>-96.75885603693884,32.71777243082621,120.32721197182734 -96.75885603693884,32.71777243082621,150.31721197182733 -96.75885603693884,32.71840061442382,150.31721197182733 -96.75885603693884,32.71840061442382,120.32721197182734</coordinates>
                    </LinearRing>
                  </outerBoundaryIs>
                </Polygon>
                <Polygon>
                  <altitudeMode>absolute</altitudeMode>
                  <outerBoundaryIs>
                    <LinearRing>
                      <coordinates>-96.75885603693884,32.71840061442382,120.32721197182734 -96.75885603693884,32.71840061442382,150.31721197182733 -96.75793995876997,32.71840061442382,150.31721197182733 -96.75793995876997,32.71840061442382,120.32721197182734</coordinates>
                    </LinearRing>
                  </outerBoundaryIs>
                </Polygon>
                <Polygon>
                  <altitudeMode>absolute</altitudeMode>
                  <outerBoundaryIs>
                    <LinearRing>
                      <coordinates>-96.75793995876997,32.71840061442382,120.32721197182734 -96.75793995876997,32.71840061442382,150.31721197182733 -96.75793995876997,32.71777243082621,150.31721197182733 -96.75793995876997,32.71777243082621,120.32721197182734</coordinates>
                    </LinearRing>
                  </outerBoundaryIs>
                </Polygon>
                <Polygon>
                  <altitudeMode>absolute</altitudeMode>
                  <outerBoundaryIs>
                    <LinearRing>
                      <coordinates>-96.75793995876997,32.71777243082621,120.32721197182734 -96.75793995876997,32.71777243082621,150.31721197182733 -96.75885603693884,32.71777243082621,150.31721197182733 -96.75885603693884,32.71777243082621,120.32721197182734</coordinates>
                    </LinearRing>
                  </outerBoundaryIs>
                </Polygon>
              </MultiGeometry>
            </Placemark>
          </Folder>
          <Folder>
            <name>E103: uss1_core interuss.automated_testing.flight_planning.v1.UpsertFlightPlan</name>
            <Folder>
              <name>Activity Rejected, flight Planned</name>
              <Placemark>
                <name>Volume 0</name>
                <styleUrl>#InUse_Nominal</styleUrl>
                <TimeSpan>
                  <begin>2026-09-01T16:12:30.911824+00:00</begin>
                  <end>2026-09-01T16:57:31.911824+00:00</end>
                </TimeSpan>
                <MultiGeometry>
                  <Polygon>
                    <altitudeMode>absolute</altitudeMode>
                    <outerBoundaryIs>
                      <LinearRing>
                        <coordinates>-96.7586436117025,32.71777243082621,120.33727274253008 -96.75885603693884,32.71801338382339,120.33727274253008 -96.75823551948804,32.71840061442382,120.33727274253008 -96.75793995876997,32.718149288087204,120.33727274253008</coordinates>
                      </LinearRing>
                    </outerBoundaryIs>
                  </Polygon>
                  <Polygon>
                    <altitudeMode>absolute</altitudeMode>
                    <outerBoundaryIs>
                      <LinearRing>
                        <coordinates>-96.7586436117025,32.71777243082621,150.31727274253006 -96.75885603693884,32.71801338382339,150.31727274253006 -96.75823551948804,32.71840061442382,150.31727274253006 -96.75793995876997,32.718149288087204,150.31727274253006</coordinates>
                      </LinearRing>
                    </outerBoundaryIs>
                  </Polygon>
                  <Polygon>
                    <altitudeMode>absolute</altitudeMode>
                    <outerBoundaryIs>
                      <LinearRing>
                        <coordinates>-96.7586436117025,32.71777243082621,120.33727274253008 -96.7586436117025,32.71777243082621,150.31727274253006 -96.75885603693884,32.71801338382339,150.31727274253006 -96.75885603693884,32.71801338382339,120.33727274253008</coordinates>
                      </LinearRing>
                    </outerBoundaryIs>
                  </Polygon>
                  <Polygon>
                    <altitudeMode>absolute</altitudeMode>
                    <outerBoundaryIs>
                      <LinearRing>
                        <coordinates>-96.75885603693884,32.71801338382339,120.33727274253008 -96.75885603693884,32.71801338382339,150.31727274253006 -96.75823551948804,32.71840061442382,150.31727274253006 -96.75823551948804,32.71840061442382,120.33727274253008</coordinates>
                      </LinearRing>
                    </outerBoundaryIs>
                  </Polygon>
                  <Polygon>
                    <altitudeMode>absolute</altitudeMode>
                    <outerBoundaryIs>
                      <LinearRing>
                        <coordinates>-96.75823551948804,32.71840061442382,120.33727274253008 -96.75823551948804,32.71840061442382,150.31727274253006 -96.75793995876997,32.718149288087204,150.31727274253006 -96.75793995876997,32.718149288087204,120.33727274253008</coordinates>
                      </LinearRing>
                    </outerBoundaryIs>
                  </Polygon>
                  <Polygon>
                    <altitudeMode>absolute</altitudeMode>
                    <outerBoundaryIs>
                      <LinearRing>
                        <coordinates>-96.75793995876997,32.718149288087204,120.33727274253008 -96.75793995876997,32.718149288087204,150.31727274253006 -96.7586436117025,32.71777243082621,150.31727274253006 -96.7586436117025,32.71777243082621,120.33727274253008</coordinates>
                      </LinearRing>
                    </outerBoundaryIs>
                  </Polygon>
                </MultiGeometry>
              </Placemark>
            </Folder>
          </Folder>
          <Folder>
            <name>E106: uss1_dss astm.f3548.v21.dss.queryOperationalIntentReferences</name>
            <Placemark>
              <name>area_of_interest</name>
              <styleUrl>#QueryArea</styleUrl>
              <description><![CDATA[<ul><li>uss1's Accepted 3bc37f4a-6109-4864-a9f1-85ae8ae70e05[1]</li><li>uss1's Accepted 9c76378f-7109-451d-800d-2553fa44620b[1]</li></ul>]]></description>
              <TimeSpan>
                <begin>2026-09-01T16:12:30.911824+00:00</begin>
                <end>2026-09-01T16:57:31.911824+00:00</end>
              </TimeSpan>
              <MultiGeometry>
                <Polygon>
                  <altitudeMode>absolute</altitudeMode>
                  <outerBoundaryIs>
                    <LinearRing>
                      <coordinates>-96.75885603693884,32.71777243082621,120.32721197182734 -96.75885603693884,32.71840061442382,120.32721197182734 -96.75793995876997,32.71840061442382,120.32721197182734 -96.75793995876997,32.71777243082621,120.32721197182734</coordinates>
                    </LinearRing>
                  </outerBoundaryIs>
                </Polygon>
                <Polygon>
                  <altitudeMode>absolute</altitudeMode>
                  <outerBoundaryIs>
                    <LinearRing>
                      <coordinates>-96.75885603693884,32.71777243082621,150.31721197182733 -96.75885603693884,32.71840061442382,150.31721197182733 -96.75793995876997,32.71840061442382,150.31721197182733 -96.75793995876997,32.71777243082621,150.31721197182733</coordinates>
                    </LinearRing>
                  </outerBoundaryIs>
                </Polygon>
                <Polygon>
                  <altitudeMode>absolute</altitudeMode>
                  <outerBoundaryIs>
                    <LinearRing>
                      <coordinates>-96.75885603693884,32.71777243082621,120.32721197182734 -96.75885603693884,32.71777243082621,150.31721197182733 -96.75885603693884,32.71840061442382,150.31721197182733 -96.75885603693884,32.71840061442382,120.32721197182734</coordinates>
                    </LinearRing>
                  </outerBoundaryIs>
                </Polygon>
                <Polygon>
                  <altitudeMode>absolute</altitudeMode>
                  <outerBoundaryIs>
                    <LinearRing>
                      <coordinates>-96.75885603693884,32.71840061442382,120.32721197182734 -96.75885603693884,32.71840061442382,150.31721197182733 -96.75793995876997,32.71840061442382,150.31721197182733 -96.75793995876997,32.71840061442382,120.32721197182734</coordinates>
                    </LinearRing>
                  </outerBoundaryIs>
                </Polygon>
                <Polygon>
                  <altitudeMode>absolute</altitudeMode>
                  <outerBoundaryIs>
                    <LinearRing>
                      <coordinates>-96.75793995876997,32.71840061442382,120.32721197182734 -96.75793995876997,32.71840061442382,150.31721197182733 -96.75793995876997,32.71777243082621,150.31721197182733 -96.75793995876997,32.71777243082621,120.32721197182734</coordinates>
                    </LinearRing>
                  </outerBoundaryIs>
                </Polygon>
                <Polygon>
                  <altitudeMode>absolute</altitudeMode>
                  <outerBoundaryIs>
                    <LinearRing>
                      <coordinates>-96.75793995876997,32.71777243082621,120.32721197182734 -96.75793995876997,32.71777243082621,150.31721197182733 -96.75885603693884,32.71777243082621,150.31721197182733 -96.75885603693884,32.71777243082621,120.32721197182734</coordinates>
                    </LinearRing>
                  </outerBoundaryIs>
                </Polygon>
              </MultiGeometry>
            </Placemark>
          </Folder>
          <Folder>
            <name>E110: uss1_core astm.f3548.v21.uss.getOperationalIntentDetails</name>
            <Folder>
              <name>uss1's P0 Accepted 9c76378f-7109-451d-800d-2553fa44620b[1] @ LUpcrwu44H5HCNT78Fw6KZO0.veYnab8jHf9mB1GkuY_</name>
              <Placemark>
                <name>Nominal volume 0</name>
                <styleUrl>#F3548v21Accepted</styleUrl>
                <TimeSpan>
                  <begin>2026-09-01T16:12:31.603880+00:00</begin>
                  <end>2026-09-01T16:57:31.586167+00:00</end>
                </TimeSpan>
                <MultiGeometry>
                  <Polygon>
                    <altitudeMode>absolute</altitudeMode>
                    <outerBoundaryIs>
                      <LinearRing>
                        <coordinates>-96.7586436117025,32.71777243082621,120.32727274253008 -96.75885603693884,32.71801338382339,120.32727274253008 -96.75823551948804,32.71840061442382,120.32727274253008 -96.75793995876997,32.718149288087204,120.32727274253008</coordinates>
                      </LinearRing>
                    </outerBoundaryIs>
                  </Polygon>
                  <Polygon>
                    <altitudeMode>absolute</altitudeMode>
                    <outerBoundaryIs>
                      <LinearRing>
                        <coordinates>-96.7586436117025,32.71777243082621,150.31727274253006 -96.75885603693884,32.71801338382339,150.31727274253006 -96.75823551948804,32.71840061442382,150.31727274253006 -96.75793995876997,32.718149288087204,150.31727274253006</coordinates>
                      </LinearRing>
                    </outerBoundaryIs>
                  </Polygon>
                  <Polygon>
                    <altitudeMode>absolute</altitudeMode>
                    <outerBoundaryIs>
                      <LinearRing>
                        <coordinates>-96.7586436117025,32.71777243082621,120.32727274253008 -96.7586436117025,32.71777243082621,150.31727274253006 -96.75885603693884,32.71801338382339,150.31727274253006 -96.75885603693884,32.71801338382339,120.32727274253008</coordinates>
                      </LinearRing>
                    </outerBoundaryIs>
                  </Polygon>
                  <Polygon>
                    <altitudeMode>absolute</altitudeMode>
                    <outerBoundaryIs>
                      <LinearRing>
                        <coordinates>-96.75885603693884,32.71801338382339,120.32727274253008 -96.75885603693884,32.71801338382339,150.31727274253006 -96.75823551948804,32.71840061442382,150.31727274253006 -96.75823551948804,32.71840061442382,120.32727274253008</coordinates>
                      </LinearRing>
                    </outerBoundaryIs>
                  </Polygon>
                  <Polygon>
                    <altitudeMode>absolute</altitudeMode>
                    <outerBoundaryIs>
                      <LinearRing>
                        <coordinates>-96.75823551948804,32.71840061442382,120.32727274253008 -96.75823551948804,32.71840061442382,150.31727274253006 -96.75793995876997,32.718149288087204,150.31727274253006 -96.75793995876997,32.718149288087204,120.32727274253008</coordinates>
                      </LinearRing>
                    </outerBoundaryIs>
                  </Polygon>
                  <Polygon>
                    <altitudeMode>absolute</altitudeMode>
                    <outerBoundaryIs>
                      <LinearRing>
                        <coordinates>-96.75793995876997,32.718149288087204,120.32727274253008 -96.75793995876997,32.718149288087204,150.31727274253006 -96.7586436117025,32.71777243082621,150.31727274253006 -96.7586436117025,32.71777243082621,120.32727274253008</coordinates>
                      </LinearRing>
                    </outerBoundaryIs>
                  </Polygon>
                </MultiGeometry>
              </Placemark>
            </Folder>
          </Folder>
        </Folder>
      </Folder>
      <Folder>
        <name>Modify activated flight with pre-existing conflict</name>
        <Folder>
          <name>Delete Flight 2</name>
        </Folder>
        <Folder>
          <name>Activate Flight 1</name>
          <Folder>
            <name>E121: uss1_dss astm.f3548.v21.dss.queryOperationalIntentReferences</name>
            <Placemark>
              <name>area_of_interest</name>
              <styleUrl>#QueryArea</styleUrl>
              <description><![CDATA[<ul><li>uss1's Accepted 9c76378f-7109-451d-800d-2553fa44620b[1]</li></ul>]]></description>
              <TimeSpan>
                <begin>2026-09-01T16:12:31.029221+00:00</begin>
                <end>2026-09-01T16:57:32.029221+00:00</end>
              </TimeSpan>
              <MultiGeometry>
                <Polygon>
                  <altitudeMode>absolute</altitudeMode>
                  <outerBoundaryIs>
                    <LinearRing>
                      <coordinates>-96.75885603693884,32.71777243082621,120.33721197182733 -96.75885603693884,32.71840061442382,120.33721197182733 -96.75793995876997,32.71840061442382,120.33721197182733 -96.75793995876997,32.71777243082621,120.33721197182733</coordinates>
                    </LinearRing>
                  </outerBoundaryIs>
                </Polygon>
                <Polygon>
                  <altitudeMode>absolute</altitudeMode>
                  <outerBoundaryIs>
                    <LinearRing>
                      <coordinates>-96.75885603693884,32.71777243082621,150.31721197182733 -96.75885603693884,32.71840061442382,150.31721197182733 -96.75793995876997,32.71840061442382,150.31721197182733 -96.75793995876997,32.71777243082621,150.31721197182733</coordinates>
                    </LinearRing>
                  </outerBoundaryIs>
                </Polygon>
                <Polygon>
                  <altitudeMode>absolute</altitudeMode>
                  <outerBoundaryIs>
                    <LinearRing>
                      <coordinates>-96.75885603693884,32.71777243082621,120.33721197182733 -96.75885603693884,32.71777243082621,150.31721197182733 -96.75885603693884,32.71840061442382,150.31721197182733 -96.75885603693884,32.71840061442382,120.33721197182733</coordinates>
                    </LinearRing>
                  </outerBoundaryIs>
                </Polygon>
                <Polygon>
                  <altitudeMode>absolute</altitudeMode>
                  <outerBoundaryIs>
                    <LinearRing>
                      <coordinates>-96.75885603693884,32.71840061442382,120.33721197182733 -96.75885603693884,32.71840061442382,150.31721197182733 -96.75793995876997,32.71840061442382,150.31721197182733 -96.75793995876997,32.71840061442382,120.33721197182733</coordinates>
                    </LinearRing>
                  </outerBoundaryIs>
                </Polygon>
                <Polygon>
                  <altitudeMode>absolute</altitudeMode>
                  <outerBoundaryIs>
                    <LinearRing>
                      <coordinates>-96.75793995876997,32.71840061442382,120.33721197182733 -96.75793995876997,32.71840061442382,150.31721197182733 -96.75793995876997,32.71777243082621,150.31721197182733 -96.75793995876997,32.71777243082621,120.33721197182733</coordinates>
                    </LinearRing>
                  </outerBoundaryIs>
                </Polygon>
                <Polygon>
                  <altitudeMode>absolute</altitudeMode>
                  <outerBoundaryIs>
                    <LinearRing>
                      <coordinates>-96.75793995876997,32.71777243082621,120.33721197182733 -96.75793995876997,32.71777243082621,150.31721197182733 -96.75885603693884,32.71777243082621,150.31721197182733 -96.75885603693884,32.71777243082621,120.33721197182733</coordinates>
                    </LinearRing>
                  </outerBoundaryIs>
                </Polygon>
              </MultiGeometry>
            </Placemark>
          </Folder>
          <Folder>
            <name>E123: uss1_core interuss.automated_testing.flight_planning.v1.UpsertFlightPlan</name>
            <Folder>
              <name>Activity Completed, flight OkToFly</name>
              <Placemark>
                <name>Volume 0</name>
                <styleUrl>#InUse_Nominal</styleUrl>
                <TimeSpan>
                  <begin>2026-09-01T16:12:31.029221+00:00</begin>
                  <end>2026-09-01T16:57:32.029221+00:00</end>
                </TimeSpan>
                <MultiGeometry>
                  <Polygon>
                    <altitudeMode>absolute</altitudeMode>
                    <outerBoundaryIs>
                      <LinearRing>
                        <coordinates>-96.7586436117025,32.71777243082621,120.33727274253008 -96.75885603693884,32.71801338382339,120.33727274253008 -96.75823551948804,32.71840061442382,120.33727274253008 -96.75793995876997,32.718149288087204,120.33727274253008</coordinates>
                      </LinearRing>
                    </outerBoundaryIs>
                  </Polygon>
                  <Polygon>
                    <altitudeMode>absolute</altitudeMode>
                    <outerBoundaryIs>
                      <LinearRing>
                        <coordinates>-96.7586436117025,32.71777243082621,150.31727274253006 -96.75885603693884,32.71801338382339,150.31727274253006 -96.75823551948804,32.71840061442382,150.31727274253006 -96.75793995876997,32.718149288087204,150.31727274253006</coordinates>
                      </LinearRing>
                    </outerBoundaryIs>
                  </Polygon>
                  <Polygon>
                    <altitudeMode>absolute</altitudeMode>
                    <outerBoundaryIs>
                      <LinearRing>
                        <coordinates>-96.7586436117025,32.71777243082621,120.33727274253008 -96.7586436117025,32.71777243082621,150.31727274253006 -96.75885603693884,32.71801338382339,150.31727274253006 -96.75885603693884,32.71801338382339,120.33727274253008</coordinates>
                      </LinearRing>
                    </outerBoundaryIs>
                  </Polygon>
                  <Polygon>
                    <altitudeMode>absolute</altitudeMode>
                    <outerBoundaryIs>
                      <LinearRing>
                        <coordinates>-96.75885603693884,32.71801338382339,120.33727274253008 -96.75885603693884,32.71801338382339,150.31727274253006 -96.75823551948804,32.71840061442382,150.31727274253006 -96.75823551948804,32.71840061442382,120.33727274253008</coordinates>
                      </LinearRing>
                    </outerBoundaryIs>
                  </Polygon>
                  <Polygon>
                    <altitudeMode>absolute</altitudeMode>
                    <outerBoundaryIs>
                      <LinearRing>
                        <coordinates>-96.75823551948804,32.71840061442382,120.33727274253008 -96.75823551948804,32.71840061442382,150.31727274253006 -96.75793995876997,32.718149288087204,150.31727274253006 -96.75793995876997,32.718149288087204,120.33727274253008</coordinates>
                      </LinearRing>
                    </outerBoundaryIs>
                  </Polygon>
                  <Polygon>
                    <altitudeMode>absolute</altitudeMode>
                    <outerBoundaryIs>
                      <LinearRing>
                        <coordinates>-96.75793995876997,32.718149288087204,120.33727274253008 -96.75793995876997,32.718149288087204,150.31727274253006 -96.7586436117025,32.71777243082621,150.31727274253006 -96.7586436117025,32.71777243082621,120.33727274253008</coordinates>
                      </LinearRing>
                    </outerBoundaryIs>
                  </Polygon>
                </MultiGeometry>
              </Placemark>
            </Folder>
          </Folder>
          <Folder>
            <name>E127: uss1_dss astm.f3548.v21.dss.queryOperationalIntentReferences</name>
            <Placemark>
              <name>area_of_interest</name>
              <styleUrl>#QueryArea</styleUrl>
              <description><![CDATA[<ul><li>uss1's Activated 9c76378f-7109-451d-800d-2553fa44620b[2]</li></ul>]]></description>
              <TimeSpan>
                <begin>2026-09-01T16:12:31.029221+00:00</begin>
                <end>2026-09-01T16:57:32.029221+00:00</end>
              </TimeSpan>
              <MultiGeometry>
                <Polygon>
                  <altitudeMode>absolute</altitudeMode>
                  <outerBoundaryIs>
                    <LinearRing>
                      <coordinates>-96.75885603693884,32.71777243082621,120.33721197182733 -96.75885603693884,32.71840061442382,120.33721197182733 -96.75793995876997,32.71840061442382,120.33721197182733 -96.75793995876997,32.71777243082621,120.33721197182733</coordinates>
                    </LinearRing>
                  </outerBoundaryIs>
                </Polygon>
                <Polygon>
                  <altitudeMode>absolute</altitudeMode>
                  <outerBoundaryIs>
                    <LinearRing>
                      <coordinates>-96.75885603693884,32.71777243082621,150.31721197182733 -96.75885603693884,32.71840061442382,150.31721197182733 -96.75793995876997,32.71840061442382,150.31721197182733 -96.75793995876997,32.71777243082621,150.31721197182733</coordinates>
                    </LinearRing>
                  </outerBoundaryIs>
                </Polygon>
                <Polygon>
                  <altitudeMode>absolute</altitudeMode>
                  <outerBoundaryIs>
                    <LinearRing>
                      <coordinates>-96.75885603693884,32.71777243082621,120.33721197182733 -96.75885603693884,32.71777243082621,150.31721197182733 -96.75885603693884,32.71840061442382,150.31721197182733 -96.75885603693884,32.71840061442382,120.33721197182733</coordinates>
                    </LinearRing>
                  </outerBoundaryIs>
                </Polygon>
                <Polygon>
                  <altitudeMode>absolute</altitudeMode>
                  <outerBoundaryIs>
                    <LinearRing>
                      <coordinates>-96.75885603693884,32.71840061442382,120.33721197182733 -96.75885603693884,32.71840061442382,150.31721197182733 -96.75793995876997,32.71840061442382,150.31721197182733 -96.75793995876997,32.71840061442382,120.33721197182733</coordinates>
                    </LinearRing>
                  </outerBoundaryIs>
                </Polygon>
                <Polygon>
                  <altitudeMode>absolute</altitudeMode>
                  <outerBoundaryIs>
                    <LinearRing>
                      <coordinates>-96.75793995876997,32.71840061442382,120.33721197182733 -96.75793995876997,32.71840061442382,150.31721197182733 -96.75793995876997,32.71777243082621,150.31721197182733 -96.75793995876997,32.71777243082621,120.33721197182733</coordinates>
                    </LinearRing>
                  </outerBoundaryIs>
                </Polygon>
                <Polygon>
                  <altitudeMode>absolute</altitudeMode>
                  <outerBoundaryIs>
                    <LinearRing>
                      <coordinates>-96.75793995876997,32.71777243082621,120.33721197182733 -96.75793995876997,32.71777243082621,150.31721197182733 -96.75885603693884,32.71777243082621,150.31721197182733 -96.75885603693884,32.71777243082621,120.33721197182733</coordinates>
                    </LinearRing>
                  </outerBoundaryIs>
                </Polygon>
              </MultiGeometry>
            </Placemark>
          </Folder>
          <Folder>
            <name>E132: uss1_core astm.f3548.v21.uss.getOperationalIntentDetails</name>
            <Folder>
              <name>uss1's P0 Activated 9c76378f-7109-451d-800d-2553fa44620b[2] @ VOpUhCfNDYPliuLRScWfwucyBMZQwdH5SP17ekew7eI_</name>
              <Placemark>
                <name>Nominal volume 0</name>
                <styleUrl>#F3548v21Activated</styleUrl>
                <TimeSpan>
                  <begin>2026-09-01T16:12:32.050392+00:00</begin>
                  <end>2026-09-01T16:57:32.029221+00:00</end>
                </TimeSpan>
                <MultiGeometry>
                  <Polygon>
                    <altitudeMode>absolute</altitudeMode>
                    <outerBoundaryIs>
                      <LinearRing>
                        <coordinates>-96.7586436117025,32.71777243082621,120.33727274253008 -96.75885603693884,32.71801338382339,120.33727274253008 -96.75823551948804,32.71840061442382,120.33727274253008 -96.75793995876997,32.718149288087204,120.33727274253008</coordinates>
                      </LinearRing>
                    </outerBoundaryIs>
                  </Polygon>
                  <Polygon>
                    <altitudeMode>absolute</altitudeMode>
                    <outerBoundaryIs>
                      <LinearRing>
                        <coordinates>-96.7586436117025,32.71777243082621,150.31727274253006 -96.75885603693884,32.71801338382339,150.31727274253006 -96.75823551948804,32.71840061442382,150.31727274253006 -96.75793995876997,32.718149288087204,150.31727274253006</coordinates>
                      </LinearRing>
                    </outerBoundaryIs>
                  </Polygon>
                  <Polygon>
                    <altitudeMode>absolute</altitudeMode>
                    <outerBoundaryIs>
                      <LinearRing>
                        <coordinates>-96.7586436117025,32.71777243082621,120.33727274253008 -96.7586436117025,32.71777243082621,150.31727274253006 -96.75885603693884,32.71801338382339,150.31727274253006 -96.75885603693884,32.71801338382339,120.33727274253008</coordinates>
                      </LinearRing>
                    </outerBoundaryIs>
                  </Polygon>
                  <Polygon>
                    <altitudeMode>absolute</altitudeMode>
                    <outerBoundaryIs>
                      <LinearRing>
                        <coordinates>-96.75885603693884,32.71801338382339,120.33727274253008 -96.75885603693884,32.71801338382339,150.31727274253006 -96.75823551948804,32.71840061442382,150.31727274253006 -96.75823551948804,32.71840061442382,120.33727274253008</coordinates>
                      </LinearRing>
                    </outerBoundaryIs>
                  </Polygon>
                  <Polygon>
                    <altitudeMode>absolute</altitudeMode>
                    <outerBoundaryIs>
                      <LinearRing>
                        <coordinates>-96.75823551948804,32.71840061442382,120.33727274253008 -96.75823551948804,32.71840061442382,150.31727274253006 -96.75793995876997,32.718149288087204,150.31727274253006 -96.75793995876997,32.718149288087204,120.33727274253008</coordinates>
                      </LinearRing>
                    </outerBoundaryIs>
                  </Polygon>
                  <Polygon>
                    <altitudeMode>absolute</altitudeMode>
                    <outerBoundaryIs>
                      <LinearRing>
                        <coordinates>-96.75793995876997,32.718149288087204,120.33727274253008 -96.75793995876997,32.718149288087204,150.31727274253006 -96.7586436117025,32.71777243082621,150.31727274253006 -96.7586436117025,32.71777243082621,120.33727274253008</coordinates>
                      </LinearRing>
                    </outerBoundaryIs>
                  </Polygon>
                </MultiGeometry>
              </Placemark>
            </Folder>
          </Folder>
        </Folder>
        <Folder>
          <name>Plan Flight 2</name>
          <Folder>
            <name>E141: uss1_dss astm.f3548.v21.dss.queryOperationalIntentReferences</name>
            <Placemark>
              <name>area_of_interest</name>
              <styleUrl>#QueryArea</styleUrl>
              <description><![CDATA[<ul><li>uss1's Activated 9c76378f-7109-451d-800d-2553fa44620b[2]</li></ul>]]></description>
              <TimeSpan>
                <begin>2026-09-01T16:12:31.143420+00:00</begin>
                <end>2026-09-01T16:57:32.143420+00:00</end>
              </TimeSpan>
              <MultiGeometry>
                <Polygon>
                  <altitudeMode>absolute</altitudeMode>
                  <outerBoundaryIs>
                    <LinearRing>
                      <coordinates>-96.75899607628425,32.717821632855895,119.24813014424481 -96.75899607628425,32.718424015430124,119.24813014424481 -96.75846501195453,32.718424015430124,119.24813014424481 -96.75846501195453,32.717821632855895,119.24813014424481</coordinates>
                    </LinearRing>
                  </outerBoundaryIs>
                </Polygon>
                <Polygon>
                  <altitudeMode>absolute</altitudeMode>
                  <outerBoundaryIs>
                    <LinearRing>
                      <coordinates>-96.75899607628425,32.717821632855895,148.3181301442448 -96.75899607628425,32.718424015430124,148.3181301442448 -96.75846501195453,32.718424015430124,148.3181301442448 -96.75846501195453,32.717821632855895,148.3181301442448</coordinates>
                    </LinearRing>
                  </outerBoundaryIs>
                </Polygon>
                <Polygon>
                  <altitudeMode>absolute</altitudeMode>
                  <outerBoundaryIs>
                    <LinearRing>
                      <coordinates>-96.75899607628425,32.717821632855895,119.24813014424481 -96.75899607628425,32.717821632855895,148.3181301442448 -96.75899607628425,32.718424015430124,148.3181301442448 -96.75899607628425,32.718424015430124,119.24813014424481</coordinates>
                    </LinearRing>
                  </outerBoundaryIs>
                </Polygon>
                <Polygon>
                  <altitudeMode>absolute</altitudeMode>
                  <outerBoundaryIs>
                    <LinearRing>
                      <coordinates>-96.75899607628425,32.718424015430124,119.24813014424481 -96.75899607628425,32.718424015430124,148.3181301442448 -96.75846501195453,32.718424015430124,148.3181301442448 -96.75846501195453,32.718424015430124,119.24813014424481</coordinates>
                    </LinearRing>
                  </outerBoundaryIs>
                </Polygon>
                <Polygon>
                  <altitudeMode>absolute</altitudeMode>
                  <outerBoundaryIs>
                    <LinearRing>
                      <coordinates>-96.75846501195453,32.718424015430124,119.24813014424481 -96.75846501195453,32.718424015430124,148.3181301442448 -96.75846501195453,32.717821632855895,148.3181301442448 -96.75846501195453,32.717821632855895,119.24813014424481</coordinates>
                    </LinearRing>
                  </outerBoundaryIs>
                </Polygon>
                <Polygon>
                  <altitudeMode>absolute</altitudeMode>
                  <outerBoundaryIs>
                    <LinearRing>
                      <coordinates>-96.75846501195453,32.717821632855895,119.24813014424481 -96.75846501195453,32.717821632855895,148.3181301442448 -96.75899607628425,32.717821632855895,148.3181301442448 -96.75899607628425,32.717821632855895,119.24813014424481</coordinates>
                    </LinearRing>
                  </outerBoundaryIs>
                </Polygon>
              </MultiGeometry>
            </Placemark>
          </Folder>
          <Folder>
            <name>E143: uss1_core interuss.automated_testing.flight_planning.v1.UpsertFlightPlan</name>
            <Folder>
              <name>Activity Completed, flight Planned</name>
              <Placemark>
                <name>Volume 0</name>
                <styleUrl>#Planned_Nominal</styleUrl>
                <TimeSpan>
                  <begin>2026-09-01T16:12:31.143420+00:00</begin>
                  <end>2026-09-01T16:57:32.143420+00:00</end>
                </TimeSpan>
                <MultiGeometry>
                  <Polygon>
                    <altitudeMode>absolute</altitudeMode>
                    <outerBoundaryIs>
                      <LinearRing>
                        <coordinates>-96.75897457751377,32.71806391428686,119.2481663576577 -96.75846501195453,32.717821632855895,119.2481663576577 -96.75855731707719,32.71826205187991,119.2481663576577 -96.75899607628423,32.71842401543012,119.2481663576577</coordinates>
                      </LinearRing>
                    </outerBoundaryIs>
                  </Polygon>
                  <Polygon>
                    <altitudeMode>absolute</altitudeMode>
                    <outerBoundaryIs>
                      <LinearRing>
                        <coordinates>-96.75897457751377,32.71806391428686,148.3181663576577 -96.75846501195453,32.717821632855895,148.3181663576577 -96.75855731707719,32.71826205187991,148.3181663576577 -96.75899607628423,32.71842401543012,148.3181663576577</coordinates>
                      </LinearRing>
                    </outerBoundaryIs>
                  </Polygon>
                  <Polygon>
                    <altitudeMode>absolute</altitudeMode>
                    <outerBoundaryIs>
                      <LinearRing>
                        <coordinates>-96.75897457751377,32.71806391428686,119.2481663576577 -96.75897457751377,32.71806391428686,148.3181663576577 -96.75846501195453,32.717821632855895,148.3181663576577 -96.75846501195453,32.717821632855895,119.2481663576577</coordinates>
                      </LinearRing>
                    </outerBoundaryIs>
                  </Polygon>
                  <Polygon>
                    <altitudeMode>absolute</altitudeMode>
                    <outerBoundaryIs>
                      <LinearRing>
                        <coordinates>-96.75846501195453,32.717821632855895,119.2481663576577 -96.75846501195453,32.717821632855895,148.3181663576577 -96.75855731707719,32.71826205187991,148.3181663576577 -96.75855731707719,32.71826205187991,119.2481663576577</coordinates>
                      </LinearRing>
                    </outerBoundaryIs>
                  </Polygon>
                  <Polygon>
                    <altitudeMode>absolute</altitudeMode>
                    <outerBoundaryIs>
                      <LinearRing>
                        <coordinates>-96.75855731707719,32.71826205187991,119.2481663576577 -96.75855731707719,32.71826205187991,148.3181663576577 -96.75899607628423,32.71842401543012,148.3181663576577 -96.75899607628423,32.71842401543012,119.2481663576577</coordinates>
                      </LinearRing>
                    </outerBoundaryIs>
                  </Polygon>
                  <Polygon>
                    <altitudeMode>absolute</altitudeMode>
                    <outerBoundaryIs>
                      <LinearRing>
                        <coordinates>-96.75899607628423,32.71842401543012,119.2481663576577 -96.75899607628423,32.71842401543012,148.3181663576577 -96.75897457751377,32.71806391428686,148.3181663576577 -96.75897457751377,32.71806391428686,119.2481663576577</coordinates>
                      </LinearRing>
                    </outerBoundaryIs>
                  </Polygon>
                </MultiGeometry>
              </Placemark>
            </Folder>
          </Folder>
          <Folder>
            <name>E147: uss1_dss astm.f3548.v21.dss.queryOperationalIntentReferences</name>
            <Placemark>
              <name>area_of_interest</name>
              <styleUrl>#QueryArea</styleUrl>
              <description><![CDATA[<ul><li>uss1's Accepted 16e900fc-d623-4ac2-886d-bb7191191b0a[1]</li><li>uss1's Activated 9c76378f-7109-451d-800d-2553fa44620b[2]</li></ul>]]></description>
              <TimeSpan>
                <begin>2026-09-01T16:12:31.143420+00:00</begin>
                <end>2026-09-01T16:57:32.143420+00:00</end>
              </TimeSpan>
              <MultiGeometry>
                <Polygon>
                  <altitudeMode>absolute</altitudeMode>
                  <outerBoundaryIs>
                    <LinearRing>
                      <coordinates>-96.75899607628425,32.717821632855895,119.24813014424481 -96.75899607628425,32.718424015430124,119.24813014424481 -96.75846501195453,32.718424015430124,119.24813014424481 -96.75846501195453,32.717821632855895,119.24813014424481</coordinates>
                    </LinearRing>
                  </outerBoundaryIs>
                </Polygon>
                <Polygon>
                  <altitudeMode>absolute</altitudeMode>
                  <outerBoundaryIs>
                    <LinearRing>
                      <coordinates>-96.75899607628425,32.717821632855895,148.3181301442448 -96.75899607628425,32.718424015430124,148.3181301442448 -96.75846501195453,32.718424015430124,148.3181301442448 -96.75846501195453,32.717821632855895,148.3181301442448</coordinates>
                    </LinearRing>
                  </outerBoundaryIs>
                </Polygon>
                <Polygon>
                  <altitudeMode>absolute</altitudeMode>
                  <outerBoundaryIs>
                    <LinearRing>
                      <coordinates>-96.75899607628425,32.717821632855895,119.24813014424481 -96.75899607628425,32.717821632855895,148.3181301442448 -96.75899607628425,32.718424015430124,148.3181301442448 -96.75899607628425,32.718424015430124,119.24813014424481</coordinates>
                    </LinearRing>
                  </outerBoundaryIs>
                </Polygon>
                <Polygon>
                  <altitudeMode>absolute</altitudeMode>
                  <outerBoundaryIs>
                    <LinearRing>
                      <coordinates>-96.75899607628425,32.718424015430124,119.24813014424481 -96.75899607628425,32.718424015430124,148.3181301442448 -96.75846501195453,32.718424015430124,148.3181301442448 -96.75846501195453,32.718424015430124,119.24813014424481</coordinates>
                    </LinearRing>
                  </outerBoundaryIs>
                </Polygon>
                <Polygon>
                  <altitudeMode>absolute</altitudeMode>
                  <outerBoundaryIs>
                    <LinearRing>
                      <coordinates>-96.75846501195453,32.718424015430124,119.24813014424481 -96.75846501195453,32.718424015430124,148.3181301442448 -96.75846501195453,32.717821632855895,148.3181301442448 -96.75846501195453,32.717821632855895,119.24813014424481</coordinates>
                    </LinearRing>
                  </outerBoundaryIs>
                </Polygon>
                <Polygon>
                  <altitudeMode>absolute</altitudeMode>
                  <outerBoundaryIs>
                    <LinearRing>
                      <coordinates>-96.75846501195453,32.717821632855895,119.24813014424481 -96.75846501195453,32.717821632855895,148.3181301442448 -96.75899607628425,32.717821632855895,148.3181301442448 -96.75899607628425,32.717821632855895,119.24813014424481</coordinates>
                    </LinearRing>
                  </outerBoundaryIs>
                </Polygon>
              </MultiGeometry>
            </Placemark>
          </Folder>
          <Folder>
            <name>E151: uss1_core astm.f3548.v21.uss.getOperationalIntentDetails</name>
            <Folder>
              <name>uss1's P100 Accepted 16e900fc-d623-4ac2-886d-bb7191191b0a[1] @ YlkOFYHrBR82JH9pDM9qm.7qmDzFPYg.-ZvhUCewCq8_</name>
              <Placemark>
                <name>Nominal volume 0</name>
                <styleUrl>#F3548v21Accepted</styleUrl>
                <TimeSpan>
                  <begin>2026-09-01T16:12:32.165447+00:00</begin>
                  <end>2026-09-01T16:57:32.143420+00:00</end>
                </TimeSpan>
                <MultiGeometry>
                  <Polygon>
                    <altitudeMode>absolute</altitudeMode>
                    <outerBoundaryIs>
                      <LinearRing>
                        <coordinates>-96.75897457751377,32.71806391428686,119.2481663576577 -96.75846501195453,32.717821632855895,119.2481663576577 -96.75855731707719,32.71826205187991,119.2481663576577 -96.75899607628423,32.71842401543012,119.2481663576577</coordinates>
                      </LinearRing>
                    </outerBoundaryIs>
                  </Polygon>
                  <Polygon>
                    <altitudeMode>absolute</altitudeMode>
                    <outerBoundaryIs>
                      <LinearRing>
                        <coordinates>-96.75897457751377,32.71806391428686,148.3181663576577 -96.75846501195453,32.717821632855895,148.3181663576577 -96.75855731707719,32.71826205187991,148.3181663576577 -96.75899607628423,32.71842401543012,148.3181663576577</coordinates>
                      </LinearRing>
                    </outerBoundaryIs>
                  </Polygon>
                  <Polygon>
                    <altitudeMode>absolute</altitudeMode>
                    <outerBoundaryIs>
                      <LinearRing>
                        <coordinates>-96.75897457751377,32.71806391428686,119.2481663576577 -96.75897457751377,32.71806391428686,148.3181663576577 -96.75846501195453,32.717821632855895,148.3181663576577 -96.75846501195453,32.717821632855895,119.2481663576577</coordinates>
                      </LinearRing>
                    </outerBoundaryIs>
                  </Polygon>
                  <Polygon>
                    <altitudeMode>absolute</altitudeMode>
                    <outerBoundaryIs>
                      <LinearRing>
                        <coordinates>-96.75846501195453,32.717821632855895,119.2481663576577 -96.75846501195453,32.717821632855895,148.3181663576577 -96.75855731707719,32.71826205187991,148.3181663576577 -96.75855731707719,32.71826205187991,119.2481663576577</coordinates>
                      </LinearRing>
                    </outerBoundaryIs>
                  </Polygon>
                  <Polygon>
                    <altitudeMode>absolute</altitudeMode>
                    <outerBoundaryIs>
                      <LinearRing>
                        <coordinates>-96.75855731707719,32.71826205187991,119.2481663576577 -96.75855731707719,32.71826205187991,148.3181663576577 -96.75899607628423,32.71842401543012,148.3181663576577 -96.75899607628423,32.71842401543012,119.2481663576577</coordinates>
                      </LinearRing>
                    </outerBoundaryIs>
                  </Polygon>
                  <Polygon>
                    <altitudeMode>absolute</altitudeMode>
                    <outerBoundaryIs>
                      <LinearRing>
                        <coordinates>-96.75899607628423,32.71842401543012,119.2481663576577 -96.75899607628423,32.71842401543012,148.3181663576577 -96.75897457751377,32.71806391428686,148.3181663576577 -96.75897457751377,32.71806391428686,119.2481663576577</coordinates>
                      </LinearRing>
                    </outerBoundaryIs>
                  </Polygon>
                </MultiGeometry>
              </Placemark>
            </Folder>
          </Folder>
        </Folder>
        <Folder>
          <name>Activate Flight 2</name>
          <Folder>
            <name>E164: uss1_dss astm.f3548.v21.dss.queryOperationalIntentReferences</name>
            <Placemark>
              <name>area_of_interest</name>
              <styleUrl>#QueryArea</styleUrl>
              <description><![CDATA[<ul><li>uss1's Accepted 16e900fc-d623-4ac2-886d-bb7191191b0a[1]</li><li>uss1's Activated 9c76378f-7109-451d-800d-2553fa44620b[2]</li></ul>]]></description>
              <TimeSpan>
                <begin>2026-09-01T16:12:31.282830+00:00</begin>
                <end>2026-09-01T16:57:32.282830+00:00</end>
              </TimeSpan>
              <MultiGeometry>
                <Polygon>
                  <altitudeMode>absolute</altitudeMode>
                  <outerBoundaryIs>
                    <LinearRing>
                      <coordinates>-96.75899607628425,32.717821632855895,120.3981301442448 -96.75899607628425,32.718424015430124,120.3981301442448 -96.75846501195453,32.718424015430124,120.3981301442448 -96.75846501195453,32.717821632855895,120.3981301442448</coordinates>
                    </LinearRing>
                  </outerBoundaryIs>
                </Polygon>
                <Polygon>
                  <altitudeMode>absolute</altitudeMode>
                  <outerBoundaryIs>
                    <LinearRing>
                      <coordinates>-96.75899607628425,32.717821632855895,148.3181301442448 -96.75899607628425,32.718424015430124,148.3181301442448 -96.75846501195453,32.718424015430124,148.3181301442448 -96.75846501195453,32.717821632855895,148.3181301442448</coordinates>
                    </LinearRing>
                  </outerBoundaryIs>
                </Polygon>
                <Polygon>
                  <altitudeMode>absolute</altitudeMode>
                  <outerBoundaryIs>
                    <LinearRing>
                      <coordinates>-96.75899607628425,32.717821632855895,120.3981301442448 -96.75899607628425,32.717821632855895,148.3181301442448 -96.75899607628425,32.718424015430124,148.3181301442448 -96.75899607628425,32.718424015430124,120.3981301442448</coordinates>
                    </LinearRing>
                  </outerBoundaryIs>
                </Polygon>
                <Polygon>
                  <altitudeMode>absolute</altitudeMode>
                  <outerBoundaryIs>
                    <LinearRing>
                      <coordinates>-96.75899607628425,32.718424015430124,120.3981301442448 -96.75899607628425,32.718424015430124,148.3181301442448 -96.75846501195453,32.718424015430124,148.3181301442448 -96.75846501195453,32.718424015430124,120.3981301442448</coordinates>
                    </LinearRing>
                  </outerBoundaryIs>
                </Polygon>
                <Polygon>
                  <altitudeMode>absolute</altitudeMode>
                  <outerBoundaryIs>
                    <LinearRing>
                      <coordinates>-96.75846501195453,32.718424015430124,120.3981301442448 -96.75846501195453,32.718424015430124,148.3181301442448 -96.75846501195453,32.717821632855895,148.3181301442448 -96.75846501195453,32.717821632855895,120.3981301442448</coordinates>
                    </LinearRing>
                  </outerBoundaryIs>
                </Polygon>
                <Polygon>
                  <altitudeMode>absolute</altitudeMode>
                  <outerBoundaryIs>
                    <LinearRing>
                      <coordinates>-96.75846501195453,32.717821632855895,120.3981301442448 -96.75846501195453,32.717821632855895,148.3181301442448 -96.75899607628425,32.717821632855895,148.3181301442448 -96.75899607628425,32.717821632855895,120.3981301442448</coordinates>
                    </LinearRing>
                  </outerBoundaryIs>
                </Polygon>
              </MultiGeometry>
            </Placemark>
          </Folder>
          <Folder>
            <name>E166: uss1_core interuss.automated_testing.flight_planning.v1.UpsertFlightPlan</name>
            <Folder>
              <name>Activity Completed, flight OkToFly</name>
              <Placemark>
                <name>Volume 0</name>
                <styleUrl>#InUse_Nominal</styleUrl>
                <TimeSpan>
                  <begin>2026-09-01T16:12:31.282830+00:00</begin>
                  <end>2026-09-01T16:57:32.282830+00:00</end>
                </TimeSpan>
                <MultiGeometry>
                  <Polygon>
                    <altitudeMode>absolute</altitudeMode>
                    <outerBoundaryIs>
                      <LinearRing>
                        <coordinates>-96.75897457751377,32.71806391428686,120.39816635765769 -96.75846501195453,32.717821632855895,120.39816635765769 -96.75855731707719,32.71826205187991,120.39816635765769 -96.75899607628423,32.71842401543012,120.39816635765769</coordinates>
                      </LinearRing>
                    </outerBoundaryIs>
                  </Polygon>
                  <Polygon>
                    <altitudeMode>absolute</altitudeMode>
                    <outerBoundaryIs>
                      <LinearRing>
                        <coordinates>-96.75897457751377,32.71806391428686,148.3181663576577 -96.75846501195453,32.717821632855895,148.3181663576577 -96.75855731707719,32.71826205187991,148.3181663576577 -96.75899607628423,32.71842401543012,148.3181663576577</coordinates>
                      </LinearRing>
                    </outerBoundaryIs>
                  </Polygon>
                  <Polygon>
                    <altitudeMode>absolute</altitudeMode>
                    <outerBoundaryIs>
                      <LinearRing>
                        <coordinates>-96.75897457751377,32.71806391428686,120.39816635765769 -96.75897457751377,32.71806391428686,148.3181663576577 -96.75846501195453,32.717821632855895,148.3181663576577 -96.75846501195453,32.717821632855895,120.39816635765769</coordinates>
                      </LinearRing>
                    </outerBoundaryIs>
                  </Polygon>
                  <Polygon>
                    <altitudeMode>absolute</altitudeMode>
                    <outerBoundaryIs>
                      <LinearRing>
                        <coordinates>-96.75846501195453,32.717821632855895,120.39816635765769 -96.75846501195453,32.717821632855895,148.3181663576577 -96.75855731707719,32.71826205187991,148.3181663576577 -96.75855731707719,32.71826205187991,120.39816635765769</coordinates>
                      </LinearRing>
                    </outerBoundaryIs>
                  </Polygon>
                  <Polygon>
                    <altitudeMode>absolute</altitudeMode>
                    <outerBoundaryIs>
                      <LinearRing>
                        <coordinates>-96.75855731707719,32.71826205187991,120.39816635765769 -96.75855731707719,32.71826205187991,148.3181663576577 -96.75899607628423,32.71842401543012,148.3181663576577 -96.75899607628423,32.71842401543012,120.39816635765769</coordinates>
                      </LinearRing>
                    </outerBoundaryIs>
                  </Polygon>
                  <Polygon>
                    <altitudeMode>absolute</altitudeMode>
                    <outerBoundaryIs>
                      <LinearRing>
                        <coordinates>-96.75899607628423,32.71842401543012,120.39816635765769 -96.75899607628423,32.71842401543012,148.3181663576577 -96.75897457751377,32.71806391428686,148.3181663576577 -96.75897457751377,32.71806391428686,120.39816635765769</coordinates>
                      </LinearRing>
                    </outerBoundaryIs>
                  </Polygon>
                </MultiGeometry>
              </Placemark>
            </Folder>
          </Folder>
          <Folder>
            <name>E170: uss1_dss astm.f3548.v21.dss.queryOperationalIntentReferences</name>
            <Placemark>
              <name>area_of_interest</name>
              <styleUrl>#QueryArea</styleUrl>
              <description><![CDATA[<ul><li>uss1's Activated 16e900fc-d623-4ac2-886d-bb7191191b0a[2]</li><li>uss1's Activated 9c76378f-7109-451d-800d-2553fa44620b[2]</li></ul>]]></description>
              <TimeSpan>
                <begin>2026-09-01T16:12:31.282830+00:00</begin>
                <end>2026-09-01T16:57:32.282830+00:00</end>
              </TimeSpan>
              <MultiGeometry>
                <Polygon>
                  <altitudeMode>absolute</altitudeMode>
                  <outerBoundaryIs>
                    <LinearRing>
                      <coordinates>-96.75899607628425,32.717821632855895,120.3981301442448 -96.75899607628425,32.718424015430124,120.3981301442448 -96.75846501195453,32.718424015430124,120.3981301442448 -96.75846501195453,32.717821632855895,120.3981301442448</coordinates>
                    </LinearRing>
                  </outerBoundaryIs>
                </Polygon>
                <Polygon>
                  <altitudeMode>absolute</altitudeMode>
                  <outerBoundaryIs>
                    <LinearRing>
                      <coordinates>-96.75899607628425,32.717821632855895,148.3181301442448 -96.75899607628425,32.718424015430124,148.3181301442448 -96.75846501195453,32.718424015430124,148.3181301442448 -96.75846501195453,32.717821632855895,148.3181301442448</coordinates>
                    </LinearRing>
                  </outerBoundaryIs>
                </Polygon>
                <Polygon>
                  <altitudeMode>absolute</altitudeMode>
                  <outerBoundaryIs>
                    <LinearRing>
                      <coordinates>-96.75899607628425,32.717821632855895,120.3981301442448 -96.75899607628425,32.717821632855895,148.3181301442448 -96.75899607628425,32.718424015430124,148.3181301442448 -96.75899607628425,32.718424015430124,120.3981301442448</coordinates>
                    </LinearRing>
                  </outerBoundaryIs>
                </Polygon>
                <Polygon>
                  <altitudeMode>absolute</altitudeMode>
                  <outerBoundaryIs>
                    <LinearRing>
                      <coordinates>-96.75899607628425,32.718424015430124,120.3981301442448 -96.75899607628425,32.718424015430124,148.3181301442448 -96.75846501195453,32.718424015430124,148.3181301442448 -96.75846501195453,32.718424015430124,120.3981301442448</coordinates>
                    </LinearRing>
                  </outerBoundaryIs>
                </Polygon>
                <Polygon>
                  <altitudeMode>absolute</altitudeMode>
                  <outerBoundaryIs>
                    <LinearRing>
                      <coordinates>-96.75846501195453,32.718424015430124,120.3981301442448 -96.75846501195453,32.718424015430124,148.3181301442448 -96.75846501195453,32.717821632855895,148.3181301442448 -96.75846501195453,32.717821632855895,120.3981301442448</coordinates>
                    </LinearRing>
                  </outerBoundaryIs>
                </Polygon>
                <Polygon>
                  <altitudeMode>absolute</altitudeMode>
                  <outerBoundaryIs>
                    <LinearRing>
                      <coordinates>-96.75846501195453,32.717821632855895,120.3981301442448 -96.75846501195453,32.717821632855895,148.3181301442448 -96.75899607628425,32.717821632855895,148.3181301442448 -96.75899607628425,32.717821632855895,120.3981301442448</coordinates>
                    </LinearRing>
                  </outerBoundaryIs>
                </Polygon>
              </MultiGeometry>
            </Placemark>
          </Folder>
          <Folder>
            <name>E175: uss1_core astm.f3548.v21.uss.getOperationalIntentDetails</name>
            <Folder>
              <name>uss1's P100 Activated 16e900fc-d623-4ac2-886d-bb7191191b0a[2] @ QVxmaup1GUTDUPQ1bmvVwZ8s7a2EqtFCxqyNLnKpE98_</name>
              <Placemark>
                <name>Nominal volume 0</name>
                <styleUrl>#F3548v21Activated</styleUrl>
                <TimeSpan>
                  <begin>2026-09-01T16:12:32.306920+00:00</begin>
                  <end>2026-09-01T16:57:32.282830+00:00</end>
                </TimeSpan>
                <MultiGeometry>
                  <Polygon>
                    <altitudeMode>absolute</altitudeMode>
                    <outerBoundaryIs>
                      <LinearRing>
                        <coordinates>-96.75897457751377,32.71806391428686,120.39816635765769 -96.75846501195453,32.717821632855895,120.39816635765769 -96.75855731707719,32.71826205187991,120.39816635765769 -96.75899607628423,32.71842401543012,120.39816635765769</coordinates>
                      </LinearRing>
                    </outerBoundaryIs>
                  </Polygon>
                  <Polygon>
                    <altitudeMode>absolute</altitudeMode>
                    <outerBoundaryIs>
                      <LinearRing>
                        <coordinates>-96.75897457751377,32.71806391428686,148.3181663576577 -96.75846501195453,32.717821632855895,148.3181663576577 -96.75855731707719,32.71826205187991,148.3181663576577 -96.75899607628423,32.71842401543012,148.3181663576577</coordinates>
                      </LinearRing>
                    </outerBoundaryIs>
                  </Polygon>
                  <Polygon>
                    <altitudeMode>absolute</altitudeMode>
                    <outerBoundaryIs>
                      <LinearRing>
                        <coordinates>-96.75897457751377,32.71806391428686,120.39816635765769 -96.75897457751377,32.71806391428686,148.3181663576577 -96.75846501195453,32.717821632855895,148.3181663576577 -96.75846501195453,32.717821632855895,120.39816635765769</coordinates>
                      </LinearRing>
                    </outerBoundaryIs>
                  </Polygon>
                  <Polygon>
                    <altitudeMode>absolute</altitudeMode>
                    <outerBoundaryIs>
                      <LinearRing>
                        <coordinates>-96.75846501195453,32.717821632855895,120.39816635765769 -96.75846501195453,32.717821632855895,148.3181663576577 -96.75855731707719,32.71826205187991,148.3181663576577 -96.75855731707719,32.71826205187991,120.39816635765769</coordinates>
                      </LinearRing>
                    </outerBoundaryIs>
                  </Polygon>
                  <Polygon>
                    <altitudeMode>absolute</altitudeMode>
                    <outerBoundaryIs>
                      <LinearRing>
                        <coordinates>-96.75855731707719,32.71826205187991,120.39816635765769 -96.75855731707719,32.71826205187991,148.3181663576577 -96.75899607628423,32.71842401543012,148.3181663576577 -96.75899607628423,32.71842401543012,120.39816635765769</coordinates>
                      </LinearRing>
                    </outerBoundaryIs>
                  </Polygon>
                  <Polygon>
                    <altitudeMode>absolute</altitudeMode>
                    <outerBoundaryIs>
                      <LinearRing>
                        <coordinates>-96.75899607628423,32.71842401543012,120.39816635765769 -96.75899607628423,32.71842401543012,148.3181663576577 -96.75897457751377,32.71806391428686,148.3181663576577 -96.75897457751377,32.71806391428686,120.39816635765769</coordinates>
                      </LinearRing>
                    </outerBoundaryIs>
                  </Polygon>
                </MultiGeometry>
              </Placemark>
            </Folder>
          </Folder>
        </Folder>
        <Folder>
          <name>Check for conflict notifications</name>
        </Folder>
        <Folder>
          <name>Modify activated Flight 1 in conflict with activated Flight 2</name>
          <Folder>
            <name>E190: uss1_dss astm.f3548.v21.dss.queryOperationalIntentReferences</name>
            <Placemark>
              <name>area_of_interest</name>
              <styleUrl>#QueryArea</styleUrl>
              <description><![CDATA[<ul><li>uss1's Activated 16e900fc-d623-4ac2-886d-bb7191191b0a[2]</li><li>uss1's Activated 9c76378f-7109-451d-800d-2553fa44620b[2]</li></ul>]]></description>
              <TimeSpan>
                <begin>2026-09-01T16:12:31.430261+00:00</begin>
                <end>2026-09-01T16:57:32.430261+00:00</end>
              </TimeSpan>
              <MultiGeometry>
                <Polygon>
                  <altitudeMode>absolute</altitudeMode>
                  <outerBoundaryIs>
                    <LinearRing>
                      <coordinates>-96.75885603693884,32.71777243082621,90.26721197182734 -96.75885603693884,32.71840061442382,90.26721197182734 -96.75793995876997,32.71840061442382,90.26721197182734 -96.75793995876997,32.71777243082621,90.26721197182734</coordinates>
                    </LinearRing>
                  </outerBoundaryIs>
                </Polygon>
                <Polygon>
                  <altitudeMode>absolute</altitudeMode>
                  <outerBoundaryIs>
                    <LinearRing>
                      <coordinates>-96.75885603693884,32.71777243082621,150.31721197182733 -96.75885603693884,32.71840061442382,150.31721197182733 -96.75793995876997,32.71840061442382,150.31721197182733 -96.75793995876997,32.71777243082621,150.31721197182733</coordinates>
                    </LinearRing>
                  </outerBoundaryIs>
                </Polygon>
                <Polygon>
                  <altitudeMode>absolute</altitudeMode>
                  <outerBoundaryIs>
                    <LinearRing>
                      <coordinates>-96.75885603693884,32.71777243082621,90.26721197182734 -96.75885603693884,32.71777243082621,150.31721197182733 -96.75885603693884,32.71840061442382,150.31721197182733 -96.75885603693884,32.71840061442382,90.26721197182734</coordinates>
                    </LinearRing>
                  </outerBoundaryIs>
                </Polygon>
                <Polygon>
                  <altitudeMode>absolute</altitudeMode>
                  <outerBoundaryIs>
                    <LinearRing>
                      <coordinates>-96.75885603693884,32.71840061442382,90.26721197182734 -96.75885603693884,32.71840061442382,150.31721197182733 -96.75793995876997,32.71840061442382,150.31721197182733 -96.75793995876997,32.71840061442382,90.26721197182734</coordinates>
                    </LinearRing>
                  </outerBoundaryIs>
                </Polygon>
                <Polygon>
                  <altitudeMode>absolute</altitudeMode>
                  <outerBoundaryIs>
                    <LinearRing>
                      <coordinates>-96.75793995876997,32.71840061442382,90.26721197182734 -96.75793995876997,32.71840061442382,150.31721197182733 -96.75793995876997,32.71777243082621,150.31721197182733 -96.75793995876997,32.71777243082621,90.26721197182734</coordinates>
                    </LinearRing>
                  </outerBoundaryIs>
                </Polygon>
                <Polygon>
                  <altitudeMode>absolute</altitudeMode>
                  <outerBoundaryIs>
                    <LinearRing>
                      <coordinates>-96.75793995876997,32.71777243082621,90.26721197182734 -96.75793995876997,32.71777243082621,150.31721197182733 -96.75885603693884,32.71777243082621,150.31721197182733 -96.75885603693884,32.71777243082621,90.26721197182734</coordinates>
                    </LinearRing>
                  </outerBoundaryIs>
                </Polygon>
              </MultiGeometry>
            </Placemark>
          </Folder>
          <Folder>
            <name>E192: uss1_core interuss.automated_testing.flight_planning.v1.UpsertFlightPlan</name>
            <Folder>
              <name>Activity Completed, flight OkToFly</name>
              <Placemark>
                <name>Volume 0</name>
                <styleUrl>#InUse_Nominal</styleUrl>
                <TimeSpan>
                  <begin>2026-09-01T16:12:31.430261+00:00</begin>
                  <end>2026-09-01T16:57:32.430261+00:00</end>
                </TimeSpan>
                <MultiGeometry>
                  <Polygon>
                    <altitudeMode>absolute</altitudeMode>
                    <outerBoundaryIs>
                      <LinearRing>
                        <coordinates>-96.75840495207224,32.71792136563181,90.26688227633265 -96.75861737701852,32.71816231903137,90.26688227633265 -96.75823551948804,32.71840061442382,90.26688227633265 -96.75793995876997,32.718149288087204,90.26688227633265</coordinates>
                      </LinearRing>
                    </outerBoundaryIs>
                  </Polygon>
                  <Polygon>
                    <altitudeMode>absolute</altitudeMode>
                    <outerBoundaryIs>
                      <LinearRing>
                        <coordinates>-96.75840495207224,32.71792136563181,150.31688227633265 -96.75861737701852,32.71816231903137,150.31688227633265 -96.75823551948804,32.71840061442382,150.31688227633265 -96.75793995876997,32.718149288087204,150.31688227633265</coordinates>
                      </LinearRing>
                    </outerBoundaryIs>
                  </Polygon>
                  <Polygon>
                    <altitudeMode>absolute</altitudeMode>
                    <outerBoundaryIs>
                      <LinearRing>
                        <coordinates>-96.75840495207224,32.71792136563181,90.26688227633265 -96.75840495207224,32.71792136563181,150.31688227633265 -96.75861737701852,32.71816231903137,150.31688227633265 -96.75861737701852,32.71816231903137,90.26688227633265</coordinates>
                      </LinearRing>
                    </outerBoundaryIs>
                  </Polygon>
                  <Polygon>
                    <altitudeMode>absolute</altitudeMode>
                    <outerBoundaryIs>
                      <LinearRing>
                        <coordinates>-96.75861737701852,32.71816231903137,90.26688227633265 -96.75861737701852,32.71816231903137,150.31688227633265 -96.75823551948804,32.71840061442382,150.31688227633265 -96.75823551948804,32.71840061442382,90.26688227633265</coordinates>
                      </LinearRing>
                    </outerBoundaryIs>
                  </Polygon>
                  <Polygon>
                    <altitudeMode>absolute</altitudeMode>
                    <outerBoundaryIs>
                      <LinearRing>
                        <coordinates>-96.75823551948804,32.71840061442382,90.26688227633265 -96.75823551948804,32.71840061442382,150.31688227633265 -96.75793995876997,32.718149288087204,150.31688227633265 -96.75793995876997,32.718149288087204,90.26688227633265</coordinates>
                      </LinearRing>
                    </outerBoundaryIs>
                  </Polygon>
                  <Polygon>
                    <altitudeMode>absolute</altitudeMode>
                    <outerBoundaryIs>
                      <LinearRing>
                        <coordinates>-96.75793995876997,32.718149288087204,90.26688227633265 -96.75793995876997,32.718149288087204,150.31688227633265 -96.75840495207224,32.71792136563181,150.31688227633265 -96.75840495207224,32.71792136563181,90.26688227633265</coordinates>
                      </LinearRing>
                    </outerBoundaryIs>
                  </Polygon>
                </MultiGeometry>
              </Placemark>
            </Folder>
          </Folder>
          <Folder>
            <name>E197: uss1_dss astm.f3548.v21.dss.queryOperationalIntentReferences</name>
            <Placemark>
              <name>area_of_interest</name>
              <styleUrl>#QueryArea</styleUrl>
              <description><![CDATA[<ul><li>uss1's Activated 16e900fc-d623-4ac2-886d-bb7191191b0a[2]</li><li>uss1's Activated 9c76378f-7109-451d-800d-2553fa44620b[3]</li></ul>]]></description>
              <TimeSpan>
                <begin>2026-09-01T16:12:31.430261+00:00</begin>
                <end>2026-09-01T16:57:32.430261+00:00</end>
              </TimeSpan>
              <MultiGeometry>
                <Polygon>
                  <altitudeMode>absolute</altitudeMode>
                  <outerBoundaryIs>
                    <LinearRing>
                      <coordinates>-96.75885603693884,32.71777243082621,90.26721197182734 -96.75885603693884,32.71840061442382,90.26721197182734 -96.75793995876997,32.71840061442382,90.26721197182734 -96.75793995876997,32.71777243082621,90.26721197182734</coordinates>
                    </LinearRing>
                  </outerBoundaryIs>
                </Polygon>
                <Polygon>
                  <altitudeMode>absolute</altitudeMode>
                  <outerBoundaryIs>
                    <LinearRing>
                      <coordinates>-96.75885603693884,32.71777243082621,150.31721197182733 -96.75885603693884,32.71840061442382,150.31721197182733 -96.75793995876997,32.71840061442382,150.31721197182733 -96.75793995876997,32.71777243082621,150.31721197182733</coordinates>
                    </LinearRing>
                  </outerBoundaryIs>
                </Polygon>
                <Polygon>
                  <altitudeMode>absolute</altitudeMode>
                  <outerBoundaryIs>
                    <LinearRing>
                      <coordinates>-96.75885603693884,32.71777243082621,90.26721197182734 -96.75885603693884,32.71777243082621,150.31721197182733 -96.75885603693884,32.71840061442382,150.31721197182733 -96.75885603693884,32.71840061442382,90.26721197182734</coordinates>
                    </LinearRing>
                  </outerBoundaryIs>
                </Polygon>
                <Polygon>
                  <altitudeMode>absolute</altitudeMode>
                  <outerBoundaryIs>
                    <LinearRing>
                      <coordinates>-96.75885603693884,32.71840061442382,90.26721197182734 -96.75885603693884,32.71840061442382,150.31721197182733 -96.75793995876997,32.71840061442382,150.31721197182733 -96.75793995876997,32.71840061442382,90.26721197182734</coordinates>
                    </LinearRing>
                  </outerBoundaryIs>
                </Polygon>
                <Polygon>
                  <altitudeMode>absolute</altitudeMode>
                  <outerBoundaryIs>
                    <LinearRing>
                      <coordinates>-96.75793995876997,32.71840061442382,90.26721197182734 -96.75793995876997,32.71840061442382,150.31721197182733 -96.75793995876997,32.71777243082621,150.31721197182733 -96.75793995876997,32.71777243082621,90.26721197182734</coordinates>
                    </LinearRing>
                  </outerBoundaryIs>
                </Polygon>
                <Polygon>
                  <altitudeMode>absolute</altitudeMode>
                  <outerBoundaryIs>
                    <LinearRing>
                      <coordinates>-96.75793995876997,32.71777243082621,90.26721197182734 -96.75793995876997,32.71777243082621,150.31721197182733 -96.75885603693884,32.71777243082621,150.31721197182733 -96.75885603693884,32.71777243082621,90.26721197182734</coordinates>
                    </LinearRing>
                  </outerBoundaryIs>
                </Polygon>
              </MultiGeometry>
            </Placemark>
          </Folder>
          <Folder>
            <name>E202: uss1_core astm.f3548.v21.uss.getOperationalIntentDetails</name>
            <Folder>
              <name>uss1's P0 Activated 9c76378f-7109-451d-800d-2553fa44620b[3] @ V-bYOg4P5lV3TZcJlMFFFRtgOCFZgXnUM.S0eCK-eCo_</name>
              <Placemark>
                <name>Nominal volume 0</name>
                <styleUrl>#F3548v21Activated</styleUrl>
                <TimeSpan>
                  <begin>2026-09-01T16:12:32.458278+00:00</begin>
                  <end>2026-09-01T16:57:32.430261+00:00</end>
                </TimeSpan>
                <MultiGeometry>
                  <Polygon>
                    <altitudeMode>absolute</altitudeMode>
                    <outerBoundaryIs>
                      <LinearRing>
                        <coordinates>-96.75840495207224,32.71792136563181,90.26688227633265 -96.75861737701852,32.71816231903137,90.26688227633265 -96.75823551948804,32.71840061442382,90.26688227633265 -96.75793995876997,32.718149288087204,90.26688227633265</coordinates>
                      </LinearRing>
                    </outerBoundaryIs>
                  </Polygon>
                  <Polygon>
                    <altitudeMode>absolute</altitudeMode>
                    <outerBoundaryIs>
                      <LinearRing>
                        <coordinates>-96.75840495207224,32.71792136563181,150.31688227633265 -96.75861737701852,32.71816231903137,150.31688227633265 -96.75823551948804,32.71840061442382,150.31688227633265 -96.75793995876997,32.718149288087204,150.31688227633265</coordinates>
                      </LinearRing>
                    </outerBoundaryIs>
                  </Polygon>
                  <Polygon>
                    <altitudeMode>absolute</altitudeMode>
                    <outerBoundaryIs>
                      <LinearRing>
                        <coordinates>-96.75840495207224,32.71792136563181,90.26688227633265 -96.75840495207224,32.71792136563181,150.31688227633265 -96.75861737701852,32.71816231903137,150.31688227633265 -96.75861737701852,32.71816231903137,90.26688227633265</coordinates>
                      </LinearRing>
                    </outerBoundaryIs>
                  </Polygon>
                  <Polygon>
                    <altitudeMode>absolute</altitudeMode>
                    <outerBoundaryIs>
                      <LinearRing>
                        <coordinates>-96.75861737701852,32.71816231903137,90.26688227633265 -96.75861737701852,32.71816231903137,150.31688227633265 -96.75823551948804,32.71840061442382,150.31688227633265 -96.75823551948804,32.71840061442382,90.26688227633265</coordinates>
                      </LinearRing>
                    </outerBoundaryIs>
                  </Polygon>
                  <Polygon>
                    <altitudeMode>absolute</altitudeMode>
                    <outerBoundaryIs>
                      <LinearRing>
                        <coordinates>-96.75823551948804,32.71840061442382,90.26688227633265 -96.75823551948804,32.71840061442382,150.31688227633265 -96.75793995876997,32.718149288087204,150.31688227633265 -96.75793995876997,32.718149288087204,90.26688227633265</coordinates>
                      </LinearRing>
                    </outerBoundaryIs>
                  </Polygon>
                  <Polygon>
                    <altitudeMode>absolute</altitudeMode>
                    <outerBoundaryIs>
                      <LinearRing>
                        <coordinates>-96.75793995876997,32.718149288087204,90.26688227633265 -96.75793995876997,32.718149288087204,150.31688227633265 -96.75840495207224,32.71792136563181,150.31688227633265 -96.75840495207224,32.71792136563181,90.26688227633265</coordinates>
                      </LinearRing>
                    </outerBoundaryIs>
                  </Polygon>
                </MultiGeometry>
              </Placemark>
            </Folder>
          </Folder>
        </Folder>
      </Folder>
      <Folder>
        <name>Attempt to modify activated flight into conflict</name>
        <Folder>
          <name>Modify activated Flight 2 to not conflict with activated Flight 1</name>
          <Folder>
            <name>E211: uss1_dss astm.f3548.v21.dss.queryOperationalIntentReferences</name>
            <Placemark>
              <name>area_of_interest</name>
              <styleUrl>#QueryArea</styleUrl>
              <description><![CDATA[<ul><li>uss1's Activated 16e900fc-d623-4ac2-886d-bb7191191b0a[2]</li><li>uss1's Activated 9c76378f-7109-451d-800d-2553fa44620b[3]</li></ul>]]></description>
              <TimeSpan>
                <begin>2026-09-01T16:12:31.568560+00:00</begin>
                <end>2026-09-01T16:57:32.568560+00:00</end>
              </TimeSpan>
              <MultiGeometry>
                <Polygon>
                  <altitudeMode>absolute</altitudeMode>
                  <outerBoundaryIs>
                    <LinearRing>
                      <coordinates>-96.75899607628425,32.71806391428686,117.22790564880842 -96.75899607628425,32.718424015430124,117.22790564880842 -96.75836638827326,32.718424015430124,117.22790564880842 -96.75836638827326,32.71806391428686,117.22790564880842</coordinates>
                    </LinearRing>
                  </outerBoundaryIs>
                </Polygon>
                <Polygon>
                  <altitudeMode>absolute</altitudeMode>
                  <outerBoundaryIs>
                    <LinearRing>
                      <coordinates>-96.75899607628425,32.71806391428686,170.31790564880842 -96.75899607628425,32.718424015430124,170.31790564880842 -96.75836638827326,32.718424015430124,170.31790564880842 -96.75836638827326,32.71806391428686,170.31790564880842</coordinates>
                    </LinearRing>
                  </outerBoundaryIs>
                </Polygon>
                <Polygon>
                  <altitudeMode>absolute</altitudeMode>
                  <outerBoundaryIs>
                    <LinearRing>
                      <coordinates>-96.75899607628425,32.71806391428686,117.22790564880842 -96.75899607628425,32.71806391428686,170.31790564880842 -96.75899607628425,32.718424015430124,170.31790564880842 -96.75899607628425,32.718424015430124,117.22790564880842</coordinates>
                    </LinearRing>
                  </outerBoundaryIs>
                </Polygon>
                <Polygon>
                  <altitudeMode>absolute</altitudeMode>
                  <outerBoundaryIs>
                    <LinearRing>
                      <coordinates>-96.75899607628425,32.718424015430124,117.22790564880842 -96.75899607628425,32.718424015430124,170.31790564880842 -96.75836638827326,32.718424015430124,170.31790564880842 -96.75836638827326,32.718424015430124,117.22790564880842</coordinates>
                    </LinearRing>
                  </outerBoundaryIs>
                </Polygon>
                <Polygon>
                  <altitudeMode>absolute</altitudeMode>
                  <outerBoundaryIs>
                    <LinearRing>
                      <coordinates>-96.75836638827326,32.718424015430124,117.22790564880842 -96.75836638827326,32.718424015430124,170.31790564880842 -96.75836638827326,32.71806391428686,170.31790564880842 -96.75836638827326,32.71806391428686,117.22790564880842</coordinates>
                    </LinearRing>
                  </outerBoundaryIs>
                </Polygon>
                <Polygon>
                  <altitudeMode>absolute</altitudeMode>
                  <outerBoundaryIs>
                    <LinearRing>
                      <coordinates>-96.75836638827326,32.71806391428686,117.22790564880842 -96.75836638827326,32.71806391428686,170.31790564880842 -96.75899607628425,32.71806391428686,170.31790564880842 -96.75899607628425,32.71806391428686,117.22790564880842</coordinates>
                    </LinearRing>
                  </outerBoundaryIs>
                </Polygon>
              </MultiGeometry>
            </Placemark>
          </Folder>
          <Folder>
            <name>E213: uss1_core interuss.automated_testing.flight_planning.v1.UpsertFlightPlan</name>
            <Folder>
              <name>Activity Completed, flight OkToFly</name>
              <Placemark>
                <name>Volume 0</name>
                <styleUrl>#InUse_Nominal</styleUrl>
                <TimeSpan>
                  <begin>2026-09-01T16:12:31.568560+00:00</begin>
                  <end>2026-09-01T16:57:32.568560+00:00</end>
                </TimeSpan>
                <MultiGeometry>
                  <Polygon>
                    <altitudeMode>absolute</altitudeMode>
                    <outerBoundaryIs>
                      <LinearRing>
                        <coordinates>-96.75897457751377,32.71806391428686,117.2281511510925 -96.75836638827326,32.71838119962978,117.2281511510925 -96.75899607628423,32.71842401543012,117.2281511510925</coordinates>
                      </LinearRing>
                    </outerBoundaryIs>
                  </Polygon>
                  <Polygon>
                    <altitudeMode>absolute</altitudeMode>
                    <outerBoundaryIs>
                      <LinearRing>
                        <coordinates>-96.75897457751377,32.71806391428686,170.3181511510925 -96.75836638827326,32.71838119962978,170.3181511510925 -96.75899607628423,32.71842401543012,170.3181511510925</coordinates>
                      </LinearRing>
                    </outerBoundaryIs>
                  </Polygon>
                  <Polygon>
                    <altitudeMode>absolute</altitudeMode>
                    <outerBoundaryIs>
                      <LinearRing>
                        <coordinates>-96.75897457751377,32.71806391428686,117.2281511510925 -96.75897457751377,32.71806391428686,170.3181511510925 -96.75836638827326,32.71838119962978,170.3181511510925 -96.75836638827326,32.71838119962978,117.2281511510925</coordinates>
                      </LinearRing>
                    </outerBoundaryIs>
                  </Polygon>
                  <Polygon>
                    <altitudeMode>absolute</altitudeMode>
                    <outerBoundaryIs>
                      <LinearRing>
                        <coordinates>-96.75836638827326,32.71838119962978,117.2281511510925 -96.75836638827326,32.71838119962978,170.3181511510925 -96.75899607628423,32.71842401543012,170.3181511510925 -96.75899607628423,32.71842401543012,117.2281511510925</coordinates>
                      </LinearRing>
                    </outerBoundaryIs>
                  </Polygon>
                  <Polygon>
                    <altitudeMode>absolute</altitudeMode>
                    <outerBoundaryIs>
                      <LinearRing>
                        <coordinates>-96.75899607628423,32.71842401543012,117.2281511510925 -96.75899607628423,32.71842401543012,170.3181511510925 -96.75897457751377,32.71806391428686,170.3181511510925 -96.75897457751377,32.71806391428686,117.2281511510925</coordinates>
                      </LinearRing>
                    </outerBoundaryIs>
                  </Polygon>
                </MultiGeometry>
              </Placemark>
            </Folder>
          </Folder>
          <Folder>
            <name>E217: uss1_dss astm.f3548.v21.dss.queryOperationalIntentReferences</name>
            <Placemark>
              <name>area_of_interest</name>
              <styleUrl>#QueryArea</styleUrl>
              <description><![CDATA[<ul><li>uss1's Activated 16e900fc-d623-4ac2-886d-bb7191191b0a[3]</li><li>uss1's Activated 9c76378f-7109-451d-800d-2553fa44620b[3]</li></ul>]]></description>
              <TimeSpan>
                <begin>2026-09-01T16:12:31.568560+00:00</begin>
                <end>2026-09-01T16:57:32.568560+00:00</end>
              </TimeSpan>
              <MultiGeometry>
                <Polygon>
                  <altitudeMode>absolute</altitudeMode>
                  <outerBoundaryIs>
                    <LinearRing>
                      <coordinates>-96.75899607628425,32.71806391428686,117.22790564880842 -96.75899607628425,32.718424015430124,117.22790564880842 -96.75836638827326,32.718424015430124,117.22790564880842 -96.75836638827326,32.71806391428686,117.22790564880842</coordinates>
                    </LinearRing>
                  </outerBoundaryIs>
                </Polygon>
                <Polygon>
                  <altitudeMode>absolute</altitudeMode>
                  <outerBoundaryIs>
                    <LinearRing>
                      <coordinates>-96.75899607628425,32.71806391428686,170.31790564880842 -96.75899607628425,32.718424015430124,170.31790564880842 -96.75836638827326,32.718424015430124,170.31790564880842 -96.75836638827326,32.71806391428686,170.31790564880842</coordinates>
                    </LinearRing>
                  </outerBoundaryIs>
                </Polygon>
                <Polygon>
                  <altitudeMode>absolute</altitudeMode>
                  <outerBoundaryIs>
                    <LinearRing>
                      <coordinates>-96.75899607628425,32.71806391428686,117.22790564880842 -96.75899607628425,32.71806391428686,170.31790564880842 -96.75899607628425,32.718424015430124,170.31790564880842 -96.75899607628425,32.718424015430124,117.22790564880842</coordinates>
                    </LinearRing>
                  </outerBoundaryIs>
                </Polygon>
                <Polygon>
                  <altitudeMode>absolute</altitudeMode>
                  <outerBoundaryIs>
                    <LinearRing>
                      <coordinates>-96.75899607628425,32.718424015430124,117.22790564880842 -96.75899607628425,32.718424015430124,170.31790564880842 -96.75836638827326,32.718424015430124,170.31790564880842 -96.75836638827326,32.718424015430124,117.22790564880842</coordinates>
                    </LinearRing>
                  </outerBoundaryIs>
                </Polygon>
                <Polygon>
                  <altitudeMode>absolute</altitudeMode>
                  <outerBoundaryIs>
                    <LinearRing>
                      <coordinates>-96.75836638827326,32.718424015430124,117.22790564880842 -96.75836638827326,32.718424015430124,170.31790564880842 -96.75836638827326,32.71806391428686,170.31790564880842 -96.75836638827326,32.71806391428686,117.22790564880842</coordinates>
                    </LinearRing>
                  </outerBoundaryIs>
                </Polygon>
                <Polygon>
                  <altitudeMode>absolute</altitudeMode>
                  <outerBoundaryIs>
                    <LinearRing>
                      <coordinates>-96.75836638827326,32.71806391428686,117.22790564880842 -96.75836638827326,32.71806391428686,170.31790564880842 -96.75899607628425,32.71806391428686,170.31790564880842 -96.75899607628425,32.71806391428686,117.22790564880842</coordinates>
                    </LinearRing>
                  </outerBoundaryIs>
                </Polygon>
              </MultiGeometry>
            </Placemark>
          </Folder>
          <Folder>
            <name>E222: uss1_core astm.f3548.v21.uss.getOperationalIntentDetails</name>
            <Folder>
              <name>uss1's P100 Activated 16e900fc-d623-4ac2-886d-bb7191191b0a[3] @ iFWnjbVmdxsEr1j9cpG.MY284ZP2BqwV-fvRrkO7AKY_</name>
              <Placemark>
                <name>Nominal volume 0</name>
                <styleUrl>#F3548v21Activated</styleUrl>
                <TimeSpan>
                  <begin>2026-09-01T16:12:32.593478+00:00</begin>
                  <end>2026-09-01T16:57:32.568560+00:00</end>
                </TimeSpan>
                <MultiGeometry>
                  <Polygon>
                    <altitudeMode>absolute</altitudeMode>
                    <outerBoundaryIs>
                      <LinearRing>
                        <coordinates>-96.75897457751377,32.71806391428686,117.2281511510925 -96.75836638827326,32.71838119962978,117.2281511510925 -96.75899607628423,32.71842401543012,117.2281511510925</coordinates>
                      </LinearRing>
                    </outerBoundaryIs>
                  </Polygon>
                  <Polygon>
                    <altitudeMode>absolute</altitudeMode>
                    <outerBoundaryIs>
                      <LinearRing>
                        <coordinates>-96.75897457751377,32.71806391428686,170.3181511510925 -96.75836638827326,32.71838119962978,170.3181511510925 -96.75899607628423,32.71842401543012,170.3181511510925</coordinates>
                      </LinearRing>
                    </outerBoundaryIs>
                  </Polygon>
                  <Polygon>
                    <altitudeMode>absolute</altitudeMode>
                    <outerBoundaryIs>
                      <LinearRing>
                        <coordinates>-96.75897457751377,32.71806391428686,117.2281511510925 -96.75897457751377,32.71806391428686,170.3181511510925 -96.75836638827326,32.71838119962978,170.3181511510925 -96.75836638827326,32.71838119962978,117.2281511510925</coordinates>
                      </LinearRing>
                    </outerBoundaryIs>
                  </Polygon>
                  <Polygon>
                    <altitudeMode>absolute</altitudeMode>
                    <outerBoundaryIs>
                      <LinearRing>
                        <coordinates>-96.75836638827326,32.71838119962978,117.2281511510925 -96.75836638827326,32.71838119962978,170.3181511510925 -96.75899607628423,32.71842401543012,170.3181511510925 -96.75899607628423,32.71842401543012,117.2281511510925</coordinates>
                      </LinearRing>
                    </outerBoundaryIs>
                  </Polygon>
                  <Polygon>
                    <altitudeMode>absolute</altitudeMode>
                    <outerBoundaryIs>
                      <LinearRing>
                        <coordinates>-96.75899607628423,32.71842401543012,117.2281511510925 -96.75899607628423,32.71842401543012,170.3181511510925 -96.75897457751377,32.71806391428686,170.3181511510925 -96.75897457751377,32.71806391428686,117.2281511510925</coordinates>
                      </LinearRing>
                    </outerBoundaryIs>
                  </Polygon>
                </MultiGeometry>
              </Placemark>
            </Folder>
          </Folder>
        </Folder>
        <Folder>
          <name>Attempt to modify activated Flight 1 into conflict</name>
          <Folder>
            <name>E231: uss1_dss astm.f3548.v21.dss.queryOperationalIntentReferences</name>
            <Placemark>
              <name>area_of_interest</name>
              <styleUrl>#QueryArea</styleUrl>
              <description><![CDATA[<ul><li>uss1's Activated 16e900fc-d623-4ac2-886d-bb7191191b0a[3]</li><li>uss1's Activated 9c76378f-7109-451d-800d-2553fa44620b[3]</li></ul>]]></description>
              <TimeSpan>
                <begin>2026-09-01T16:12:31.718128+00:00</begin>
                <end>2026-09-01T16:57:32.718128+00:00</end>
              </TimeSpan>
              <MultiGeometry>
                <Polygon>
                  <altitudeMode>absolute</altitudeMode>
                  <outerBoundaryIs>
                    <LinearRing>
                      <coordinates>-96.75870968324621,32.71792136563181,90.26688189362217 -96.75870968324621,32.718602737943755,90.26688189362217 -96.75793995876997,32.718602737943755,90.26688189362217 -96.75793995876997,32.71792136563181,90.26688189362217</coordinates>
                    </LinearRing>
                  </outerBoundaryIs>
                </Polygon>
                <Polygon>
                  <altitudeMode>absolute</altitudeMode>
                  <outerBoundaryIs>
                    <LinearRing>
                      <coordinates>-96.75870968324621,32.71792136563181,155.31688189362217 -96.75870968324621,32.718602737943755,155.31688189362217 -96.75793995876997,32.718602737943755,155.31688189362217 -96.75793995876997,32.71792136563181,155.31688189362217</coordinates>
                    </LinearRing>
                  </outerBoundaryIs>
                </Polygon>
                <Polygon>
                  <altitudeMode>absolute</altitudeMode>
                  <outerBoundaryIs>
                    <LinearRing>
                      <coordinates>-96.75870968324621,32.71792136563181,90.26688189362217 -96.75870968324621,32.71792136563181,155.31688189362217 -96.75870968324621,32.718602737943755,155.31688189362217 -96.75870968324621,32.718602737943755,90.26688189362217</coordinates>
                    </LinearRing>
                  </outerBoundaryIs>
                </Polygon>
                <Polygon>
                  <altitudeMode>absolute</altitudeMode>
                  <outerBoundaryIs>
                    <LinearRing>
                      <coordinates>-96.75870968324621,32.718602737943755,90.26688189362217 -96.75870968324621,32.718602737943755,155.31688189362217 -96.75793995876997,32.718602737943755,155.31688189362217 -96.75793995876997,32.718602737943755,90.26688189362217</coordinates>
                    </LinearRing>
                  </outerBoundaryIs>
                </Polygon>
                <Polygon>
                  <altitudeMode>absolute</altitudeMode>
                  <outerBoundaryIs>
                    <LinearRing>
                      <coordinates>-96.75793995876997,32.718602737943755,90.26688189362217 -96.75793995876997,32.718602737943755,155.31688189362217 -96.75793995876997,32.71792136563181,155.31688189362217 -96.75793995876997,32.71792136563181,90.26688189362217</coordinates>
                    </LinearRing>
                  </outerBoundaryIs>
                </Polygon>
                <Polygon>
                  <altitudeMode>absolute</altitudeMode>
                  <outerBoundaryIs>
                    <LinearRing>
                      <coordinates>-96.75793995876997,32.71792136563181,90.26688189362217 -96.75793995876997,32.71792136563181,155.31688189362217 -96.75870968324621,32.71792136563181,155.31688189362217 -96.75870968324621,32.71792136563181,90.26688189362217</coordinates>
                    </LinearRing>
                  </outerBoundaryIs>
                </Polygon>
              </MultiGeometry>
            </Placemark>
          </Folder>
          <Folder>
            <name>E233: uss1_core interuss.automated_testing.flight_planning.v1.UpsertFlightPlan</name>
            <Folder>
              <name>Activity Rejected, flight OkToFly</name>
              <Placemark>
                <name>Volume 0</name>
                <styleUrl>#InUse_Nominal</styleUrl>
                <TimeSpan>
                  <begin>2026-09-01T16:12:31.718128+00:00</begin>
                  <end>2026-09-01T16:57:32.718128+00:00</end>
                </TimeSpan>
                <MultiGeometry>
                  <Polygon>
                    <altitudeMode>absolute</altitudeMode>
                    <outerBoundaryIs>
                      <LinearRing>
                        <coordinates>-96.75821402379411,32.7180405131508,120.37671470082516 -96.75870968324621,32.718602737943755,120.37671470082516 -96.75823551948804,32.71840061442382,120.37671470082516 -96.75793995876997,32.718149288087204,120.37671470082516</coordinates>
                      </LinearRing>
                    </outerBoundaryIs>
                  </Polygon>
                  <Polygon>
                    <altitudeMode>absolute</altitudeMode>
                    <outerBoundaryIs>
                      <LinearRing>
                        <coordinates>-96.75821402379411,32.7180405131508,155.31671470082514 -96.75870968324621,32.718602737943755,155.31671470082514 -96.75823551948804,32.71840061442382,155.31671470082514 -96.75793995876997,32.718149288087204,155.31671470082514</coordinates>
                      </LinearRing>
                    </outerBoundaryIs>
                  </Polygon>
                  <Polygon>
                    <altitudeMode>absolute</altitudeMode>
                    <outerBoundaryIs>
                      <LinearRing>
                        <coordinates>-96.75821402379411,32.7180405131508,120.37671470082516 -96.75821402379411,32.7180405131508,155.31671470082514 -96.75870968324621,32.718602737943755,155.31671470082514 -96.75870968324621,32.718602737943755,120.37671470082516</coordinates>
                      </LinearRing>
                    </outerBoundaryIs>
                  </Polygon>
                  <Polygon>
                    <altitudeMode>absolute</altitudeMode>
                    <outerBoundaryIs>
                      <LinearRing>
                        <coordinates>-96.75870968324621,32.718602737943755,120.37671470082516 -96.75870968324621,32.718602737943755,155.31671470082514 -96.75823551948804,32.71840061442382,155.31671470082514 -96.75823551948804,32.71840061442382,120.37671470082516</coordinates>
                      </LinearRing>
                    </outerBoundaryIs>
                  </Polygon>
                  <Polygon>
                    <altitudeMode>absolute</altitudeMode>
                    <outerBoundaryIs>
                      <LinearRing>
                        <coordinates>-96.75823551948804,32.71840061442382,120.37671470082516 -96.75823551948804,32.71840061442382,155.31671470082514 -96.75793995876997,32.718149288087204,155.31671470082514 -96.75793995876997,32.718149288087204,120.37671470082516</coordinates>
                      </LinearRing>
                    </outerBoundaryIs>
                  </Polygon>
                  <Polygon>
                    <altitudeMode>absolute</altitudeMode>
                    <outerBoundaryIs>
                      <LinearRing>
                        <coordinates>-96.75793995876997,32.718149288087204,120.37671470082516 -96.75793995876997,32.718149288087204,155.31671470082514 -96.75821402379411,32.7180405131508,155.31671470082514 -96.75821402379411,32.7180405131508,120.37671470082516</coordinates>
                      </LinearRing>
                    </outerBoundaryIs>
                  </Polygon>
                </MultiGeometry>
              </Placemark>
            </Folder>
          </Folder>
          <Folder>
            <name>E236: uss1_dss astm.f3548.v21.dss.queryOperationalIntentReferences</name>
            <Placemark>
              <name>area_of_interest</name>
              <styleUrl>#QueryArea</styleUrl>
              <description><![CDATA[<ul><li>uss1's Activated 16e900fc-d623-4ac2-886d-bb7191191b0a[3]</li><li>uss1's Activated 9c76378f-7109-451d-800d-2553fa44620b[3]</li></ul>]]></description>
              <TimeSpan>
                <begin>2026-09-01T16:12:31.718128+00:00</begin>
                <end>2026-09-01T16:57:32.718128+00:00</end>
              </TimeSpan>
              <MultiGeometry>
                <Polygon>
                  <altitudeMode>absolute</altitudeMode>
                  <outerBoundaryIs>
                    <LinearRing>
                      <coordinates>-96.75870968324621,32.71792136563181,90.26688189362217 -96.75870968324621,32.718602737943755,90.26688189362217 -96.75793995876997,32.718602737943755,90.26688189362217 -96.75793995876997,32.71792136563181,90.26688189362217</coordinates>
                    </LinearRing>
                  </outerBoundaryIs>
                </Polygon>
                <Polygon>
                  <altitudeMode>absolute</altitudeMode>
                  <outerBoundaryIs>
                    <LinearRing>
                      <coordinates>-96.75870968324621,32.71792136563181,155.31688189362217 -96.75870968324621,32.718602737943755,155.31688189362217 -96.75793995876997,32.718602737943755,155.31688189362217 -96.75793995876997,32.71792136563181,155.31688189362217</coordinates>
                    </LinearRing>
                  </outerBoundaryIs>
                </Polygon>
                <Polygon>
                  <altitudeMode>absolute</altitudeMode>
                  <outerBoundaryIs>
                    <LinearRing>
                      <coordinates>-96.75870968324621,32.71792136563181,90.26688189362217 -96.75870968324621,32.71792136563181,155.31688189362217 -96.75870968324621,32.718602737943755,155.31688189362217 -96.75870968324621,32.718602737943755,90.26688189362217</coordinates>
                    </LinearRing>
                  </outerBoundaryIs>
                </Polygon>
                <Polygon>
                  <altitudeMode>absolute</altitudeMode>
                  <outerBoundaryIs>
                    <LinearRing>
                      <coordinates>-96.75870968324621,32.718602737943755,90.26688189362217 -96.75870968324621,32.718602737943755,155.31688189362217 -96.75793995876997,32.718602737943755,155.31688189362217 -96.75793995876997,32.718602737943755,90.26688189362217</coordinates>
                    </LinearRing>
                  </outerBoundaryIs>
                </Polygon>
                <Polygon>
                  <altitudeMode>absolute</altitudeMode>
                  <outerBoundaryIs>
                    <LinearRing>
                      <coordinates>-96.75793995876997,32.718602737943755,90.26688189362217 -96.75793995876997,32.718602737943755,155.31688189362217 -96.75793995876997,32.71792136563181,155.31688189362217 -96.75793995876997,32.71792136563181,90.26688189362217</coordinates>
                    </LinearRing>
                  </outerBoundaryIs>
                </Polygon>
                <Polygon>
                  <altitudeMode>absolute</altitudeMode>
                  <outerBoundaryIs>
                    <LinearRing>
                      <coordinates>-96.75793995876997,32.71792136563181,90.26688189362217 -96.75793995876997,32.71792136563181,155.31688189362217 -96.75870968324621,32.71792136563181,155.31688189362217 -96.75870968324621,32.71792136563181,90.26688189362217</coordinates>
                    </LinearRing>
                  </outerBoundaryIs>
                </Polygon>
              </MultiGeometry>
            </Placemark>
          </Folder>
        </Folder>
      </Folder>
      <Folder>
        <name/>
        <Folder>
          <name>Cleanup</name>
        </Folder>
      </Folder>
    </Folder>
  </Document>
</kml>
