<kml xmlns="http://www.opengis.net/kml/2.2" xmlns:atom="http://www.w3.org/2005/Atom" xmlns:gx="http://www.google.com/kml/ext/2.2">
  <Document>
    <Style id="QueryArea">
      <LineStyle>
        <color>ffc0c000</color>
        <width>3</width>
      </LineStyle>
      <PolyStyle>
        <color>80ffffaa</color>
      </PolyStyle>
    </Style>
    <Style id="F3548v21Accepted">
      <LineStyle>
        <color>ff00c000</color>
        <width>3</width>
      </LineStyle>
      <PolyStyle>
        <color>80c0c0c0</color>
      </PolyStyle>
    </Style>
    <Style id="F3548v21Activated">
      <LineStyle>
        <color>ff00c000</color>
        <width>3</width>
      </LineStyle>
      <PolyStyle>
        <color>8000ff00</color>
      </PolyStyle>
    </Style>
    <Style id="F3548v21Nonconforming">
      <LineStyle>
        <color>ff00ffff</color>
        <width>5</width>
      </LineStyle>
      <PolyStyle>
        <color>8000ffff</color>
      </PolyStyle>
    </Style>
    <Style id="F3548v21Contingent">
      <LineStyle>
        <color>ff0000ff</color>
        <width>5</width>
      </LineStyle>
      <PolyStyle>
        <color>80ff0000ff</color>
      </PolyStyle>
    </Style>
    <Style id="F3548v21AcceptedFuture">
      <LineStyle>
        <color>80c0c0c0</color>
        <width>1</width>
      </LineStyle>
      <PolyStyle>
        <color>00000000</color>
      </PolyStyle>
    </Style>
    <Style id="F3548v21ActivatedFuture">
      <LineStyle>
        <color>8040c040</color>
        <width>1</width>
      </LineStyle>
      <PolyStyle>
        <color>00000000</color>
      </PolyStyle>
    </Style>
    <Style id="F3548v21NonconformingFuture">
      <LineStyle>
        <color>8000ffff</color>
        <width>1</width>
      </LineStyle>
      <PolyStyle>
        <color>00000000</color>
      </PolyStyle>
    </Style>
    <Style id="F3548v21ContingentFuture">
      <LineStyle>
        <color>80ff0000ff</color>
        <width>1</width>
      </LineStyle>
      <PolyStyle>
        <color>00000000</color>
      </PolyStyle>
    </Style>
    <Style id="Planned_Nominal">
      <LineStyle>
        <color>ff00c000</color>
        <width>3</width>
      </LineStyle>
      <PolyStyle>
        <color>80808080</color>
      </PolyStyle>
    </Style>
    <Style id="InUse_Nominal">
      <LineStyle>
        <color>ff00c000</color>
        <width>3</width>
      </LineStyle>
      <PolyStyle>
        <color>8000ff00</color>
      </PolyStyle>
    </Style>
    <Style id="InUse_OffNominal">
      <LineStyle>
        <color>ff00ffff</color>
        <width>5</width>
      </LineStyle>
      <PolyStyle>
        <color>8000ff00</color>
      </PolyStyle>
    </Style>
    <Style id="InUse_Contingent">
      <LineStyle>
        <color>ff0000ff</color>
        <width>5</width>
      </LineStyle>
      <PolyStyle>
        <color>8000ff00</color>
      </PolyStyle>
    </Style>
    <Style id="unmodifiedtelemetry">
      <IconStyle>
        <scale>1.4</scale>
        <Icon>
          <href>http://maps.google.com/mapfiles/kml/shapes/placemark_circle.png</href>
        </Icon>
      </IconStyle>
    </Style>
    <Style id="modifiedtelemetry">
      <IconStyle>
        <scale>1.4</scale>
        <Icon>
          <href>http://maps.google.com/mapfiles/kml/shapes/placemark_square.png</href>
        </Icon>
      </IconStyle>
    </Style>
    <Style id="aircraft">
      <IconStyle>
        <scale>1.4</scale>
        <Icon>
          <href>http://maps.google.com/mapfiles/kml/shapes/airports.png</href>
        </Icon>
      </IconStyle>
    </Style>
    <Folder>
      <name>Nominal planning: not permitted conflict with equal priority</name>
      <Folder>
        <name>Prerequisites check</name>
        <Folder>
          <name>Verify area is clear</name>
          <Folder>
            <name>E3: uss1_dss astm.f3548.v21.dss.queryOperationalIntentReferences</name>
            <Placemark>
              <name>area_of_interest</name>
              <styleUrl>#QueryArea</styleUrl>
              <description><![CDATA[(no operational intent references found)]]></description>
              <TimeSpan>
                <begin>2026-09-01T16:12:39.409548+00:00</begin>
                <end>2026-09-01T17:42:40.409548+00:00</end>
              </TimeSpan>
              <MultiGeometry>
                <Polygon>
                  <altitudeMode>absolute</altitudeMode>
                  <outerBoundaryIs>
                    <LinearRing>
                      <coordinates>-96.75899607628425,32.71777243082621,90.26734008821771 -96.75899607628425,32.718602737943755,90.26734008821771 -96.75793995876997,32.718602737943755,90.26734008821771 -96.75793995876997,32.71777243082621,90.26734008821771</coordinates>
                    </LinearRing>
                  </outerBoundaryIs>
                </Polygon>
                <Polygon>
                  <altitudeMode>absolute</altitudeMode>
                  <outerBoundaryIs>
                    <LinearRing>
                      <coordinates>-96.75899607628425,32.71777243082621,170.3173400882177 -96.75899607628425,32.718602737943755,170.3173400882177 -96.75793995876997,32.718602737943755,170.3173400882177 -96.75793995876997,32.71777243082621,170.3173400882177</coordinates>
                    </LinearRing>
                  </outerBoundaryIs>
                </Polygon>
                <Polygon>
                  <altitudeMode>absolute</altitudeMode>
                  <outerBoundaryIs>
                    <LinearRing>
                      <coordinates>-96.75899607628425,32.71777243082621,90.26734008821771 -96.75899607628425,32.71777243082621,170.3173400882177 -96.75899607628425,32.718602737943755,170.3173400882177 -96.75899607628425,32.718602737943755,90.26734008821771</coordinates>
                    </LinearRing>
                  </outerBoundaryIs>
                </Polygon>
                <Polygon>
                  <altitudeMode>absolute</altitudeMode>
                  <outerBoundaryIs>
                    <LinearRing>
                      <coordinates>-96.75899607628425,32.718602737943755,90.26734008821771 -96.75899607628425,32.718602737943755,170.3173400882177 -96.75793995876997,32.718602737943755,170.3173400882177 -96.75793995876997,32.718602737943755,90.26734008821771</coordinates>
                    </LinearRing>
                  </outerBoundaryIs>
                </Polygon>
                <Polygon>
                  <altitudeMode>absolute</altitudeMode>
                  <outerBoundaryIs>
                    <LinearRing>
                      <coordinates>-96.75793995876997,32.718602737943755,90.26734008821771 -96.75793995876997,32.718602737943755,170.3173400882177 -96.75793995876997,32.71777243082621,170.3173400882177 -96.75793995876997,32.71777243082621,90.26734008821771</coordinates>
                    </LinearRing>
                  </outerBoundaryIs>
                </Polygon>
                <Polygon>
                  <altitudeMode>absolute</altitudeMode>
                  <outerBoundaryIs>
                    <LinearRing>
                      <coordinates>-96.75793995876997,32.71777243082621,90.26734008821771 -96.75793995876997,32.71777243082621,170.3173400882177 -96.75899607628425,32.71777243082621,170.3173400882177 -96.75899607628425,32.71777243082621,90.26734008821771</coordinates>
                    </LinearRing>
                  </outerBoundaryIs>
                </Polygon>
              </MultiGeometry>
            </Placemark>
          </Folder>
        </Folder>
      </Folder>
      <Folder>
        <name>Attempt to plan flight into conflict</name>
        <Folder>
          <name>Plan Flight 2</name>
          <Folder>
            <name>E6: uss1_dss astm.f3548.v21.dss.queryOperationalIntentReferences</name>
            <Placemark>
              <name>area_of_interest</name>
              <styleUrl>#QueryArea</styleUrl>
              <description><![CDATA[(no operational intent references found)]]></description>
              <TimeSpan>
                <begin>2026-09-01T16:12:39.474283+00:00</begin>
                <end>2026-09-01T16:57:40.474283+00:00</end>
              </TimeSpan>
              <MultiGeometry>
                <Polygon>
                  <altitudeMode>absolute</altitudeMode>
                  <outerBoundaryIs>
                    <LinearRing>
                      <coordinates>-96.75899607628425,32.717821632855895,120.4181301442448 -96.75899607628425,32.718424015430124,120.4181301442448 -96.75846501195453,32.718424015430124,120.4181301442448 -96.75846501195453,32.717821632855895,120.4181301442448</coordinates>
                    </LinearRing>
                  </outerBoundaryIs>
                </Polygon>
                <Polygon>
                  <altitudeMode>absolute</altitudeMode>
                  <outerBoundaryIs>
                    <LinearRing>
                      <coordinates>-96.75899607628425,32.717821632855895,148.3181301442448 -96.75899607628425,32.718424015430124,148.3181301442448 -96.75846501195453,32.718424015430124,148.3181301442448 -96.75846501195453,32.717821632855895,148.3181301442448</coordinates>
                    </LinearRing>
                  </outerBoundaryIs>
                </Polygon>
                <Polygon>
                  <altitudeMode>absolute</altitudeMode>
                  <outerBoundaryIs>
                    <LinearRing>
                      <coordinates>-96.75899607628425,32.717821632855895,120.4181301442448 -96.75899607628425,32.717821632855895,148.3181301442448 -96.75899607628425,32.718424015430124,148.3181301442448 -96.75899607628425,32.718424015430124,120.4181301442448</coordinates>
                    </LinearRing>
                  </outerBoundaryIs>
                </Polygon>
                <Polygon>
                  <altitudeMode>absolute</altitudeMode>
                  <outerBoundaryIs>
                    <LinearRing>
                      <coordinates>-96.75899607628425,32.718424015430124,120.4181301442448 -96.75899607628425,32.718424015430124,148.3181301442448 -96.75846501195453,32.718424015430124,148.3181301442448 -96.75846501195453,32.718424015430124,120.4181301442448</coordinates>
                    </LinearRing>
                  </outerBoundaryIs>
                </Polygon>
                <Polygon>
                  <altitudeMode>absolute</altitudeMode>
                  <outerBoundaryIs>
                    <LinearRing>
                      <coordinates>-96.75846501195453,32.718424015430124,120.4181301442448 -96.75846501195453,32.718424015430124,148.3181301442448 -96.75846501195453,32.717821632855895,148.3181301442448 -96.75846501195453,32.717821632855895,120.4181301442448</coordinates>
                    </LinearRing>
                  </outerBoundaryIs>
                </Polygon>
                <Polygon>
                  <altitudeMode>absolute</altitudeMode>
                  <outerBoundaryIs>
                    <LinearRing>
                      <coordinates>-96.75846501195453,32.717821632855895,120.4181301442448 -96.75846501195453,32.717821632855895,148.3181301442448 -96.75899607628425,32.717821632855895,148.3181301442448 -96.75899607628425,32.717821632855895,120.4181301442448</coordinates>
                    </LinearRing>
                  </outerBoundaryIs>
                </Polygon>
              </MultiGeometry>
            </Placemark>
          </Folder>
          <Folder>
            <name>E8: uss2_core interuss.automated_testing.flight_planning.v1.UpsertFlightPlan</name>
            <Folder>
              <name>Activity Completed, flight Planned</name>
              <Placemark>
                <name>Volume 0</name>
                <styleUrl>#Planned_Nominal</styleUrl>
                <TimeSpan>
                  <begin>2026-09-01T16:12:39.474283+00:00</begin>
                  <end>2026-09-01T16:57:40.474283+00:00</end>
                </TimeSpan>
                <MultiGeometry>
                  <Polygon>
                    <altitudeMode>absolute</altitudeMode>
                    <outerBoundaryIs>
                      <LinearRing>
                        <coordinates>-96.75897457751377,32.71806391428686,120.41816635765768 -96.75846501195453,32.717821632855895,120.41816635765768 -96.75855731707719,32.71826205187991,120.41816635765768 -96.75899607628423,32.71842401543012,120.41816635765768</coordinates>
                      </LinearRing>
                    </outerBoundaryIs>
                  </Polygon>
                  <Polygon>
                    <altitudeMode>absolute</altitudeMode>
                    <outerBoundaryIs>
                      <LinearRing>
                        <coordinates>-96.75897457751377,32.71806391428686,148.3181663576577 -96.75846501195453,32.717821632855895,148.3181663576577 -96.75855731707719,32.71826205187991,148.3181663576577 -96.75899607628423,32.71842401543012,148.3181663576577</coordinates>
                      </LinearRing>
                    </outerBoundaryIs>
                  </Polygon>
                  <Polygon>
                    <altitudeMode>absolute</altitudeMode>
                    <outerBoundaryIs>
                      <LinearRing>
                        <coordinates>-96.75897457751377,32.71806391428686,120.41816635765768 -96.75897457751377,32.71806391428686,148.3181663576577 -96.75846501195453,32.717821632855895,148.3181663576577 -96.75846501195453,32.717821632855895,120.41816635765768</coordinates>
                      </LinearRing>
                    </outerBoundaryIs>
                  </Polygon>
                  <Polygon>
                    <altitudeMode>absolute</altitudeMode>
                    <outerBoundaryIs>
                      <LinearRing>
                        <coordinates>-96.75846501195453,32.717821632855895,120.41816635765768 -96.75846501195453,32.717821632855895,148.3181663576577 -96.75855731707719,32.71826205187991,148.3181663576577 -96.75855731707719,32.71826205187991,120.41816635765768</coordinates>
                      </LinearRing>
                    </outerBoundaryIs>
                  </Polygon>
                  <Polygon>
                    <altitudeMode>absolute</altitudeMode>
                    <outerBoundaryIs>
                      <LinearRing>
                        <coordinates>-96.75855731707719,32.71826205187991,120.41816635765768 -96.75855731707719,32.71826205187991,148.3181663576577 -96.75899607628423,32.71842401543012,148.3181663576577 -96.75899607628423,32.71842401543012,120.41816635765768</coordinates>
                      </LinearRing>
                    </outerBoundaryIs>
                  </Polygon>
                  <Polygon>
                    <altitudeMode>absolute</altitudeMode>
                    <outerBoundaryIs>
                      <LinearRing>
                        <coordinates>-96.75899607628423,32.71842401543012,120.41816635765768 -96.75899607628423,32.71842401543012,148.3181663576577 -96.75897457751377,32.71806391428686,148.3181663576577 -96.75897457751377,32.71806391428686,120.41816635765768</coordinates>
                      </LinearRing>
                    </outerBoundaryIs>
                  </Polygon>
                </MultiGeometry>
              </Placemark>
            </Folder>
          </Folder>
          <Folder>
            <name>E12: uss1_dss astm.f3548.v21.dss.queryOperationalIntentReferences</name>
            <Placemark>
              <name>area_of_interest</name>
              <styleUrl>#QueryArea</styleUrl>
              <description><![CDATA[<ul><li>uss2's Accepted 8b014d30-d91f-442e-b65a-60330ec5410e[1]</li></ul>]]></description>
              <TimeSpan>
                <begin>2026-09-01T16:12:39.474283+00:00</begin>
                <end>2026-09-01T16:57:40.474283+00:00</end>
              </TimeSpan>
              <MultiGeometry>
                <Polygon>
                  <altitudeMode>absolute</altitudeMode>
                  <outerBoundaryIs>
                    <LinearRing>
                      <coordinates>-96.75899607628425,32.717821632855895,120.4181301442448 -96.75899607628425,32.718424015430124,120.4181301442448 -96.75846501195453,32.718424015430124,120.4181301442448 -96.75846501195453,32.717821632855895,120.4181301442448</coordinates>
                    </LinearRing>
                  </outerBoundaryIs>
                </Polygon>
                <Polygon>
                  <altitudeMode>absolute</altitudeMode>
                  <outerBoundaryIs>
                    <LinearRing>
                      <coordinates>-96.75899607628425,32.717821632855895,148.3181301442448 -96.75899607628425,32.718424015430124,148.3181301442448 -96.75846501195453,32.718424015430124,148.3181301442448 -96.75846501195453,32.717821632855895,148.3181301442448</coordinates>
                    </LinearRing>
                  </outerBoundaryIs>
                </Polygon>
                <Polygon>
                  <altitudeMode>absolute</altitudeMode>
                  <outerBoundaryIs>
                    <LinearRing>
                      <coordinates>-96.75899607628425,32.717821632855895,120.4181301442448 -96.75899607628425,32.717821632855895,148.3181301442448 -96.75899607628425,32.718424015430124,148.3181301442448 -96.75899607628425,32.718424015430124,120.4181301442448</coordinates>
                    </LinearRing>
                  </outerBoundaryIs>
                </Polygon>
                <Polygon>
                  <altitudeMode>absolute</altitudeMode>
                  <outerBoundaryIs>
                    <LinearRing>
                      <coordinates>-96.75899607628425,32.718424015430124,120.4181301442448 -96.75899607628425,32.718424015430124,148.3181301442448 -96.75846501195453,32.718424015430124,148.3181301442448 -96.75846501195453,32.718424015430124,120.4181301442448</coordinates>
                    </LinearRing>
                  </outerBoundaryIs>
                </Polygon>
                <Polygon>
                  <altitudeMode>absolute</altitudeMode>
                  <outerBoundaryIs>
                    <LinearRing>
                      <coordinates>-96.75846501195453,32.718424015430124,120.4181301442448 -96.75846501195453,32.718424015430124,148.3181301442448 -96.75846501195453,32.717821632855895,148.3181301442448 -96.75846501195453,32.717821632855895,120.4181301442448</coordinates>
                    </LinearRing>
                  </outerBoundaryIs>
                </Polygon>
                <Polygon>
                  <altitudeMode>absolute</altitudeMode>
                  <outerBoundaryIs>
                    <LinearRing>
                      <coordinates>-96.75846501195453,32.717821632855895,120.4181301442448 -96.75846501195453,32.717821632855895,148.3181301442448 -96.75899607628425,32.717821632855895,148.3181301442448 -96.75899607628425,32.717821632855895,120.4181301442448</coordinates>
                    </LinearRing>
                  </outerBoundaryIs>
                </Polygon>
              </MultiGeometry>
            </Placemark>
          </Folder>
          <Folder>
            <name>E16: uss2_core astm.f3548.v21.uss.getOperationalIntentDetails</name>
            <Folder>
              <name>uss2's P0 Accepted 8b014d30-d91f-442e-b65a-60330ec5410e[1] @ r2y69NVbtBKDNZazOCOCpbsH5Md6sXIhxEXbzVZrX.I_</name>
              <Placemark>
                <name>Nominal volume 0</name>
                <styleUrl>#F3548v21Accepted</styleUrl>
                <TimeSpan>
                  <begin>2026-09-01T16:12:40.498148+00:00</begin>
                  <end>2026-09-01T16:57:40.474283+00:00</end>
                </TimeSpan>
                <MultiGeometry>
                  <Polygon>
                    <altitudeMode>absolute</altitudeMode>
                    <outerBoundaryIs>
                      <LinearRing>
                        <coordinates>-96.75897457751377,32.71806391428686,120.41816635765768 -96.75846501195453,32.717821632855895,120.41816635765768 -96.75855731707719,32.71826205187991,120.41816635765768 -96.75899607628423,32.71842401543012,120.41816635765768</coordinates>
                      </LinearRing>
                    </outerBoundaryIs>
                  </Polygon>
                  <Polygon>
                    <altitudeMode>absolute</altitudeMode>
                    <outerBoundaryIs>
                      <LinearRing>
                        <coordinates>-96.75897457751377,32.71806391428686,148.3181663576577 -96.75846501195453,32.717821632855895,148.3181663576577 -96.75855731707719,32.71826205187991,148.3181663576577 -96.75899607628423,32.71842401543012,148.3181663576577</coordinates>
                      </LinearRing>
                    </outerBoundaryIs>
                  </Polygon>
                  <Polygon>
                    <altitudeMode>absolute</altitudeMode>
                    <outerBoundaryIs>
                      <LinearRing>
                        <coordinates>-96.75897457751377,32.71806391428686,120.41816635765768 -96.75897457751377,32.71806391428686,148.3181663576577 -96.75846501195453,32.717821632855895,148.3181663576577 -96.75846501195453,32.717821632855895,120.41816635765768</coordinates>
                      </LinearRing>
                    </outerBoundaryIs>
                  </Polygon>
                  <Polygon>
                    <altitudeMode>absolute</altitudeMode>
                    <outerBoundaryIs>
                      <LinearRing>
                        <coordinates>-96.75846501195453,32.717821632855895,120.41816635765768 -96.75846501195453,32.717821632855895,148.3181663576577 -96.75855731707719,32.71826205187991,148.3181663576577 -96.75855731707719,32.71826205187991,120.41816635765768</coordinates>
                      </LinearRing>
                    </outerBoundaryIs>
                  </Polygon>
                  <Polygon>
                    <altitudeMode>absolute</altitudeMode>
                    <outerBoundaryIs>
                      <LinearRing>
                        <coordinates>-96.75855731707719,32.71826205187991,120.41816635765768 -96.75855731707719,32.71826205187991,148.3181663576577 -96.75899607628423,32.71842401543012,148.3181663576577 -96.75899607628423,32.71842401543012,120.41816635765768</coordinates>
                      </LinearRing>
                    </outerBoundaryIs>
                  </Polygon>
                  <Polygon>
                    <altitudeMode>absolute</altitudeMode>
                    <outerBoundaryIs>
                      <LinearRing>
                        <coordinates>-96.75899607628423,32.71842401543012,120.41816635765768 -96.75899607628423,32.71842401543012,148.3181663576577 -96.75897457751377,32.71806391428686,148.3181663576577 -96.75897457751377,32.71806391428686,120.41816635765768</coordinates>
                      </LinearRing>
                    </outerBoundaryIs>
                  </Polygon>
                </MultiGeometry>
              </Placemark>
            </Folder>
          </Folder>
        </Folder>
        <Folder>
          <name>Activate Flight 2</name>
          <Folder>
            <name>E25: uss1_dss astm.f3548.v21.dss.queryOperationalIntentReferences</name>
            <Placemark>
              <name>area_of_interest</name>
              <styleUrl>#QueryArea</styleUrl>
              <description><![CDATA[<ul><li>uss2's Accepted 8b014d30-d91f-442e-b65a-60330ec5410e[1]</li></ul>]]></description>
              <TimeSpan>
                <begin>2026-09-01T16:12:39.610661+00:00</begin>
                <end>2026-09-01T16:57:40.610661+00:00</end>
              </TimeSpan>
              <MultiGeometry>
                <Polygon>
                  <altitudeMode>absolute</altitudeMode>
                  <outerBoundaryIs>
                    <LinearRing>
                      <coordinates>-96.75899607628425,32.717821632855895,120.4281301442448 -96.75899607628425,32.718424015430124,120.4281301442448 -96.75846501195453,32.718424015430124,120.4281301442448 -96.75846501195453,32.717821632855895,120.4281301442448</coordinates>
                    </LinearRing>
                  </outerBoundaryIs>
                </Polygon>
                <Polygon>
                  <altitudeMode>absolute</altitudeMode>
                  <outerBoundaryIs>
                    <LinearRing>
                      <coordinates>-96.75899607628425,32.717821632855895,148.3181301442448 -96.75899607628425,32.718424015430124,148.3181301442448 -96.75846501195453,32.718424015430124,148.3181301442448 -96.75846501195453,32.717821632855895,148.3181301442448</coordinates>
                    </LinearRing>
                  </outerBoundaryIs>
                </Polygon>
                <Polygon>
                  <altitudeMode>absolute</altitudeMode>
                  <outerBoundaryIs>
                    <LinearRing>
                      <coordinates>-96.75899607628425,32.717821632855895,120.4281301442448 -96.75899607628425,32.717821632855895,148.3181301442448 -96.75899607628425,32.718424015430124,148.3181301442448 -96.75899607628425,32.718424015430124,120.4281301442448</coordinates>
                    </LinearRing>
                  </outerBoundaryIs>
                </Polygon>
                <Polygon>
                  <altitudeMode>absolute</altitudeMode>
                  <outerBoundaryIs>
                    <LinearRing>
                      <coordinates>-96.75899607628425,32.718424015430124,120.4281301442448 -96.75899607628425,32.718424015430124,148.3181301442448 -96.75846501195453,32.718424015430124,148.3181301442448 -96.75846501195453,32.718424015430124,120.4281301442448</coordinates>
                    </LinearRing>
                  </outerBoundaryIs>
                </Polygon>
                <Polygon>
                  <altitudeMode>absolute</altitudeMode>
                  <outerBoundaryIs>
                    <LinearRing>
                      <coordinates>-96.75846501195453,32.718424015430124,120.4281301442448 -96.75846501195453,32.718424015430124,148.3181301442448 -96.75846501195453,32.717821632855895,148.3181301442448 -96.75846501195453,32.717821632855895,120.4281301442448</coordinates>
                    </LinearRing>
                  </outerBoundaryIs>
                </Polygon>
                <Polygon>
                  <altitudeMode>absolute</altitudeMode>
                  <outerBoundaryIs>
                    <LinearRing>
                      <coordinates>-96.75846501195453,32.717821632855895,120.4281301442448 -96.75846501195453,32.717821632855895,148.3181301442448 -96.75899607628425,32.717821632855895,148.3181301442448 -96.75899607628425,32.717821632855895,120.4281301442448</coordinates>
                    </LinearRing>
                  </outerBoundaryIs>
                </Polygon>
              </MultiGeometry>
            </Placemark>
          </Folder>
          <Folder>
            <name>E27: uss2_core interuss.automated_testing.flight_planning.v1.UpsertFlightPlan</name>
            <Folder>
              <name>Activity Completed, flight OkToFly</name>
              <Placemark>
                <name>Volume 0</name>
                <styleUrl>#InUse_Nominal</styleUrl>
                <TimeSpan>
                  <begin>2026-09-01T16:12:39.610661+00:00</begin>
                  <end>2026-09-01T16:57:40.610661+00:00</end>
                </TimeSpan>
                <MultiGeometry>
                  <Polygon>
                    <altitudeMode>absolute</altitudeMode>
                    <outerBoundaryIs>
                      <LinearRing>
                        <coordinates>-96.75897457751377,32.71806391428686,120.42816635765769 -96.75846501195453,32.717821632855895,120.42816635765769 -96.75855731707719,32.71826205187991,120.42816635765769 -96.75899607628423,32.71842401543012,120.42816635765769</coordinates>
                      </LinearRing>
                    </outerBoundaryIs>
                  </Polygon>
                  <Polygon>
                    <altitudeMode>absolute</altitudeMode>
                    <outerBoundaryIs>
                      <LinearRing>
                        <coordinates>-96.75897457751377,32.71806391428686,148.3181663576577 -96.75846501195453,32.717821632855895,148.3181663576577 -96.75855731707719,32.71826205187991,148.3181663576577 -96.75899607628423,32.71842401543012,148.3181663576577</coordinates>
                      </LinearRing>
                    </outerBoundaryIs>
                  </Polygon>
                  <Polygon>
                    <altitudeMode>absolute</altitudeMode>
                    <outerBoundaryIs>
                      <LinearRing>
                        <coordinates>-96.75897457751377,32.71806391428686,120.42816635765769 -96.75897457751377,32.71806391428686,148.3181663576577 -96.75846501195453,32.717821632855895,148.3181663576577 -96.75846501195453,32.717821632855895,120.42816635765769</coordinates>
                      </LinearRing>
                    </outerBoundaryIs>
                  </Polygon>
                  <Polygon>
                    <altitudeMode>absolute</altitudeMode>
                    <outerBoundaryIs>
                      <LinearRing>
                        <coordinates>-96.75846501195453,32.717821632855895,120.42816635765769 -96.75846501195453,32.717821632855895,148.3181663576577 -96.75855731707719,32.71826205187991,148.3181663576577 -96.75855731707719,32.71826205187991,120.42816635765769</coordinates>
                      </LinearRing>
                    </outerBoundaryIs>
                  </Polygon>
                  <Polygon>
                    <altitudeMode>absolute</altitudeMode>
                    <outerBoundaryIs>
                      <LinearRing>
                        <coordinates>-96.75855731707719,32.71826205187991,120.42816635765769 -96.75855731707719,32.71826205187991,148.3181663576577 -96.75899607628423,32.71842401543012,148.3181663576577 -96.75899607628423,32.71842401543012,120.42816635765769</coordinates>
                      </LinearRing>
                    </outerBoundaryIs>
                  </Polygon>
                  <Polygon>
                    <altitudeMode>absolute</altitudeMode>
                    <outerBoundaryIs>
                      <LinearRing>
                        <coordinates>-96.75899607628423,32.71842401543012,120.42816635765769 -96.75899607628423,32.71842401543012,148.3181663576577 -96.75897457751377,32.71806391428686,148.3181663576577 -96.75897457751377,32.71806391428686,120.42816635765769</coordinates>
                      </LinearRing>
                    </outerBoundaryIs>
                  </Polygon>
                </MultiGeometry>
              </Placemark>
            </Folder>
          </Folder>
          <Folder>
            <name>E31: uss1_dss astm.f3548.v21.dss.queryOperationalIntentReferences</name>
            <Placemark>
              <name>area_of_interest</name>
              <styleUrl>#QueryArea</styleUrl>
              <description><![CDATA[<ul><li>uss2's Activated 8b014d30-d91f-442e-b65a-60330ec5410e[2]</li></ul>]]></description>
              <TimeSpan>
                <begin>2026-09-01T16:12:39.610661+00:00</begin>
                <end>2026-09-01T16:57:40.610661+00:00</end>
              </TimeSpan>
              <MultiGeometry>
                <Polygon>
                  <altitudeMode>absolute</altitudeMode>
                  <outerBoundaryIs>
                    <LinearRing>
                      <coordinates>-96.75899607628425,32.717821632855895,120.4281301442448 -96.75899607628425,32.718424015430124,120.4281301442448 -96.75846501195453,32.718424015430124,120.4281301442448 -96.75846501195453,32.717821632855895,120.4281301442448</coordinates>
                    </LinearRing>
                  </outerBoundaryIs>
                </Polygon>
                <Polygon>
                  <altitudeMode>absolute</altitudeMode>
                  <outerBoundaryIs>
                    <LinearRing>
                      <coordinates>-96.75899607628425,32.717821632855895,148.3181301442448 -96.75899607628425,32.718424015430124,148.3181301442448 -96.75846501195453,32.718424015430124,148.3181301442448 -96.75846501195453,32.717821632855895,148.3181301442448</coordinates>
                    </LinearRing>
                  </outerBoundaryIs>
                </Polygon>
                <Polygon>
                  <altitudeMode>absolute</altitudeMode>
                  <outerBoundaryIs>
                    <LinearRing>
                      <coordinates>-96.75899607628425,32.717821632855895,120.4281301442448 -96.75899607628425,32.717821632855895,148.3181301442448 -96.75899607628425,32.718424015430124,148.3181301442448 -96.75899607628425,32.718424015430124,120.4281301442448</coordinates>
                    </LinearRing>
                  </outerBoundaryIs>
                </Polygon>
                <Polygon>
                  <altitudeMode>absolute</altitudeMode>
                  <outerBoundaryIs>
                    <LinearRing>
                      <coordinates>-96.75899607628425,32.718424015430124,120.4281301442448 -96.75899607628425,32.718424015430124,148.3181301442448 -96.75846501195453,32.718424015430124,148.3181301442448 -96.75846501195453,32.718424015430124,120.4281301442448</coordinates>
                    </LinearRing>
                  </outerBoundaryIs>
                </Polygon>
                <Polygon>
                  <altitudeMode>absolute</altitudeMode>
                  <outerBoundaryIs>
                    <LinearRing>
                      <coordinates>-96.75846501195453,32.718424015430124,120.4281301442448 -96.75846501195453,32.718424015430124,148.3181301442448 -96.75846501195453,32.717821632855895,148.3181301442448 -96.75846501195453,32.717821632855895,120.4281301442448</coordinates>
                    </LinearRing>
                  </outerBoundaryIs>
                </Polygon>
                <Polygon>
                  <altitudeMode>absolute</altitudeMode>
                  <outerBoundaryIs>
                    <LinearRing>
                      <coordinates>-96.75846501195453,32.717821632855895,120.4281301442448 -96.75846501195453,32.717821632855895,148.3181301442448 -96.75899607628425,32.717821632855895,148.3181301442448 -96.75899607628425,32.717821632855895,120.4281301442448</coordinates>
                    </LinearRing>
                  </outerBoundaryIs>
                </Polygon>
              </MultiGeometry>
            </Placemark>
          </Folder>
          <Folder>
            <name>E36: uss2_core astm.f3548.v21.uss.getOperationalIntentDetails</name>
            <Folder>
              <name>uss2's P0 Activated 8b014d30-d91f-442e-b65a-60330ec5410e[2] @ aeZxx7YaGM9TCrCKOztxKpgc5kt4nAJuIPQWHgxSWxE_</name>
              <Placemark>
                <name>Nominal volume 0</name>
                <styleUrl>#F3548v21Activated</styleUrl>
                <TimeSpan>
                  <begin>2026-09-01T16:12:40.638455+00:00</begin>
                  <end>2026-09-01T16:57:40.610661+00:00</end>
                </TimeSpan>
                <MultiGeometry>
                  <Polygon>
                    <altitudeMode>absolute</altitudeMode>
                    <outerBoundaryIs>
                      <LinearRing>
                        <coordinates>-96.75897457751377,32.71806391428686,120.42816635765769 -96.75846501195453,32.717821632855895,120.42816635765769 -96.75855731707719,32.71826205187991,120.42816635765769 -96.75899607628423,32.71842401543012,120.42816635765769</coordinates>
                      </LinearRing>
                    </outerBoundaryIs>
                  </Polygon>
                  <Polygon>
                    <altitudeMode>absolute</altitudeMode>
                    <outerBoundaryIs>
                      <LinearRing>
                        <coordinates>-96.75897457751377,32.71806391428686,148.3181663576577 -96.75846501195453,32.717821632855895,148.3181663576577 -96.75855731707719,32.71826205187991,148.3181663576577 -96.75899607628423,32.71842401543012,148.3181663576577</coordinates>
                      </LinearRing>
                    </outerBoundaryIs>
                  </Polygon>
                  <Polygon>
                    <altitudeMode>absolute</altitudeMode>
                    <outerBoundaryIs>
                      <LinearRing>
                        <coordinates>-96.75897457751377,32.71806391428686,120.42816635765769 -96.75897457751377,32.71806391428686,148.3181663576577 -96.75846501195453,32.717821632855895,148.3181663576577 -96.75846501195453,32.717821632855895,120.42816635765769</coordinates>
                      </LinearRing>
                    </outerBoundaryIs>
                  </Polygon>
                  <Polygon>
                    <altitudeMode>absolute</altitudeMode>
                    <outerBoundaryIs>
                      <LinearRing>
                        <coordinates>-96.75846501195453,32.717821632855895,120.42816635765769 -96.75846501195453,32.717821632855895,148.3181663576577 -96.75855731707719,32.71826205187991,148.3181663576577 -96.75855731707719,32.71826205187991,120.42816635765769</coordinates>
                      </LinearRing>
                    </outerBoundaryIs>
                  </Polygon>
                  <Polygon>
                    <altitudeMode>absolute</altitudeMode>
                    <outerBoundaryIs>
                      <LinearRing>
                        <coordinates>-96.75855731707719,32.71826205187991,120.42816635765769 -96.75855731707719,32.71826205187991,148.3181663576577 -96.75899607628423,32.71842401543012,148.3181663576577 -96.75899607628423,32.71842401543012,120.42816635765769</coordinates>
                      </LinearRing>
                    </outerBoundaryIs>
                  </Polygon>
                  <Polygon>
                    <altitudeMode>absolute</altitudeMode>
                    <outerBoundaryIs>
                      <LinearRing>
                        <coordinates>-96.75899607628423,32.71842401543012,120.42816635765769 -96.75899607628423,32.71842401543012,148.3181663576577 -96.75897457751377,32.71806391428686,148.3181663576577 -96.75897457751377,32.71806391428686,120.42816635765769</coordinates>
                      </LinearRing>
                    </outerBoundaryIs>
                  </Polygon>
                </MultiGeometry>
              </Placemark>
            </Folder>
          </Folder>
        </Folder>
        <Folder>
          <name>Attempt to plan Flight 1</name>
          <Folder>
            <name>E45: uss1_dss astm.f3548.v21.dss.queryOperationalIntentReferences</name>
            <Placemark>
              <name>area_of_interest</name>
              <styleUrl>#QueryArea</styleUrl>
              <description><![CDATA[<ul><li>uss2's Activated 8b014d30-d91f-442e-b65a-60330ec5410e[2]</li></ul>]]></description>
              <TimeSpan>
                <begin>2026-09-01T16:12:39.769049+00:00</begin>
                <end>2026-09-01T16:57:40.769049+00:00</end>
              </TimeSpan>
              <MultiGeometry>
                <Polygon>
                  <altitudeMode>absolute</altitudeMode>
                  <outerBoundaryIs>
                    <LinearRing>
                      <coordinates>-96.75885603693884,32.71777243082621,120.32721197182734 -96.75885603693884,32.71840061442382,120.32721197182734 -96.75793995876997,32.71840061442382,120.32721197182734 -96.75793995876997,32.71777243082621,120.32721197182734</coordinates>
                    </LinearRing>
                  </outerBoundaryIs>
                </Polygon>
                <Polygon>
                  <altitudeMode>absolute</altitudeMode>
                  <outerBoundaryIs>
                    <LinearRing>
                      <coordinates>-96.75885603693884,32.71777243082621,150.31721197182733 -96.75885603693884,32.71840061442382,150.31721197182733 -96.75793995876997,32.71840061442382,150.31721197182733 -96.75793995876997,32.71777243082621,150.31721197182733</coordinates>
                    </LinearRing>
                  </outerBoundaryIs>
                </Polygon>
                <Polygon>
                  <altitudeMode>absolute</altitudeMode>
                  <outerBoundaryIs>
                    <LinearRing>
                      <coordinates>-96.75885603693884,32.71777243082621,120.32721197182734 -96.75885603693884,32.71777243082621,150.31721197182733 -96.75885603693884,32.71840061442382,150.31721197182733 -96.75885603693884,32.71840061442382,120.32721197182734</coordinates>
                    </LinearRing>
                  </outerBoundaryIs>
                </Polygon>
                <Polygon>
                  <altitudeMode>absolute</altitudeMode>
                  <outerBoundaryIs>
                    <LinearRing>
                      <coordinates>-96.75885603693884,32.71840061442382,120.32721197182734 -96.75885603693884,32.71840061442382,150.31721197182733 -96.75793995876997,32.71840061442382,150.31721197182733 -96.75793995876997,32.71840061442382,120.32721197182734</coordinates>
                    </LinearRing>
                  </outerBoundaryIs>
                </Polygon>
                <Polygon>
                  <altitudeMode>absolute</altitudeMode>
                  <outerBoundaryIs>
                    <LinearRing>
                      <coordinates>-96.75793995876997,32.71840061442382,120.32721197182734 -96.75793995876997,32.71840061442382,150.31721197182733 -96.75793995876997,32.71777243082621,150.31721197182733 -96.75793995876997,32.71777243082621,120.32721197182734</coordinates>
                    </LinearRing>
                  </outerBoundaryIs>
                </Polygon>
                <Polygon>
                  <altitudeMode>absolute</altitudeMode>
                  <outerBoundaryIs>
                    <LinearRing>
                      <coordinates>-96.75793995876997,32.71777243082621,120.32721197182734 -96.75793995876997,32.71777243082621,150.31721197182733 -96.75885603693884,32.71777243082621,150.31721197182733 -96.75885603693884,32.71777243082621,120.32721197182734</coordinates>
                    </LinearRing>
                  </outerBoundaryIs>
                </Polygon>
              </MultiGeometry>
            </Placemark>
          </Folder>
          <Folder>
            <name>E47: uss1_core interuss.automated_testing.flight_planning.v1.UpsertFlightPlan</name>
            <Folder>
              <name>Activity Rejected, flight NotPlanned</name>
              <Placemark>
                <name>Volume 0</name>
                <styleUrl>#Planned_Nominal</styleUrl>
                <TimeSpan>
                  <begin>2026-09-01T16:12:39.769049+00:00</begin>
                  <end>2026-09-01T16:57:40.769049+00:00</end>
                </TimeSpan>
                <MultiGeometry>
                  <Polygon>
                    <altitudeMode>absolute</altitudeMode>
                    <outerBoundaryIs>
                      <LinearRing>
                        <coordinates>-96.7586436117025,32.71777243082621,120.32727274253008 -96.75885603693884,32.71801338382339,120.32727274253008 -96.75823551948804,32.71840061442382,120.32727274253008 -96.75793995876997,32.718149288087204,120.32727274253008</coordinates>
                      </LinearRing>
                    </outerBoundaryIs>
                  </Polygon>
                  <Polygon>
                    <altitudeMode>absolute</altitudeMode>
                    <outerBoundaryIs>
                      <LinearRing>
                        <coordinates>-96.7586436117025,32.71777243082621,150.31727274253006 -96.75885603693884,32.71801338382339,150.31727274253006 -96.75823551948804,32.71840061442382,150.31727274253006 -96.75793995876997,32.718149288087204,150.31727274253006</coordinates>
                      </LinearRing>
                    </outerBoundaryIs>
                  </Polygon>
                  <Polygon>
                    <altitudeMode>absolute</altitudeMode>
                    <outerBoundaryIs>
                      <LinearRing>
                        <coordinates>-96.7586436117025,32.71777243082621,120.32727274253008 -96.7586436117025,32.71777243082621,150.31727274253006 -96.75885603693884,32.71801338382339,150.31727274253006 -96.75885603693884,32.71801338382339,120.32727274253008</coordinates>
                      </LinearRing>
                    </outerBoundaryIs>
                  </Polygon>
                  <Polygon>
                    <altitudeMode>absolute</altitudeMode>
                    <outerBoundaryIs>
                      <LinearRing>
                        <coordinates>-96.75885603693884,32.71801338382339,120.32727274253008 -96.75885603693884,32.71801338382339,150.31727274253006 -96.75823551948804,32.71840061442382,150.31727274253006 -96.75823551948804,32.71840061442382,120.32727274253008</coordinates>
                      </LinearRing>
                    </outerBoundaryIs>
                  </Polygon>
                  <Polygon>
                    <altitudeMode>absolute</altitudeMode>
                    <outerBoundaryIs>
                      <LinearRing>
                        <coordinates>-96.75823551948804,32.71840061442382,120.32727274253008 -96.75823551948804,32.71840061442382,150.31727274253006 -96.75793995876997,32.718149288087204,150.31727274253006 -96.75793995876997,32.718149288087204,120.32727274253008</coordinates>
                      </LinearRing>
                    </outerBoundaryIs>
                  </Polygon>
                  <Polygon>
                    <altitudeMode>absolute</altitudeMode>
                    <outerBoundaryIs>
                      <LinearRing>
                        <coordinates>-96.75793995876997,32.718149288087204,120.32727274253008 -96.75793995876997,32.718149288087204,150.31727274253006 -96.7586436117025,32.71777243082621,150.31727274253006 -96.7586436117025,32.71777243082621,120.32727274253008</coordinates>
                      </LinearRing>
                    </outerBoundaryIs>
                  </Polygon>
                </MultiGeometry>
              </Placemark>
            </Folder>
          </Folder>
          <Folder>
            <name>E50: uss1_dss astm.f3548.v21.dss.queryOperationalIntentReferences</name>
            <Placemark>
              <name>area_of_interest</name>
              <styleUrl>#QueryArea</styleUrl>
              <description><![CDATA[<ul><li>uss2's Activated 8b014d30-d91f-442e-b65a-60330ec5410e[2]</li></ul>]]></description>
              <TimeSpan>
                <begin>2026-09-01T16:12:39.769049+00:00</begin>
                <end>2026-09-01T16:57:40.769049+00:00</end>
              </TimeSpan>
              <MultiGeometry>
                <Polygon>
                  <altitudeMode>absolute</altitudeMode>
                  <outerBoundaryIs>
                    <LinearRing>
                      <coordinates>-96.75885603693884,32.71777243082621,120.32721197182734 -96.75885603693884,32.71840061442382,120.32721197182734 -96.75793995876997,32.71840061442382,120.32721197182734 -96.75793995876997,32.71777243082621,120.32721197182734</coordinates>
                    </LinearRing>
                  </outerBoundaryIs>
                </Polygon>
                <Polygon>
                  <altitudeMode>absolute</altitudeMode>
                  <outerBoundaryIs>
                    <LinearRing>
                      <coordinates>-96.75885603693884,32.71777243082621,150.31721197182733 -96.75885603693884,32.71840061442382,150.31721197182733 -96.75793995876997,32.71840061442382,150.31721197182733 -96.75793995876997,32.71777243082621,150.31721197182733</coordinates>
                    </LinearRing>
                  </outerBoundaryIs>
                </Polygon>
                <Polygon>
                  <altitudeMode>absolute</altitudeMode>
                  <outerBoundaryIs>
                    <LinearRing>
                      <coordinates>-96.75885603693884,32.71777243082621,120.32721197182734 -96.75885603693884,32.71777243082621,150.31721197182733 -96.75885603693884,32.71840061442382,150.31721197182733 -96.75885603693884,32.71840061442382,120.32721197182734</coordinates>
                    </LinearRing>
                  </outerBoundaryIs>
                </Polygon>
                <Polygon>
                  <altitudeMode>absolute</altitudeMode>
                  <outerBoundaryIs>
                    <LinearRing>
                      <coordinates>-96.75885603693884,32.71840061442382,120.32721197182734 -96.75885603693884,32.71840061442382,150.31721197182733 -96.75793995876997,32.71840061442382,150.31721197182733 -96.75793995876997,32.71840061442382,120.32721197182734</coordinates>
                    </LinearRing>
                  </outerBoundaryIs>
                </Polygon>
                <Polygon>
                  <altitudeMode>absolute</altitudeMode>
                  <outerBoundaryIs>
                    <LinearRing>
                      <coordinates>-96.75793995876997,32.71840061442382,120.32721197182734 -96.75793995876997,32.71840061442382,150.31721197182733 -96.75793995876997,32.71777243082621,150.31721197182733 -96.75793995876997,32.71777243082621,120.32721197182734</coordinates>
                    </LinearRing>
                  </outerBoundaryIs>
                </Polygon>
                <Polygon>
                  <altitudeMode>absolute</altitudeMode>
                  <outerBoundaryIs>
                    <LinearRing>
                      <coordinates>-96.75793995876997,32.71777243082621,120.32721197182734 -96.75793995876997,32.71777243082621,150.31721197182733 -96.75885603693884,32.71777243082621,150.31721197182733 -96.75885603693884,32.71777243082621,120.32721197182734</coordinates>
                    </LinearRing>
                  </outerBoundaryIs>
                </Polygon>
              </MultiGeometry>
            </Placemark>
          </Folder>
        </Folder>
      </Folder>
      <Folder>
        <name>Attempt to activate flight into conflict</name>
        <Folder>
          <name>Attempt to directly activate conflicting Flight 1</name>
          <Folder>
            <name>E53: uss1_dss astm.f3548.v21.dss.queryOperationalIntentReferences</name>
            <Placemark>
              <name>area_of_interest</name>
              <styleUrl>#QueryArea</styleUrl>
              <description><![CDATA[<ul><li>uss2's Activated 8b014d30-d91f-442e-b65a-60330ec5410e[2]</li></ul>]]></description>
              <TimeSpan>
                <begin>2026-09-01T16:12:39.851817+00:00</begin>
                <end>2026-09-01T16:57:40.851817+00:00</end>
              </TimeSpan>
              <MultiGeometry>
                <Polygon>
                  <altitudeMode>absolute</altitudeMode>
                  <outerBoundaryIs>
                    <LinearRing>
                      <coordinates>-96.75885603693884,32.71777243082621,120.33721197182733 -96.75885603693884,32.71840061442382,120.33721197182733 -96.75793995876997,32.71840061442382,120.33721197182733 -96.75793995876997,32.71777243082621,120.33721197182733</coordinates>
                    </LinearRing>
                  </outerBoundaryIs>
                </Polygon>
                <Polygon>
                  <altitudeMode>absolute</altitudeMode>
                  <outerBoundaryIs>
                    <LinearRing>
                      <coordinates>-96.75885603693884,32.71777243082621,150.31721197182733 -96.75885603693884,32.71840061442382,150.31721197182733 -96.75793995876997,32.71840061442382,150.31721197182733 -96.75793995876997,32.71777243082621,150.31721197182733</coordinates>
                    </LinearRing>
                  </outerBoundaryIs>
                </Polygon>
                <Polygon>
                  <altitudeMode>absolute</altitudeMode>
                  <outerBoundaryIs>
                    <LinearRing>
                      <coordinates>-96.75885603693884,32.71777243082621,120.33721197182733 -96.75885603693884,32.71777243082621,150.31721197182733 -96.75885603693884,32.71840061442382,150.31721197182733 -96.75885603693884,32.71840061442382,120.33721197182733</coordinates>
                    </LinearRing>
                  </outerBoundaryIs>
                </Polygon>
                <Polygon>
                  <altitudeMode>absolute</altitudeMode>
                  <outerBoundaryIs>
                    <LinearRing>
                      <coordinates>-96.75885603693884,32.71840061442382,120.33721197182733 -96.75885603693884,32.71840061442382,150.31721197182733 -96.75793995876997,32.71840061442382,150.31721197182733 -96.75793995876997,32.71840061442382,120.33721197182733</coordinates>
                    </LinearRing>
                  </outerBoundaryIs>
                </Polygon>
                <Polygon>
                  <altitudeMode>absolute</altitudeMode>
                  <outerBoundaryIs>
                    <LinearRing>
                      <coordinates>-96.75793995876997,32.71840061442382,120.33721197182733 -96.75793995876997,32.71840061442382,150.31721197182733 -96.75793995876997,32.71777243082621,150.31721197182733 -96.75793995876997,32.71777243082621,120.33721197182733</coordinates>
                    </LinearRing>
                  </outerBoundaryIs>
                </Polygon>
                <Polygon>
                  <altitudeMode>absolute</altitudeMode>
                  <outerBoundaryIs>
                    <LinearRing>
                      <coordinates>-96.75793995876997,32.71777243082621,120.33721197182733 -96.75793995876997,32.71777243082621,150.31721197182733 -96.75885603693884,32.71777243082621,150.31721197182733 -96.75885603693884,32.71777243082621,120.33721197182733</coordinates>
                    </LinearRing>
                  </outerBoundaryIs>
                </Polygon>
              </MultiGeometry>
            </Placemark>
          </Folder>
          <Folder>
            <name>E55: uss1_core interuss.automated_testing.flight_planning.v1.UpsertFlightPlan</name>
            <Folder>
              <name>Activity Rejected, flight NotPlanned</name>
              <Placemark>
                <name>Volume 0</name>
                <styleUrl>#InUse_Nominal</styleUrl>
                <TimeSpan>
                  <begin>2026-09-01T16:12:39.851817+00:00</begin>
                  <end>2026-09-01T16:57:40.851817+00:00</end>
                </TimeSpan>
                <MultiGeometry>
                  <Polygon>
                    <altitudeMode>absolute</altitudeMode>
                    <outerBoundaryIs>
                      <LinearRing>
                        <coordinates>-96.7586436117025,32.71777243082621,120.33727274253008 -96.75885603693884,32.71801338382339,120.33727274253008 -96.75823551948804,32.71840061442382,120.33727274253008 -96.75793995876997,32.718149288087204,120.33727274253008</coordinates>
                      </LinearRing>
                    </outerBoundaryIs>
                  </Polygon>
                  <Polygon>
                    <altitudeMode>absolute</altitudeMode>
                    <outerBoundaryIs>
                      <LinearRing>
                        <coordinates>-96.7586436117025,32.71777243082621,150.31727274253006 -96.75885603693884,32.71801338382339,150.31727274253006 -96.75823551948804,32.71840061442382,150.31727274253006 -96.75793995876997,32.718149288087204,150.31727274253006</coordinates>
                      </LinearRing>
                    </outerBoundaryIs>
                  </Polygon>
                  <Polygon>
                    <altitudeMode>absolute</altitudeMode>
                    <outerBoundaryIs>
                      <LinearRing>
                        <coordinates>-96.7586436117025,32.71777243082621,120.33727274253008 -96.7586436117025,32.71777243082621,150.31727274253006 -96.75885603693884,32.71801338382339,150.31727274253006 -96.75885603693884,32.71801338382339,120.33727274253008</coordinates>
                      </LinearRing>
                    </outerBoundaryIs>
                  </Polygon>
                  <Polygon>
                    <altitudeMode>absolute</altitudeMode>
                    <outerBoundaryIs>
                      <LinearRing>
                        <coordinates>-96.75885603693884,32.71801338382339,120.33727274253008 -96.75885603693884,32.71801338382339,150.31727274253006 -96.75823551948804,32.71840061442382,150.31727274253006 -96.75823551948804,32.71840061442382,120.33727274253008</coordinates>
                      </LinearRing>
                    </outerBoundaryIs>
                  </Polygon>
                  <Polygon>
                    <altitudeMode>absolute</altitudeMode>
                    <outerBoundaryIs>
                      <LinearRing>
                        <coordinates>-96.75823551948804,32.71840061442382,120.33727274253008 -96.75823551948804,32.71840061442382,150.31727274253006 -96.75793995876997,32.718149288087204,150.31727274253006 -96.75793995876997,32.718149288087204,120.33727274253008</coordinates>
                      </LinearRing>
                    </outerBoundaryIs>
                  </Polygon>
                  <Polygon>
                    <altitudeMode>absolute</altitudeMode>
                    <outerBoundaryIs>
                      <LinearRing>
                        <coordinates>-96.75793995876997,32.718149288087204,120.33727274253008 -96.75793995876997,32.718149288087204,150.31727274253006 -96.7586436117025,32.71777243082621,150.31727274253006 -96.7586436117025,32.71777243082621,120.33727274253008</coordinates>
                      </LinearRing>
                    </outerBoundaryIs>
                  </Polygon>
                </MultiGeometry>
              </Placemark>
            </Folder>
          </Folder>
          <Folder>
            <name>E58: uss1_dss astm.f3548.v21.dss.queryOperationalIntentReferences</name>
            <Placemark>
              <name>area_of_interest</name>
              <styleUrl>#QueryArea</styleUrl>
              <description><![CDATA[<ul><li>uss2's Activated 8b014d30-d91f-442e-b65a-60330ec5410e[2]</li></ul>]]></description>
              <TimeSpan>
                <begin>2026-09-01T16:12:39.851817+00:00</begin>
                <end>2026-09-01T16:57:40.851817+00:00</end>
              </TimeSpan>
              <MultiGeometry>
                <Polygon>
                  <altitudeMode>absolute</altitudeMode>
                  <outerBoundaryIs>
                    <LinearRing>
                      <coordinates>-96.75885603693884,32.71777243082621,120.33721197182733 -96.75885603693884,32.71840061442382,120.33721197182733 -96.75793995876997,32.71840061442382,120.33721197182733 -96.75793995876997,32.71777243082621,120.33721197182733</coordinates>
                    </LinearRing>
                  </outerBoundaryIs>
                </Polygon>
                <Polygon>
                  <altitudeMode>absolute</altitudeMode>
                  <outerBoundaryIs>
                    <LinearRing>
                      <coordinates>-96.75885603693884,32.71777243082621,150.31721197182733 -96.75885603693884,32.71840061442382,150.31721197182733 -96.75793995876997,32.71840061442382,150.31721197182733 -96.75793995876997,32.71777243082621,150.31721197182733</coordinates>
                    </LinearRing>
                  </outerBoundaryIs>
                </Polygon>
                <Polygon>
                  <altitudeMode>absolute</altitudeMode>
                  <outerBoundaryIs>
                    <LinearRing>
                      <coordinates>-96.75885603693884,32.71777243082621,120.33721197182733 -96.75885603693884,32.71777243082621,150.31721197182733 -96.75885603693884,32.71840061442382,150.31721197182733 -96.75885603693884,32.71840061442382,120.33721197182733</coordinates>
                    </LinearRing>
                  </outerBoundaryIs>
                </Polygon>
                <Polygon>
                  <altitudeMode>absolute</altitudeMode>
                  <outerBoundaryIs>
                    <LinearRing>
                      <coordinates>-96.75885603693884,32.71840061442382,120.33721197182733 -96.75885603693884,32.71840061442382,150.31721197182733 -96.75793995876997,32.71840061442382,150.31721197182733 -96.75793995876997,32.71840061442382,120.33721197182733</coordinates>
                    </LinearRing>
                  </outerBoundaryIs>
                </Polygon>
                <Polygon>
                  <altitudeMode>absolute</altitudeMode>
                  <outerBoundaryIs>
                    <LinearRing>
                      <coordinates>-96.75793995876997,32.71840061442382,120.33721197182733 -96.75793995876997,32.71840061442382,150.31721197182733 -96.75793995876997,32.71777243082621,150.31721197182733 -96.75793995876997,32.71777243082621,120.33721197182733</coordinates>
                    </LinearRing>
                  </outerBoundaryIs>
                </Polygon>
                <Polygon>
                  <altitudeMode>absolute</altitudeMode>
                  <outerBoundaryIs>
                    <LinearRing>
                      <coordinates>-96.75793995876997,32.71777243082621,120.33721197182733 -96.75793995876997,32.71777243082621,150.31721197182733 -96.75885603693884,32.71777243082621,150.31721197182733 -96.75885603693884,32.71777243082621,120.33721197182733</coordinates>
                    </LinearRing>
                  </outerBoundaryIs>
                </Polygon>
              </MultiGeometry>
            </Placemark>
          </Folder>
        </Folder>
      </Folder>
      <Folder>
        <name>Attempt to modify planned flight into conflict</name>
        <Folder>
          <name>Plan Flight 1c</name>
          <Folder>
            <name>E61: uss1_dss astm.f3548.v21.dss.queryOperationalIntentReferences</name>
            <Placemark>
              <name>area_of_interest</name>
              <styleUrl>#QueryArea</styleUrl>
              <description><![CDATA[<ul><li>uss2's Activated 8b014d30-d91f-442e-b65a-60330ec5410e[2]</li></ul>]]></description>
              <TimeSpan>
                <begin>2026-09-01T16:12:39.917922+00:00</begin>
                <end>2026-09-01T16:57:40.917922+00:00</end>
              </TimeSpan>
              <MultiGeometry>
                <Polygon>
                  <altitudeMode>absolute</altitudeMode>
                  <outerBoundaryIs>
                    <LinearRing>
                      <coordinates>-96.75842644850836,32.7180405131508,115.27650916367148 -96.75842644850836,32.71840061442382,115.27650916367148 -96.75793995876997,32.71840061442382,115.27650916367148 -96.75793995876997,32.7180405131508,115.27650916367148</coordinates>
                    </LinearRing>
                  </outerBoundaryIs>
                </Polygon>
                <Polygon>
                  <altitudeMode>absolute</altitudeMode>
                  <outerBoundaryIs>
                    <LinearRing>
                      <coordinates>-96.75842644850836,32.7180405131508,155.3165091636715 -96.75842644850836,32.71840061442382,155.3165091636715 -96.75793995876997,32.71840061442382,155.3165091636715 -96.75793995876997,32.7180405131508,155.3165091636715</coordinates>
                    </LinearRing>
                  </outerBoundaryIs>
                </Polygon>
                <Polygon>
                  <altitudeMode>absolute</altitudeMode>
                  <outerBoundaryIs>
                    <LinearRing>
                      <coordinates>-96.75842644850836,32.7180405131508,115.27650916367148 -96.75842644850836,32.7180405131508,155.3165091636715 -96.75842644850836,32.71840061442382,155.3165091636715 -96.75842644850836,32.71840061442382,115.27650916367148</coordinates>
                    </LinearRing>
                  </outerBoundaryIs>
                </Polygon>
                <Polygon>
                  <altitudeMode>absolute</altitudeMode>
                  <outerBoundaryIs>
                    <LinearRing>
                      <coordinates>-96.75842644850836,32.71840061442382,115.27650916367148 -96.75842644850836,32.71840061442382,155.3165091636715 -96.75793995876997,32.71840061442382,155.3165091636715 -96.75793995876997,32.71840061442382,115.27650916367148</coordinates>
                    </LinearRing>
                  </outerBoundaryIs>
                </Polygon>
                <Polygon>
                  <altitudeMode>absolute</altitudeMode>
                  <outerBoundaryIs>
                    <LinearRing>
                      <coordinates>-96.75793995876997,32.71840061442382,115.27650916367148 -96.75793995876997,32.71840061442382,155.3165091636715 -96.75793995876997,32.7180405131508,155.3165091636715 -96.75793995876997,32.7180405131508,115.27650916367148</coordinates>
                    </LinearRing>
                  </outerBoundaryIs>
                </Polygon>
                <Polygon>
                  <altitudeMode>absolute</altitudeMode>
                  <outerBoundaryIs>
                    <LinearRing>
                      <coordinates>-96.75793995876997,32.7180405131508,115.27650916367148 -96.75793995876997,32.7180405131508,155.3165091636715 -96.75842644850836,32.7180405131508,155.3165091636715 -96.75842644850836,32.7180405131508,115.27650916367148</coordinates>
                    </LinearRing>
                  </outerBoundaryIs>
                </Polygon>
              </MultiGeometry>
            </Placemark>
          </Folder>
          <Folder>
            <name>E63: uss1_core interuss.automated_testing.flight_planning.v1.UpsertFlightPlan</name>
            <Folder>
              <name>Activity Completed, flight Planned</name>
              <Placemark>
                <name>Volume 0</name>
                <styleUrl>#Planned_Nominal</styleUrl>
                <TimeSpan>
                  <begin>2026-09-01T16:12:39.917922+00:00</begin>
                  <end>2026-09-01T16:57:40.917922+00:00</end>
                </TimeSpan>
                <MultiGeometry>
                  <Polygon>
                    <altitudeMode>absolute</altitudeMode>
                    <outerBoundaryIs>
                      <LinearRing>
                        <coordinates>-96.75821402379411,32.7180405131508,115.27656992331467 -96.75842644850836,32.718281466872256,115.27656992331467 -96.75823551948804,32.71840061442382,115.27656992331467 -96.75793995876997,32.718149288087204,115.27656992331467</coordinates>
                      </LinearRing>
                    </outerBoundaryIs>
                  </Polygon>
                  <Polygon>
                    <altitudeMode>absolute</altitudeMode>
                    <outerBoundaryIs>
                      <LinearRing>
                        <coordinates>-96.75821402379411,32.7180405131508,155.31656992331466 -96.75842644850836,32.718281466872256,155.31656992331466 -96.75823551948804,32.71840061442382,155.31656992331466 -96.75793995876997,32.718149288087204,155.31656992331466</coordinates>
                      </LinearRing>
                    </outerBoundaryIs>
                  </Polygon>
                  <Polygon>
                    <altitudeMode>absolute</altitudeMode>
                    <outerBoundaryIs>
                      <LinearRing>
                        <coordinates>-96.75821402379411,32.7180405131508,115.27656992331467 -96.75821402379411,32.7180405131508,155.31656992331466 -96.75842644850836,32.718281466872256,155.31656992331466 -96.75842644850836,32.718281466872256,115.27656992331467</coordinates>
                      </LinearRing>
                    </outerBoundaryIs>
                  </Polygon>
                  <Polygon>
                    <altitudeMode>absolute</altitudeMode>
                    <outerBoundaryIs>
                      <LinearRing>
                        <coordinates>-96.75842644850836,32.718281466872256,115.27656992331467 -96.75842644850836,32.718281466872256,155.31656992331466 -96.75823551948804,32.71840061442382,155.31656992331466 -96.75823551948804,32.71840061442382,115.27656992331467</coordinates>
                      </LinearRing>
                    </outerBoundaryIs>
                  </Polygon>
                  <Polygon>
                    <altitudeMode>absolute</altitudeMode>
                    <outerBoundaryIs>
                      <LinearRing>
                        <coordinates>-96.75823551948804,32.71840061442382,115.27656992331467 -96.75823551948804,32.71840061442382,155.31656992331466 -96.75793995876997,32.718149288087204,155.31656992331466 -96.75793995876997,32.718149288087204,115.27656992331467</coordinates>
                      </LinearRing>
                    </outerBoundaryIs>
                  </Polygon>
                  <Polygon>
                    <altitudeMode>absolute</altitudeMode>
                    <outerBoundaryIs>
                      <LinearRing>
                        <coordinates>-96.75793995876997,32.718149288087204,115.27656992331467 -96.75793995876997,32.718149288087204,155.31656992331466 -96.75821402379411,32.7180405131508,155.31656992331466 -96.75821402379411,32.7180405131508,115.27656992331467</coordinates>
                      </LinearRing>
                    </outerBoundaryIs>
                  </Polygon>
                </MultiGeometry>
              </Placemark>
            </Folder>
          </Folder>
          <Folder>
            <name>E68: uss1_dss astm.f3548.v21.dss.queryOperationalIntentReferences</name>
            <Placemark>
              <name>area_of_interest</name>
              <styleUrl>#QueryArea</styleUrl>
              <description><![CDATA[<ul><li>uss1's Accepted 4f9d97d4-0f5e-4657-91cb-ffac31c737df[1]</li><li>uss2's Activated 8b014d30-d91f-442e-b65a-60330ec5410e[2]</li></ul>]]></description>
              <TimeSpan>
                <begin>2026-09-01T16:12:39.917922+00:00</begin>
                <end>2026-09-01T16:57:40.917922+00:00</end>
              </TimeSpan>
              <MultiGeometry>
                <Polygon>
                  <altitudeMode>absolute</altitudeMode>
                  <outerBoundaryIs>
                    <LinearRing>
                      <coordinates>-96.75842644850836,32.7180405131508,115.27650916367148 -96.75842644850836,32.71840061442382,115.27650916367148 -96.75793995876997,32.71840061442382,115.27650916367148 -96.75793995876997,32.7180405131508,115.27650916367148</coordinates>
                    </LinearRing>
                  </outerBoundaryIs>
                </Polygon>
                <Polygon>
                  <altitudeMode>absolute</altitudeMode>
                  <outerBoundaryIs>
                    <LinearRing>
                      <coordinates>-96.75842644850836,32.7180405131508,155.3165091636715 -96.75842644850836,32.71840061442382,155.3165091636715 -96.75793995876997,32.71840061442382,155.3165091636715 -96.75793995876997,32.7180405131508,155.3165091636715</coordinates>
                    </LinearRing>
                  </outerBoundaryIs>
                </Polygon>
                <Polygon>
                  <altitudeMode>absolute</altitudeMode>
                  <outerBoundaryIs>
                    <LinearRing>
                      <coordinates>-96.75842644850836,32.7180405131508,115.27650916367148 -96.75842644850836,32.7180405131508,155.3165091636715 -96.75842644850836,32.71840061442382,155.3165091636715 -96.75842644850836,32.71840061442382,115.27650916367148</coordinates>
                    </LinearRing>
                  </outerBoundaryIs>
                </Polygon>
                <Polygon>
                  <altitudeMode>absolute</altitudeMode>
                  <outerBoundaryIs>
                    <LinearRing>
                      <coordinates>-96.75842644850836,32.71840061442382,115.27650916367148 -96.75842644850836,32.71840061442382,155.3165091636715 -96.75793995876997,32.71840061442382,155.3165091636715 -96.75793995876997,32.71840061442382,115.27650916367148</coordinates>
                    </LinearRing>
                  </outerBoundaryIs>
                </Polygon>
                <Polygon>
                  <altitudeMode>absolute</altitudeMode>
                  <outerBoundaryIs>
                    <LinearRing>
                      <coordinates>-96.75793995876997,32.71840061442382,115.27650916367148 -96.75793995876997,32.71840061442382,155.3165091636715 -96.75793995876997,32.7180405131508,155.3165091636715 -96.75793995876997,32.7180405131508,115.27650916367148</coordinates>
                    </LinearRing>
                  </outerBoundaryIs>
                </Polygon>
                <Polygon>
                  <altitudeMode>absolute</altitudeMode>
                  <outerBoundaryIs>
                    <LinearRing>
                      <coordinates>-96.75793995876997,32.7180405131508,115.27650916367148 -96.75793995876997,32.7180405131508,155.3165091636715 -96.75842644850836,32.7180405131508,155.3165091636715 -96.75842644850836,32.7180405131508,115.27650916367148</coordinates>
                    </LinearRing>
                  </outerBoundaryIs>
                </Polygon>
              </MultiGeometry>
            </Placemark>
          </Folder>
          <Folder>
            <name>E72: uss1_core astm.f3548.v21.uss.getOperationalIntentDetails</name>
            <Folder>
              <name>uss1's P0 Accepted 4f9d97d4-0f5e-4657-91cb-ffac31c737df[1] @ XRSAdd8aUL-IFqMl5GTSIPhYC2jV7CEHaifl15amJas_</name>
              <Placemark>
                <name>Nominal volume 0</name>
                <styleUrl>#F3548v21Accepted</styleUrl>
                <TimeSpan>
                  <begin>2026-09-01T16:12:40.944315+00:00</begin>
                  <end>2026-09-01T16:57:40.917922+00:00</end>
                </TimeSpan>
                <MultiGeometry>
                  <Polygon>
                    <altitudeMode>absolute</altitudeMode>
                    <outerBoundaryIs>
                      <LinearRing>
                        <coordinates>-96.75821402379411,32.7180405131508,115.27656992331467 -96.75842644850836,32.718281466872256,115.27656992331467 -96.75823551948804,32.71840061442382,115.27656992331467 -96.75793995876997,32.718149288087204,115.27656992331467</coordinates>
                      </LinearRing>
                    </outerBoundaryIs>
                  </Polygon>
                  <Polygon>
                    <altitudeMode>absolute</altitudeMode>
                    <outerBoundaryIs>
                      <LinearRing>
                        <coordinates>-96.75821402379411,32.7180405131508,155.31656992331466 -96.75842644850836,32.718281466872256,155.31656992331466 -96.75823551948804,32.71840061442382,155.31656992331466 -96.75793995876997,32.718149288087204,155.31656992331466</coordinates>
                      </LinearRing>
                    </outerBoundaryIs>
                  </Polygon>
                  <Polygon>
                    <altitudeMode>absolute</altitudeMode>
                    <outerBoundaryIs>
                      <LinearRing>
                        <coordinates>-96.75821402379411,32.7180405131508,115.27656992331467 -96.75821402379411,32.7180405131508,155.31656992331466 -96.75842644850836,32.718281466872256,155.31656992331466 -96.75842644850836,32.718281466872256,115.27656992331467</coordinates>
                      </LinearRing>
                    </outerBoundaryIs>
                  </Polygon>
                  <Polygon>
                    <altitudeMode>absolute</altitudeMode>
                    <outerBoundaryIs>
                      <LinearRing>
                        <coordinates>-96.75842644850836,32.718281466872256,115.27656992331467 -96.75842644850836,32.718281466872256,155.31656992331466 -96.75823551948804,32.71840061442382,155.31656992331466 -96.75823551948804,32.71840061442382,115.27656992331467</coordinates>
                      </LinearRing>
                    </outerBoundaryIs>
                  </Polygon>
                  <Polygon>
                    <altitudeMode>absolute</altitudeMode>
                    <outerBoundaryIs>
                      <LinearRing>
                        <coordinates>-96.75823551948804,32.71840061442382,115.27656992331467 -96.75823551948804,32.71840061442382,155.31656992331466 -96.75793995876997,32.718149288087204,155.31656992331466 -96.75793995876997,32.718149288087204,115.27656992331467</coordinates>
                      </LinearRing>
                    </outerBoundaryIs>
                  </Polygon>
                  <Polygon>
                    <altitudeMode>absolute</altitudeMode>
                    <outerBoundaryIs>
                      <LinearRing>
                        <coordinates>-96.75793995876997,32.718149288087204,115.27656992331467 -96.75793995876997,32.718149288087204,155.31656992331466 -96.75821402379411,32.7180405131508,155.31656992331466 -96.75821402379411,32.7180405131508,115.27656992331467</coordinates>
                      </LinearRing>
                    </outerBoundaryIs>
                  </Polygon>
                </MultiGeometry>
              </Placemark>
            </Folder>
          </Folder>
        </Folder>
        <Folder>
          <name>Attempt to modify planned Flight 1c into conflict</name>
          <Folder>
            <name>E81: uss1_dss astm.f3548.v21.dss.queryOperationalIntentReferences</name>
            <Placemark>
              <name>area_of_interest</name>
              <styleUrl>#QueryArea</styleUrl>
              <description><![CDATA[<ul><li>uss1's Accepted 4f9d97d4-0f5e-4657-91cb-ffac31c737df[1]</li><li>uss2's Activated 8b014d30-d91f-442e-b65a-60330ec5410e[2]</li></ul>]]></description>
              <TimeSpan>
                <begin>2026-09-01T16:12:40.084833+00:00</begin>
                <end>2026-09-01T16:57:41.084833+00:00</end>
              </TimeSpan>
              <MultiGeometry>
                <Polygon>
                  <altitudeMode>absolute</altitudeMode>
                  <outerBoundaryIs>
                    <LinearRing>
                      <coordinates>-96.75885603693884,32.71777243082621,115.27721197182733 -96.75885603693884,32.71840061442382,115.27721197182733 -96.75793995876997,32.71840061442382,115.27721197182733 -96.75793995876997,32.71777243082621,115.27721197182733</coordinates>
                    </LinearRing>
                  </outerBoundaryIs>
                </Polygon>
                <Polygon>
                  <altitudeMode>absolute</altitudeMode>
                  <outerBoundaryIs>
                    <LinearRing>
                      <coordinates>-96.75885603693884,32.71777243082621,155.31721197182733 -96.75885603693884,32.71840061442382,155.31721197182733 -96.75793995876997,32.71840061442382,155.31721197182733 -96.75793995876997,32.71777243082621,155.31721197182733</coordinates>
                    </LinearRing>
                  </outerBoundaryIs>
                </Polygon>
                <Polygon>
                  <altitudeMode>absolute</altitudeMode>
                  <outerBoundaryIs>
                    <LinearRing>
                      <coordinates>-96.75885603693884,32.71777243082621,115.27721197182733 -96.75885603693884,32.71777243082621,155.31721197182733 -96.75885603693884,32.71840061442382,155.31721197182733 -96.75885603693884,32.71840061442382,115.27721197182733</coordinates>
                    </LinearRing>
                  </outerBoundaryIs>
                </Polygon>
                <Polygon>
                  <altitudeMode>absolute</altitudeMode>
                  <outerBoundaryIs>
                    <LinearRing>
                      <coordinates>-96.75885603693884,32.71840061442382,115.27721197182733 -96.75885603693884,32.71840061442382,155.31721197182733 -96.75793995876997,32.71840061442382,155.31721197182733 -96.75793995876997,32.71840061442382,115.27721197182733</coordinates>
                    </LinearRing>
                  </outerBoundaryIs>
                </Polygon>
                <Polygon>
                  <altitudeMode>absolute</altitudeMode>
                  <outerBoundaryIs>
                    <LinearRing>
                      <coordinates>-96.75793995876997,32.71840061442382,115.27721197182733 -96.75793995876997,32.71840061442382,155.31721197182733 -96.75793995876997,32.71777243082621,155.31721197182733 -96.75793995876997,32.71777243082621,115.27721197182733</coordinates>
                    </LinearRing>
                  </outerBoundaryIs>
                </Polygon>
                <Polygon>
                  <altitudeMode>absolute</altitudeMode>
                  <outerBoundaryIs>
                    <LinearRing>
                      <coordinates>-96.75793995876997,32.71777243082621,115.27721197182733 -96.75793995876997,32.71777243082621,155.31721197182733 -96.75885603693884,32.71777243082621,155.31721197182733 -96.75885603693884,32.71777243082621,115.27721197182733</coordinates>
                    </LinearRing>
                  </outerBoundaryIs>
                </Polygon>
              </MultiGeometry>
            </Placemark>
          </Folder>
          <Folder>
            <name>E83: uss1_core interuss.automated_testing.flight_planning.v1.UpsertFlightPlan</name>
            <Folder>
              <name>Activity Rejected, flight Planned</name>
              <Placemark>
                <name>Volume 0</name>
                <styleUrl>#Planned_Nominal</styleUrl>
                <TimeSpan>
                  <begin>2026-09-01T16:12:40.084833+00:00</begin>
                  <end>2026-09-01T16:57:41.084833+00:00</end>
                </TimeSpan>
                <MultiGeometry>
                  <Polygon>
                    <altitudeMode>absolute</altitudeMode>
                    <outerBoundaryIs>
                      <LinearRing>
                        <coordinates>-96.7586436117025,32.71777243082621,120.32727274253008 -96.75885603693884,32.71801338382339,120.32727274253008 -96.75823551948804,32.71840061442382,120.32727274253008 -96.75793995876997,32.718149288087204,120.32727274253008</coordinates>
                      </LinearRing>
                    </outerBoundaryIs>
                  </Polygon>
                  <Polygon>
                    <altitudeMode>absolute</altitudeMode>
                    <outerBoundaryIs>
                      <LinearRing>
                        <coordinates>-96.7586436117025,32.71777243082621,150.31727274253006 -96.75885603693884,32.71801338382339,150.31727274253006 -96.75823551948804,32.71840061442382,150.31727274253006 -96.75793995876997,32.718149288087204,150.31727274253006</coordinates>
                      </LinearRing>
                    </outerBoundaryIs>
                  </Polygon>
                  <Polygon>
                    <altitudeMode>absolute</altitudeMode>
                    <outerBoundaryIs>
                      <LinearRing>
                        <coordinates>-96.7586436117025,32.71777243082621,120.32727274253008 -96.7586436117025,32.71777243082621,150.31727274253006 -96.75885603693884,32.71801338382339,150.31727274253006 -96.75885603693884,32.71801338382339,120.32727274253008</coordinates>
                      </LinearRing>
                    </outerBoundaryIs>
                  </Polygon>
                  <Polygon>
                    <altitudeMode>absolute</altitudeMode>
                    <outerBoundaryIs>
                      <LinearRing>
                        <coordinates>-96.75885603693884,32.71801338382339,120.32727274253008 -96.75885603693884,32.71801338382339,150.31727274253006 -96.75823551948804,32.71840061442382,150.31727274253006 -96.75823551948804,32.71840061442382,120.32727274253008</coordinates>
                      </LinearRing>
                    </outerBoundaryIs>
                  </Polygon>
                  <Polygon>
                    <altitudeMode>absolute</altitudeMode>
                    <outerBoundaryIs>
                      <LinearRing>
                        <coordinates>-96.75823551948804,32.71840061442382,120.32727274253008 -96.75823551948804,32.71840061442382,150.31727274253006 -96.75793995876997,32.718149288087204,150.31727274253006 -96.75793995876997,32.718149288087204,120.32727274253008</coordinates>
                      </LinearRing>
                    </outerBoundaryIs>
                  </Polygon>
                  <Polygon>
                    <altitudeMode>absolute</altitudeMode>
                    <outerBoundaryIs>
                      <LinearRing>
                        <coordinates>-96.75793995876997,32.718149288087204,120.32727274253008 -96.75793995876997,32.718149288087204,150.31727274253006 -96.7586436117025,32.71777243082621,150.31727274253006 -96.7586436117025,32.71777243082621,120.32727274253008</coordinates>
                      </LinearRing>
                    </outerBoundaryIs>
                  </Polygon>
                </MultiGeometry>
              </Placemark>
            </Folder>
          </Folder>
          <Folder>
            <name>E86: uss1_dss astm.f3548.v21.dss.queryOperationalIntentReferences</name>
            <Placemark>
              <name>area_of_interest</name>
              <styleUrl>#QueryArea</styleUrl>
              <description><![CDATA[<ul><li>uss1's Accepted 4f9d97d4-0f5e-4657-91cb-ffac31c737df[1]</li><li>uss2's Activated 8b014d30-d91f-442e-b65a-60330ec5410e[2]</li></ul>]]></description>
              <TimeSpan>
                <begin>2026-09-01T16:12:40.084833+00:00</begin>
                <end>2026-09-01T16:57:41.084833+00:00</end>
              </TimeSpan>
              <MultiGeometry>
                <Polygon>
                  <altitudeMode>absolute</altitudeMode>
                  <outerBoundaryIs>
                    <LinearRing>
                      <coordinates>-96.75885603693884,32.71777243082621,115.27721197182733 -96.75885603693884,32.71840061442382,115.27721197182733 -96.75793995876997,32.71840061442382,115.27721197182733 -96.75793995876997,32.71777243082621,115.27721197182733</coordinates>
                    </LinearRing>
                  </outerBoundaryIs>
                </Polygon>
                <Polygon>
                  <altitudeMode>absolute</altitudeMode>
                  <outerBoundaryIs>
                    <LinearRing>
                      <coordinates>-96.75885603693884,32.71777243082621,155.31721197182733 -96.75885603693884,32.71840061442382,155.31721197182733 -96.75793995876997,32.71840061442382,155.31721197182733 -96.75793995876997,32.71777243082621,155.31721197182733</coordinates>
                    </LinearRing>
                  </outerBoundaryIs>
                </Polygon>
                <Polygon>
                  <altitudeMode>absolute</altitudeMode>
                  <outerBoundaryIs>
                    <LinearRing>
                      <coordinates>-96.75885603693884,32.71777243082621,115.27721197182733 -96.75885603693884,32.71777243082621,155.31721197182733 -96.75885603693884,32.71840061442382,155.31721197182733 -96.75885603693884,32.71840061442382,115.27721197182733</coordinates>
                    </LinearRing>
                  </outerBoundaryIs>
                </Polygon>
                <Polygon>
                  <altitudeMode>absolute</altitudeMode>
                  <outerBoundaryIs>
                    <LinearRing>
                      <coordinates>-96.75885603693884,32.71840061442382,115.27721197182733 -96.75885603693884,32.71840061442382,155.31721197182733 -96.75793995876997,32.71840061442382,155.31721197182733 -96.75793995876997,32.71840061442382,115.27721197182733</coordinates>
                    </LinearRing>
                  </outerBoundaryIs>
                </Polygon>
                <Polygon>
                  <altitudeMode>absolute</altitudeMode>
                  <outerBoundaryIs>
                    <LinearRing>
                      <coordinates>-96.75793995876997,32.71840061442382,115.27721197182733 -96.75793995876997,32.71840061442382,155.31721197182733 -96.75793995876997,32.71777243082621,155.31721197182733 -96.75793995876997,32.71777243082621,115.27721197182733</coordinates>
                    </LinearRing>
                  </outerBoundaryIs>
                </Polygon>
                <Polygon>
                  <altitudeMode>absolute</altitudeMode>
                  <outerBoundaryIs>
                    <LinearRing>
                      <coordinates>-96.75793995876997,32.71777243082621,115.27721197182733 -96.75793995876997,32.71777243082621,155.31721197182733 -96.75885603693884,32.71777243082621,155.31721197182733 -96.75885603693884,32.71777243082621,115.27721197182733</coordinates>
                    </LinearRing>
                  </outerBoundaryIs>
                </Polygon>
              </MultiGeometry>
            </Placemark>
          </Folder>
          <Folder>
            <name>E90: uss1_core astm.f3548.v21.uss.getOperationalIntentDetails</name>
            <Folder>
              <name>uss1's P0 Accepted 4f9d97d4-0f5e-4657-91cb-ffac31c737df[1] @ XRSAdd8aUL-IFqMl5GTSIPhYC2jV7CEHaifl15amJas_</name>
              <Placemark>
                <name>Nominal volume 0</name>
                <styleUrl>#F3548v21Accepted</styleUrl>
                <TimeSpan>
                  <begin>2026-09-01T16:12:40.944315+00:00</begin>
                  <end>2026-09-01T16:57:40.917922+00:00</end>
                </TimeSpan>
                <MultiGeometry>
                  <Polygon>
                    <altitudeMode>absolute</altitudeMode>
                    <outerBoundaryIs>
                      <LinearRing>
                        <coordinates>-96.75821402379411,32.7180405131508,115.27656992331467 -96.75842644850836,32.718281466872256,115.27656992331467 -96.75823551948804,32.71840061442382,115.27656992331467 -96.75793995876997,32.718149288087204,115.27656992331467</coordinates>
                      </LinearRing>
                    </outerBoundaryIs>
                  </Polygon>
                  <Polygon>
                    <altitudeMode>absolute</altitudeMode>
                    <outerBoundaryIs>
                      <LinearRing>
                        <coordinates>-96.75821402379411,32.7180405131508,155.31656992331466 -96.75842644850836,32.718281466872256,155.31656992331466 -96.75823551948804,32.71840061442382,155.31656992331466 -96.75793995876997,32.718149288087204,155.31656992331466</coordinates>
                      </LinearRing>
                    </outerBoundaryIs>
                  </Polygon>
                  <Polygon>
                    <altitudeMode>absolute</altitudeMode>
                    <outerBoundaryIs>
                      <LinearRing>
                        <coordinates>-96.75821402379411,32.7180405131508,115.27656992331467 -96.75821402379411,32.7180405131508,155.31656992331466 -96.75842644850836,32.718281466872256,155.31656992331466 -96.75842644850836,32.718281466872256,115.27656992331467</coordinates>
                      </LinearRing>
                    </outerBoundaryIs>
                  </Polygon>
                  <Polygon>
                    <altitudeMode>absolute</altitudeMode>
                    <outerBoundaryIs>
                      <LinearRing>
                        <coordinates>-96.75842644850836,32.718281466872256,115.27656992331467 -96.75842644850836,32.718281466872256,155.31656992331466 -96.75823551948804,32.71840061442382,155.31656992331466 -96.75823551948804,32.71840061442382,115.27656992331467</coordinates>
                      </LinearRing>
                    </outerBoundaryIs>
                  </Polygon>
                  <Polygon>
                    <altitudeMode>absolute</altitudeMode>
                    <outerBoundaryIs>
                      <LinearRing>
                        <coordinates>-96.75823551948804,32.71840061442382,115.27656992331467 -96.75823551948804,32.71840061442382,155.31656992331466 -96.75793995876997,32.718149288087204,155.31656992331466 -96.75793995876997,32.718149288087204,115.27656992331467</coordinates>
                      </LinearRing>
                    </outerBoundaryIs>
                  </Polygon>
                  <Polygon>
                    <altitudeMode>absolute</altitudeMode>
                    <outerBoundaryIs>
                      <LinearRing>
                        <coordinates>-96.75793995876997,32.718149288087204,115.27656992331467 -96.75793995876997,32.718149288087204,155.31656992331466 -96.75821402379411,32.7180405131508,155.31656992331466 -96.75821402379411,32.7180405131508,115.27656992331467</coordinates>
                      </LinearRing>
                    </outerBoundaryIs>
                  </Polygon>
                </MultiGeometry>
              </Placemark>
            </Folder>
          </Folder>
        </Folder>
      </Folder>
      <Folder>
        <name>Attempt to modify activated flight into conflict</name>
        <Folder>
          <name>Activate Flight 1c</name>
          <Folder>
            <name>E99: uss1_dss astm.f3548.v21.dss.queryOperationalIntentReferences</name>
            <Placemark>
              <name>area_of_interest</name>
              <styleUrl>#QueryArea</styleUrl>
              <description><![CDATA[<ul><li>uss1's Accepted 4f9d97d4-0f5e-4657-91cb-ffac31c737df[1]</li><li>uss2's Activated 8b014d30-d91f-442e-b65a-60330ec5410e[2]</li></ul>]]></description>
              <TimeSpan>
                <begin>2026-09-01T16:12:40.196150+00:00</begin>
                <end>2026-09-01T16:57:41.196150+00:00</end>
              </TimeSpan>
              <MultiGeometry>
                <Polygon>
                  <altitudeMode>absolute</altitudeMode>
                  <outerBoundaryIs>
                    <LinearRing>
                      <coordinates>-96.75870968324621,32.7180405131508,120.37684030049908 -96.75870968324621,32.718602737943755,120.37684030049908 -96.75793995876997,32.718602737943755,120.37684030049908 -96.75793995876997,32.7180405131508,120.37684030049908</coordinates>
                    </LinearRing>
                  </outerBoundaryIs>
                </Polygon>
                <Polygon>
                  <altitudeMode>absolute</altitudeMode>
                  <outerBoundaryIs>
                    <LinearRing>
                      <coordinates>-96.75870968324621,32.7180405131508,155.31684030049908 -96.75870968324621,32.718602737943755,155.31684030049908 -96.75793995876997,32.718602737943755,155.31684030049908 -96.75793995876997,32.7180405131508,155.31684030049908</coordinates>
                    </LinearRing>
                  </outerBoundaryIs>
                </Polygon>
                <Polygon>
                  <altitudeMode>absolute</altitudeMode>
                  <outerBoundaryIs>
                    <LinearRing>
                      <coordinates>-96.75870968324621,32.7180405131508,120.37684030049908 -96.75870968324621,32.7180405131508,155.31684030049908 -96.75870968324621,32.718602737943755,155.31684030049908 -96.75870968324621,32.718602737943755,120.37684030049908</coordinates>
                    </LinearRing>
                  </outerBoundaryIs>
                </Polygon>
                <Polygon>
                  <altitudeMode>absolute</altitudeMode>
                  <outerBoundaryIs>
                    <LinearRing>
                      <coordinates>-96.75870968324621,32.718602737943755,120.37684030049908 -96.75870968324621,32.718602737943755,155.31684030049908 -96.75793995876997,32.718602737943755,155.31684030049908 -96.75793995876997,32.718602737943755,120.37684030049908</coordinates>
                    </LinearRing>
                  </outerBoundaryIs>
                </Polygon>
                <Polygon>
                  <altitudeMode>absolute</altitudeMode>
                  <outerBoundaryIs>
                    <LinearRing>
                      <coordinates>-96.75793995876997,32.718602737943755,120.37684030049908 -96.75793995876997,32.718602737943755,155.31684030049908 -96.75793995876997,32.7180405131508,155.31684030049908 -96.75793995876997,32.7180405131508,120.37684030049908</coordinates>
                    </LinearRing>
                  </outerBoundaryIs>
                </Polygon>
                <Polygon>
                  <altitudeMode>absolute</altitudeMode>
                  <outerBoundaryIs>
                    <LinearRing>
                      <coordinates>-96.75793995876997,32.7180405131508,120.37684030049908 -96.75793995876997,32.7180405131508,155.31684030049908 -96.75870968324621,32.7180405131508,155.31684030049908 -96.75870968324621,32.7180405131508,120.37684030049908</coordinates>
                    </LinearRing>
                  </outerBoundaryIs>
                </Polygon>
              </MultiGeometry>
            </Placemark>
          </Folder>
          <Folder>
            <name>E101: uss1_core interuss.automated_testing.flight_planning.v1.UpsertFlightPlan</name>
            <Folder>
              <name>Activity Completed, flight OkToFly</name>
              <Placemark>
                <name>Volume 0</name>
                <styleUrl>#InUse_Nominal</styleUrl>
                <TimeSpan>
                  <begin>2026-09-01T16:12:40.196150+00:00</begin>
                  <end>2026-09-01T16:57:41.196150+00:00</end>
                </TimeSpan>
                <MultiGeometry>
                  <Polygon>
                    <altitudeMode>absolute</altitudeMode>
                    <outerBoundaryIs>
                      <LinearRing>
                        <coordinates>-96.75821402379411,32.7180405131508,120.37671470082516 -96.75870968324621,32.718602737943755,120.37671470082516 -96.75823551948804,32.71840061442382,120.37671470082516 -96.75793995876997,32.718149288087204,120.37671470082516</coordinates>
                      </LinearRing>
                    </outerBoundaryIs>
                  </Polygon>
                  <Polygon>
                    <altitudeMode>absolute</altitudeMode>
                    <outerBoundaryIs>
                      <LinearRing>
                        <coordinates>-96.75821402379411,32.7180405131508,155.31671470082514 -96.75870968324621,32.718602737943755,155.31671470082514 -96.75823551948804,32.71840061442382,155.31671470082514 -96.75793995876997,32.718149288087204,155.31671470082514</coordinates>
                      </LinearRing>
                    </outerBoundaryIs>
                  </Polygon>
                  <Polygon>
                    <altitudeMode>absolute</altitudeMode>
                    <outerBoundaryIs>
                      <LinearRing>
                        <coordinates>-96.75821402379411,32.7180405131508,120.37671470082516 -96.75821402379411,32.7180405131508,155.31671470082514 -96.75870968324621,32.718602737943755,155.31671470082514 -96.75870968324621,32.718602737943755,120.37671470082516</coordinates>
                      </LinearRing>
                    </outerBoundaryIs>
                  </Polygon>
                  <Polygon>
                    <altitudeMode>absolute</altitudeMode>
                    <outerBoundaryIs>
                      <LinearRing>
                        <coordinates>-96.75870968324621,32.718602737943755,120.37671470082516 -96.75870968324621,32.718602737943755,155.31671470082514 -96.75823551948804,32.71840061442382,155.31671470082514 -96.75823551948804,32.71840061442382,120.37671470082516</coordinates>
                      </LinearRing>
                    </outerBoundaryIs>
                  </Polygon>
                  <Polygon>
                    <altitudeMode>absolute</altitudeMode>
                    <outerBoundaryIs>
                      <LinearRing>
                        <coordinates>-96.75823551948804,32.71840061442382,120.37671470082516 -96.75823551948804,32.71840061442382,155.31671470082514 -96.75793995876997,32.718149288087204,155.31671470082514 -96.75793995876997,32.718149288087204,120.37671470082516</coordinates>
                      </LinearRing>
                    </outerBoundaryIs>
                  </Polygon>
                  <Polygon>
                    <altitudeMode>absolute</altitudeMode>
                    <outerBoundaryIs>
                      <LinearRing>
                        <coordinates>-96.75793995876997,32.718149288087204,120.37671470082516 -96.75793995876997,32.718149288087204,155.31671470082514 -96.75821402379411,32.7180405131508,155.31671470082514 -96.75821402379411,32.7180405131508,120.37671470082516</coordinates>
                      </LinearRing>
                    </outerBoundaryIs>
                  </Polygon>
                </MultiGeometry>
              </Placemark>
            </Folder>
          </Folder>
          <Folder>
            <name>E105: uss1_dss astm.f3548.v21.dss.queryOperationalIntentReferences</name>
            <Placemark>
              <name>area_of_interest</name>
              <styleUrl>#QueryArea</styleUrl>
              <description><![CDATA[<ul><li>uss1's Activated 4f9d97d4-0f5e-4657-91cb-ffac31c737df[2]</li><li>uss2's Activated 8b014d30-d91f-442e-b65a-60330ec5410e[2]</li></ul>]]></description>
              <TimeSpan>
                <begin>2026-09-01T16:12:40.196150+00:00</begin>
                <end>2026-09-01T16:57:41.196150+00:00</end>
              </TimeSpan>
              <MultiGeometry>
                <Polygon>
                  <altitudeMode>absolute</altitudeMode>
                  <outerBoundaryIs>
                    <LinearRing>
                      <coordinates>-96.75870968324621,32.7180405131508,120.37684030049908 -96.75870968324621,32.718602737943755,120.37684030049908 -96.75793995876997,32.718602737943755,120.37684030049908 -96.75793995876997,32.7180405131508,120.37684030049908</coordinates>
                    </LinearRing>
                  </outerBoundaryIs>
                </Polygon>
                <Polygon>
                  <altitudeMode>absolute</altitudeMode>
                  <outerBoundaryIs>
                    <LinearRing>
                      <coordinates>-96.75870968324621,32.7180405131508,155.31684030049908 -96.75870968324621,32.718602737943755,155.31684030049908 -96.75793995876997,32.718602737943755,155.31684030049908 -96.75793995876997,32.7180405131508,155.31684030049908</coordinates>
                    </LinearRing>
                  </outerBoundaryIs>
                </Polygon>
                <Polygon>
                  <altitudeMode>absolute</altitudeMode>
                  <outerBoundaryIs>
                    <LinearRing>
                      <coordinates>-96.75870968324621,32.7180405131508,120.37684030049908 -96.75870968324621,32.7180405131508,155.31684030049908 -96.75870968324621,32.718602737943755,155.31684030049908 -96.75870968324621,32.718602737943755,120.37684030049908</coordinates>
                    </LinearRing>
                  </outerBoundaryIs>
                </Polygon>
                <Polygon>
                  <altitudeMode>absolute</altitudeMode>
                  <outerBoundaryIs>
                    <LinearRing>
                      <coordinates>-96.75870968324621,32.718602737943755,120.37684030049908 -96.75870968324621,32.718602737943755,155.31684030049908 -96.75793995876997,32.718602737943755,155.31684030049908 -96.75793995876997,32.718602737943755,120.37684030049908</coordinates>
                    </LinearRing>
                  </outerBoundaryIs>
                </Polygon>
                <Polygon>
                  <altitudeMode>absolute</altitudeMode>
                  <outerBoundaryIs>
                    <LinearRing>
                      <coordinates>-96.75793995876997,32.718602737943755,120.37684030049908 -96.75793995876997,32.718602737943755,155.31684030049908 -96.75793995876997,32.7180405131508,155.31684030049908 -96.75793995876997,32.7180405131508,120.37684030049908</coordinates>
                    </LinearRing>
                  </outerBoundaryIs>
                </Polygon>
                <Polygon>
                  <altitudeMode>absolute</altitudeMode>
                  <outerBoundaryIs>
                    <LinearRing>
                      <coordinates>-96.75793995876997,32.7180405131508,120.37684030049908 -96.75793995876997,32.7180405131508,155.31684030049908 -96.75870968324621,32.7180405131508,155.31684030049908 -96.75870968324621,32.7180405131508,120.37684030049908</coordinates>
                    </LinearRing>
                  </outerBoundaryIs>
                </Polygon>
              </MultiGeometry>
            </Placemark>
          </Folder>
          <Folder>
            <name>E110: uss1_core astm.f3548.v21.uss.getOperationalIntentDetails</name>
            <Folder>
              <name>uss1's P0 Activated 4f9d97d4-0f5e-4657-91cb-ffac31c737df[2] @ Vw8.P5thUKJ4Usbm-qnSsfB89HaVarqJ6i2FCkGpMxo_</name>
              <Placemark>
                <name>Nominal volume 0</name>
                <styleUrl>#F3548v21Activated</styleUrl>
                <TimeSpan>
                  <begin>2026-09-01T16:12:41.234757+00:00</begin>
                  <end>2026-09-01T16:57:41.196150+00:00</end>
                </TimeSpan>
                <MultiGeometry>
                  <Polygon>
                    <altitudeMode>absolute</altitudeMode>
                    <outerBoundaryIs>
                      <LinearRing>
                        <coordinates>-96.75821402379411,32.7180405131508,120.37671470082516 -96.75870968324621,32.718602737943755,120.37671470082516 -96.75823551948804,32.71840061442382,120.37671470082516 -96.75793995876997,32.718149288087204,120.37671470082516</coordinates>
                      </LinearRing>
                    </outerBoundaryIs>
                  </Polygon>
                  <Polygon>
                    <altitudeMode>absolute</altitudeMode>
                    <outerBoundaryIs>
                      <LinearRing>
                        <coordinates>-96.75821402379411,32.7180405131508,155.31671470082514 -96.75870968324621,32.718602737943755,155.31671470082514 -96.75823551948804,32.71840061442382,155.31671470082514 -96.75793995876997,32.718149288087204,155.31671470082514</coordinates>
                      </LinearRing>
                    </outerBoundaryIs>
                  </Polygon>
                  <Polygon>
                    <altitudeMode>absolute</altitudeMode>
                    <outerBoundaryIs>
                      <LinearRing>
                        <coordinates>-96.75821402379411,32.7180405131508,120.37671470082516 -96.75821402379411,32.7180405131508,155.31671470082514 -96.75870968324621,32.718602737943755,155.31671470082514 -96.75870968324621,32.718602737943755,120.37671470082516</coordinates>
                      </LinearRing>
                    </outerBoundaryIs>
                  </Polygon>
                  <Polygon>
                    <altitudeMode>absolute</altitudeMode>
                    <outerBoundaryIs>
                      <LinearRing>
                        <coordinates>-96.75870968324621,32.718602737943755,120.37671470082516 -96.75870968324621,32.718602737943755,155.31671470082514 -96.75823551948804,32.71840061442382,155.31671470082514 -96.75823551948804,32.71840061442382,120.37671470082516</coordinates>
                      </LinearRing>
                    </outerBoundaryIs>
                  </Polygon>
                  <Polygon>
                    <altitudeMode>absolute</altitudeMode>
                    <outerBoundaryIs>
                      <LinearRing>
                        <coordinates>-96.75823551948804,32.71840061442382,120.37671470082516 -96.75823551948804,32.71840061442382,155.31671470082514 -96.75793995876997,32.718149288087204,155.31671470082514 -96.75793995876997,32.718149288087204,120.37671470082516</coordinates>
                      </LinearRing>
                    </outerBoundaryIs>
                  </Polygon>
                  <Polygon>
                    <altitudeMode>absolute</altitudeMode>
                    <outerBoundaryIs>
                      <LinearRing>
                        <coordinates>-96.75793995876997,32.718149288087204,120.37671470082516 -96.75793995876997,32.718149288087204,155.31671470082514 -96.75821402379411,32.7180405131508,155.31671470082514 -96.75821402379411,32.7180405131508,120.37671470082516</coordinates>
                      </LinearRing>
                    </outerBoundaryIs>
                  </Polygon>
                </MultiGeometry>
              </Placemark>
            </Folder>
          </Folder>
        </Folder>
        <Folder>
          <name>Attempt to modify activated Flight 1c into conflict</name>
          <Folder>
            <name>E119: uss1_dss astm.f3548.v21.dss.queryOperationalIntentReferences</name>
            <Placemark>
              <name>area_of_interest</name>
              <styleUrl>#QueryArea</styleUrl>
              <description><![CDATA[<ul><li>uss1's Activated 4f9d97d4-0f5e-4657-91cb-ffac31c737df[2]</li><li>uss2's Activated 8b014d30-d91f-442e-b65a-60330ec5410e[2]</li></ul>]]></description>
              <TimeSpan>
                <begin>2026-09-01T16:12:40.387345+00:00</begin>
                <end>2026-09-01T16:57:41.387345+00:00</end>
              </TimeSpan>
              <MultiGeometry>
                <Polygon>
                  <altitudeMode>absolute</altitudeMode>
                  <outerBoundaryIs>
                    <LinearRing>
                      <coordinates>-96.75885603693884,32.71777243082621,120.33714145202298 -96.75885603693884,32.718602737943755,120.33714145202298 -96.75793995876997,32.718602737943755,120.33714145202298 -96.75793995876997,32.71777243082621,120.33714145202298</coordinates>
                    </LinearRing>
                  </outerBoundaryIs>
                </Polygon>
                <Polygon>
                  <altitudeMode>absolute</altitudeMode>
                  <outerBoundaryIs>
                    <LinearRing>
                      <coordinates>-96.75885603693884,32.71777243082621,155.31714145202298 -96.75885603693884,32.718602737943755,155.31714145202298 -96.75793995876997,32.718602737943755,155.31714145202298 -96.75793995876997,32.71777243082621,155.31714145202298</coordinates>
                    </LinearRing>
                  </outerBoundaryIs>
                </Polygon>
                <Polygon>
                  <altitudeMode>absolute</altitudeMode>
                  <outerBoundaryIs>
                    <LinearRing>
                      <coordinates>-96.75885603693884,32.71777243082621,120.33714145202298 -96.75885603693884,32.71777243082621,155.31714145202298 -96.75885603693884,32.718602737943755,155.31714145202298 -96.75885603693884,32.718602737943755,120.33714145202298</coordinates>
                    </LinearRing>
                  </outerBoundaryIs>
                </Polygon>
                <Polygon>
                  <altitudeMode>absolute</altitudeMode>
                  <outerBoundaryIs>
                    <LinearRing>
                      <coordinates>-96.75885603693884,32.718602737943755,120.33714145202298 -96.75885603693884,32.718602737943755,155.31714145202298 -96.75793995876997,32.718602737943755,155.31714145202298 -96.75793995876997,32.718602737943755,120.33714145202298</coordinates>
                    </LinearRing>
                  </outerBoundaryIs>
                </Polygon>
                <Polygon>
                  <altitudeMode>absolute</altitudeMode>
                  <outerBoundaryIs>
                    <LinearRing>
                      <coordinates>-96.75793995876997,32.718602737943755,120.33714145202298 -96.75793995876997,32.718602737943755,155.31714145202298 -96.75793995876997,32.71777243082621,155.31714145202298 -96.75793995876997,32.71777243082621,120.33714145202298</coordinates>
                    </LinearRing>
                  </outerBoundaryIs>
                </Polygon>
                <Polygon>
                  <altitudeMode>absolute</altitudeMode>
                  <outerBoundaryIs>
                    <LinearRing>
                      <coordinates>-96.75793995876997,32.71777243082621,120.33714145202298 -96.75793995876997,32.71777243082621,155.31714145202298 -96.75885603693884,32.71777243082621,155.31714145202298 -96.75885603693884,32.71777243082621,120.33714145202298</coordinates>
                    </LinearRing>
                  </outerBoundaryIs>
                </Polygon>
              </MultiGeometry>
            </Placemark>
          </Folder>
          <Folder>
            <name>E121: uss1_core interuss.automated_testing.flight_planning.v1.UpsertFlightPlan</name>
            <Folder>
              <name>Activity Rejected, flight OkToFly</name>
              <Placemark>
                <name>Volume 0</name>
                <styleUrl>#InUse_Nominal</styleUrl>
                <TimeSpan>
                  <begin>2026-09-01T16:12:40.387345+00:00</begin>
                  <end>2026-09-01T16:57:41.387345+00:00</end>
                </TimeSpan>
                <MultiGeometry>
                  <Polygon>
                    <altitudeMode>absolute</altitudeMode>
                    <outerBoundaryIs>
                      <LinearRing>
                        <coordinates>-96.7586436117025,32.71777243082621,120.33727274253008 -96.75885603693884,32.71801338382339,120.33727274253008 -96.75823551948804,32.71840061442382,120.33727274253008 -96.75793995876997,32.718149288087204,120.33727274253008</coordinates>
                      </LinearRing>
                    </outerBoundaryIs>
                  </Polygon>
                  <Polygon>
                    <altitudeMode>absolute</altitudeMode>
                    <outerBoundaryIs>
                      <LinearRing>
                        <coordinates>-96.7586436117025,32.71777243082621,150.31727274253006 -96.75885603693884,32.71801338382339,150.31727274253006 -96.75823551948804,32.71840061442382,150.31727274253006 -96.75793995876997,32.718149288087204,150.31727274253006</coordinates>
                      </LinearRing>
                    </outerBoundaryIs>
                  </Polygon>
                  <Polygon>
                    <altitudeMode>absolute</altitudeMode>
                    <outerBoundaryIs>
                      <LinearRing>
                        <coordinates>-96.7586436117025,32.71777243082621,120.33727274253008 -96.7586436117025,32.71777243082621,150.31727274253006 -96.75885603693884,32.71801338382339,150.31727274253006 -96.75885603693884,32.71801338382339,120.33727274253008</coordinates>
                      </LinearRing>
                    </outerBoundaryIs>
                  </Polygon>
                  <Polygon>
                    <altitudeMode>absolute</altitudeMode>
                    <outerBoundaryIs>
                      <LinearRing>
                        <coordinates>-96.75885603693884,32.71801338382339,120.33727274253008 -96.75885603693884,32.71801338382339,150.31727274253006 -96.75823551948804,32.71840061442382,150.31727274253006 -96.75823551948804,32.71840061442382,120.33727274253008</coordinates>
                      </LinearRing>
                    </outerBoundaryIs>
                  </Polygon>
                  <Polygon>
                    <altitudeMode>absolute</altitudeMode>
                    <outerBoundaryIs>
                      <LinearRing>
                        <coordinates>-96.75823551948804,32.71840061442382,120.33727274253008 -96.75823551948804,32.71840061442382,150.31727274253006 -96.75793995876997,32.718149288087204,150.31727274253006 -96.75793995876997,32.718149288087204,120.33727274253008</coordinates>
                      </LinearRing>
                    </outerBoundaryIs>
                  </Polygon>
                  <Polygon>
                    <altitudeMode>absolute</altitudeMode>
                    <outerBoundaryIs>
                      <LinearRing>
                        <coordinates>-96.75793995876997,32.718149288087204,120.33727274253008 -96.75793995876997,32.718149288087204,150.31727274253006 -96.7586436117025,32.71777243082621,150.31727274253006 -96.7586436117025,32.71777243082621,120.33727274253008</coordinates>
                      </LinearRing>
                    </outerBoundaryIs>
                  </Polygon>
                </MultiGeometry>
              </Placemark>
            </Folder>
          </Folder>
          <Folder>
            <name>E124: uss1_dss astm.f3548.v21.dss.queryOperationalIntentReferences</name>
            <Placemark>
              <name>area_of_interest</name>
              <styleUrl>#QueryArea</styleUrl>
              <description><![CDATA[<ul><li>uss1's Activated 4f9d97d4-0f5e-4657-91cb-ffac31c737df[2]</li><li>uss2's Activated 8b014d30-d91f-442e-b65a-60330ec5410e[2]</li></ul>]]></description>
              <TimeSpan>
                <begin>2026-09-01T16:12:40.387345+00:00</begin>
                <end>2026-09-01T16:57:41.387345+00:00</end>
              </TimeSpan>
              <MultiGeometry>
                <Polygon>
                  <altitudeMode>absolute</altitudeMode>
                  <outerBoundaryIs>
                    <LinearRing>
                      <coordinates>-96.75885603693884,32.71777243082621,120.33714145202298 -96.75885603693884,32.718602737943755,120.33714145202298 -96.75793995876997,32.718602737943755,120.33714145202298 -96.75793995876997,32.71777243082621,120.33714145202298</coordinates>
                    </LinearRing>
                  </outerBoundaryIs>
                </Polygon>
                <Polygon>
                  <altitudeMode>absolute</altitudeMode>
                  <outerBoundaryIs>
                    <LinearRing>
                      <coordinates>-96.75885603693884,32.71777243082621,155.31714145202298 -96.75885603693884,32.718602737943755,155.31714145202298 -96.75793995876997,32.718602737943755,155.31714145202298 -96.75793995876997,32.71777243082621,155.31714145202298</coordinates>
                    </LinearRing>
                  </outerBoundaryIs>
                </Polygon>
                <Polygon>
                  <altitudeMode>absolute</altitudeMode>
                  <outerBoundaryIs>
                    <LinearRing>
                      <coordinates>-96.75885603693884,32.71777243082621,120.33714145202298 -96.75885603693884,32.71777243082621,155.31714145202298 -96.75885603693884,32.718602737943755,155.31714145202298 -96.75885603693884,32.718602737943755,120.33714145202298</coordinates>
                    </LinearRing>
                  </outerBoundaryIs>
                </Polygon>
                <Polygon>
                  <altitudeMode>absolute</altitudeMode>
                  <outerBoundaryIs>
                    <LinearRing>
                      <coordinates>-96.75885603693884,32.718602737943755,120.33714145202298 -96.75885603693884,32.718602737943755,155.31714145202298 -96.75793995876997,32.718602737943755,155.31714145202298 -96.75793995876997,32.718602737943755,120.33714145202298</coordinates>
                    </LinearRing>
                  </outerBoundaryIs>
                </Polygon>
                <Polygon>
                  <altitudeMode>absolute</altitudeMode>
                  <outerBoundaryIs>
                    <LinearRing>
                      <coordinates>-96.75793995876997,32.718602737943755,120.33714145202298 -96.75793995876997,32.718602737943755,155.31714145202298 -96.75793995876997,32.71777243082621,155.31714145202298 -96.75793995876997,32.71777243082621,120.33714145202298</coordinates>
                    </LinearRing>
                  </outerBoundaryIs>
                </Polygon>
                <Polygon>
                  <altitudeMode>absolute</altitudeMode>
                  <outerBoundaryIs>
                    <LinearRing>
                      <coordinates>-96.75793995876997,32.71777243082621,120.33714145202298 -96.75793995876997,32.71777243082621,155.31714145202298 -96.75885603693884,32.71777243082621,155.31714145202298 -96.75885603693884,32.71777243082621,120.33714145202298</coordinates>
                    </LinearRing>
                  </outerBoundaryIs>
                </Polygon>
              </MultiGeometry>
            </Placemark>
          </Folder>
        </Folder>
        <Folder>
          <name>Delete Flight 2</name>
        </Folder>
      </Folder>
      <Folder>
        <name>Modify activated flight with pre-existing conflict</name>
        <Folder>
          <name>Activate Flight 1</name>
          <Folder>
            <name>E129: uss1_dss astm.f3548.v21.dss.queryOperationalIntentReferences</name>
            <Placemark>
              <name>area_of_interest</name>
              <styleUrl>#QueryArea</styleUrl>
              <description><![CDATA[<ul><li>uss1's Activated 4f9d97d4-0f5e-4657-91cb-ffac31c737df[2]</li></ul>]]></description>
              <TimeSpan>
                <begin>2026-09-01T16:12:40.514047+00:00</begin>
                <end>2026-09-01T16:57:41.514047+00:00</end>
              </TimeSpan>
              <MultiGeometry>
                <Polygon>
                  <altitudeMode>absolute</altitudeMode>
                  <outerBoundaryIs>
                    <LinearRing>
                      <coordinates>-96.75885603693884,32.71777243082621,120.33721197182733 -96.75885603693884,32.71840061442382,120.33721197182733 -96.75793995876997,32.71840061442382,120.33721197182733 -96.75793995876997,32.71777243082621,120.33721197182733</coordinates>
                    </LinearRing>
                  </outerBoundaryIs>
                </Polygon>
                <Polygon>
                  <altitudeMode>absolute</altitudeMode>
                  <outerBoundaryIs>
                    <LinearRing>
                      <coordinates>-96.75885603693884,32.71777243082621,150.31721197182733 -96.75885603693884,32.71840061442382,150.31721197182733 -96.75793995876997,32.71840061442382,150.31721197182733 -96.75793995876997,32.71777243082621,150.31721197182733</coordinates>
                    </LinearRing>
                  </outerBoundaryIs>
                </Polygon>
                <Polygon>
                  <altitudeMode>absolute</altitudeMode>
                  <outerBoundaryIs>
                    <LinearRing>
                      <coordinates>-96.75885603693884,32.71777243082621,120.33721197182733 -96.75885603693884,32.71777243082621,150.31721197182733 -96.75885603693884,32.71840061442382,150.31721197182733 -96.75885603693884,32.71840061442382,120.33721197182733</coordinates>
                    </LinearRing>
                  </outerBoundaryIs>
                </Polygon>
                <Polygon>
                  <altitudeMode>absolute</altitudeMode>
                  <outerBoundaryIs>
                    <LinearRing>
                      <coordinates>-96.75885603693884,32.71840061442382,120.33721197182733 -96.75885603693884,32.71840061442382,150.31721197182733 -96.75793995876997,32.71840061442382,150.31721197182733 -96.75793995876997,32.71840061442382,120.33721197182733</coordinates>
                    </LinearRing>
                  </outerBoundaryIs>
                </Polygon>
                <Polygon>
                  <altitudeMode>absolute</altitudeMode>
                  <outerBoundaryIs>
                    <LinearRing>
                      <coordinates>-96.75793995876997,32.71840061442382,120.33721197182733 -96.75793995876997,32.71840061442382,150.31721197182733 -96.75793995876997,32.71777243082621,150.31721197182733 -96.75793995876997,32.71777243082621,120.33721197182733</coordinates>
                    </LinearRing>
                  </outerBoundaryIs>
                </Polygon>
                <Polygon>
                  <altitudeMode>absolute</altitudeMode>
                  <outerBoundaryIs>
                    <LinearRing>
                      <coordinates>-96.75793995876997,32.71777243082621,120.33721197182733 -96.75793995876997,32.71777243082621,150.31721197182733 -96.75885603693884,32.71777243082621,150.31721197182733 -96.75885603693884,32.71777243082621,120.33721197182733</coordinates>
                    </LinearRing>
                  </outerBoundaryIs>
                </Polygon>
              </MultiGeometry>
            </Placemark>
          </Folder>
          <Folder>
            <name>E131: uss1_core interuss.automated_testing.flight_planning.v1.UpsertFlightPlan</name>
            <Folder>
              <name>Activity Completed, flight OkToFly</name>
              <Placemark>
                <name>Volume 0</name>
                <styleUrl>#InUse_Nominal</styleUrl>
                <TimeSpan>
                  <begin>2026-09-01T16:12:40.514047+00:00</begin>
                  <end>2026-09-01T16:57:41.514047+00:00</end>
                </TimeSpan>
                <MultiGeometry>
                  <Polygon>
                    <altitudeMode>absolute</altitudeMode>
                    <outerBoundaryIs>
                      <LinearRing>
                        <coordinates>-96.7586436117025,32.71777243082621,120.33727274253008 -96.75885603693884,32.71801338382339,120.33727274253008 -96.75823551948804,32.71840061442382,120.33727274253008 -96.75793995876997,32.718149288087204,120.33727274253008</coordinates>
                      </LinearRing>
                    </outerBoundaryIs>
                  </Polygon>
                  <Polygon>
                    <altitudeMode>absolute</altitudeMode>
                    <outerBoundaryIs>
                      <LinearRing>
                        <coordinates>-96.7586436117025,32.71777243082621,150.31727274253006 -96.75885603693884,32.71801338382339,150.31727274253006 -96.75823551948804,32.71840061442382,150.31727274253006 -96.75793995876997,32.718149288087204,150.31727274253006</coordinates>
                      </LinearRing>
                    </outerBoundaryIs>
                  </Polygon>
                  <Polygon>
                    <altitudeMode>absolute</altitudeMode>
                    <outerBoundaryIs>
                      <LinearRing>
                        <coordinates>-96.7586436117025,32.71777243082621,120.33727274253008 -96.7586436117025,32.71777243082621,150.31727274253006 -96.75885603693884,32.71801338382339,150.31727274253006 -96.75885603693884,32.71801338382339,120.33727274253008</coordinates>
                      </LinearRing>
                    </outerBoundaryIs>
                  </Polygon>
                  <Polygon>
                    <altitudeMode>absolute</altitudeMode>
                    <outerBoundaryIs>
                      <LinearRing>
                        <coordinates>-96.75885603693884,32.71801338382339,120.33727274253008 -96.75885603693884,32.71801338382339,150.31727274253006 -96.75823551948804,32.71840061442382,150.31727274253006 -96.75823551948804,32.71840061442382,120.33727274253008</coordinates>
                      </LinearRing>
                    </outerBoundaryIs>
                  </Polygon>
                  <Polygon>
                    <altitudeMode>absolute</altitudeMode>
                    <outerBoundaryIs>
                      <LinearRing>
                        <coordinates>-96.75823551948804,32.71840061442382,120.33727274253008 -96.75823551948804,32.71840061442382,150.31727274253006 -96.75793995876997,32.718149288087204,150.31727274253006 -96.75793995876997,32.718149288087204,120.33727274253008</coordinates>
                      </LinearRing>
                    </outerBoundaryIs>
                  </Polygon>
                  <Polygon>
                    <altitudeMode>absolute</altitudeMode>
                    <outerBoundaryIs>
                      <LinearRing>
                        <coordinates>-96.75793995876997,32.718149288087204,120.33727274253008 -96.75793995876997,32.718149288087204,150.31727274253006 -96.7586436117025,32.71777243082621,150.31727274253006 -96.7586436117025,32.71777243082621,120.33727274253008</coordinates>
                      </LinearRing>
                    </outerBoundaryIs>
                  </Polygon>
                </MultiGeometry>
              </Placemark>
            </Folder>
          </Folder>
          <Folder>
            <name>E135: uss1_dss astm.f3548.v21.dss.queryOperationalIntentReferences</name>
            <Placemark>
              <name>area_of_interest</name>
              <styleUrl>#QueryArea</styleUrl>
              <description><![CDATA[<ul><li>uss1's Activated 4f9d97d4-0f5e-4657-91cb-ffac31c737df[3]</li></ul>]]></description>
              <TimeSpan>
                <begin>2026-09-01T16:12:40.514047+00:00</begin>
                <end>2026-09-01T16:57:41.514047+00:00</end>
              </TimeSpan>
              <MultiGeometry>
                <Polygon>
                  <altitudeMode>absolute</altitudeMode>
                  <outerBoundaryIs>
                    <LinearRing>
                      <coordinates>-96.75885603693884,32.71777243082621,120.33721197182733 -96.75885603693884,32.71840061442382,120.33721197182733 -96.75793995876997,32.71840061442382,120.33721197182733 -96.75793995876997,32.71777243082621,120.33721197182733</coordinates>
                    </LinearRing>
                  </outerBoundaryIs>
                </Polygon>
                <Polygon>
                  <altitudeMode>absolute</altitudeMode>
                  <outerBoundaryIs>
                    <LinearRing>
                      <coordinates>-96.75885603693884,32.71777243082621,150.31721197182733 -96.75885603693884,32.71840061442382,150.31721197182733 -96.75793995876997,32.71840061442382,150.31721197182733 -96.75793995876997,32.71777243082621,150.31721197182733</coordinates>
                    </LinearRing>
                  </outerBoundaryIs>
                </Polygon>
                <Polygon>
                  <altitudeMode>absolute</altitudeMode>
                  <outerBoundaryIs>
                    <LinearRing>
                      <coordinates>-96.75885603693884,32.71777243082621,120.33721197182733 -96.75885603693884,32.71777243082621,150.31721197182733 -96.75885603693884,32.71840061442382,150.31721197182733 -96.75885603693884,32.71840061442382,120.33721197182733</coordinates>
                    </LinearRing>
                  </outerBoundaryIs>
                </Polygon>
                <Polygon>
                  <altitudeMode>absolute</altitudeMode>
                  <outerBoundaryIs>
                    <LinearRing>
                      <coordinates>-96.75885603693884,32.71840061442382,120.33721197182733 -96.75885603693884,32.71840061442382,150.31721197182733 -96.75793995876997,32.71840061442382,150.31721197182733 -96.75793995876997,32.71840061442382,120.33721197182733</coordinates>
                    </LinearRing>
                  </outerBoundaryIs>
                </Polygon>
                <Polygon>
                  <altitudeMode>absolute</altitudeMode>
                  <outerBoundaryIs>
                    <LinearRing>
                      <coordinates>-96.75793995876997,32.71840061442382,120.33721197182733 -96.75793995876997,32.71840061442382,150.31721197182733 -96.75793995876997,32.71777243082621,150.31721197182733 -96.75793995876997,32.71777243082621,120.33721197182733</coordinates>
                    </LinearRing>
                  </outerBoundaryIs>
                </Polygon>
                <Polygon>
                  <altitudeMode>absolute</altitudeMode>
                  <outerBoundaryIs>
                    <LinearRing>
                      <coordinates>-96.75793995876997,32.71777243082621,120.33721197182733 -96.75793995876997,32.71777243082621,150.31721197182733 -96.75885603693884,32.71777243082621,150.31721197182733 -96.75885603693884,32.71777243082621,120.33721197182733</coordinates>
                    </LinearRing>
                  </outerBoundaryIs>
                </Polygon>
              </MultiGeometry>
            </Placemark>
          </Folder>
          <Folder>
            <name>E140: uss1_core astm.f3548.v21.uss.getOperationalIntentDetails</name>
            <Folder>
              <name>uss1's P0 Activated 4f9d97d4-0f5e-4657-91cb-ffac31c737df[3] @ bvdJ54o02PLQLURRYiz-q24ZTWy24NIiGo1NiA2gq9s_</name>
              <Placemark>
                <name>Nominal volume 0</name>
                <styleUrl>#F3548v21Activated</styleUrl>
                <TimeSpan>
                  <begin>2026-09-01T16:12:41.544063+00:00</begin>
                  <end>2026-09-01T16:57:41.514047+00:00</end>
                </TimeSpan>
                <MultiGeometry>
                  <Polygon>
                    <altitudeMode>absolute</altitudeMode>
                    <outerBoundaryIs>
                      <LinearRing>
                        <coordinates>-96.7586436117025,32.71777243082621,120.33727274253008 -96.75885603693884,32.71801338382339,120.33727274253008 -96.75823551948804,32.71840061442382,120.33727274253008 -96.75793995876997,32.718149288087204,120.33727274253008</coordinates>
                      </LinearRing>
                    </outerBoundaryIs>
                  </Polygon>
                  <Polygon>
                    <altitudeMode>absolute</altitudeMode>
                    <outerBoundaryIs>
                      <LinearRing>
                        <coordinates>-96.7586436117025,32.71777243082621,150.31727274253006 -96.75885603693884,32.71801338382339,150.31727274253006 -96.75823551948804,32.71840061442382,150.31727274253006 -96.75793995876997,32.718149288087204,150.31727274253006</coordinates>
                      </LinearRing>
                    </outerBoundaryIs>
                  </Polygon>
                  <Polygon>
                    <altitudeMode>absolute</altitudeMode>
                    <outerBoundaryIs>
                      <LinearRing>
                        <coordinates>-96.7586436117025,32.71777243082621,120.33727274253008 -96.7586436117025,32.71777243082621,150.31727274253006 -96.75885603693884,32.71801338382339,150.31727274253006 -96.75885603693884,32.71801338382339,120.33727274253008</coordinates>
                      </LinearRing>
                    </outerBoundaryIs>
                  </Polygon>
                  <Polygon>
                    <altitudeMode>absolute</altitudeMode>
                    <outerBoundaryIs>
                      <LinearRing>
                        <coordinates>-96.75885603693884,32.71801338382339,120.33727274253008 -96.75885603693884,32.71801338382339,150.31727274253006 -96.75823551948804,32.71840061442382,150.31727274253006 -96.75823551948804,32.71840061442382,120.33727274253008</coordinates>
                      </LinearRing>
                    </outerBoundaryIs>
                  </Polygon>
                  <Polygon>
                    <altitudeMode>absolute</altitudeMode>
                    <outerBoundaryIs>
                      <LinearRing>
                        <coordinates>-96.75823551948804,32.71840061442382,120.33727274253008 -96.75823551948804,32.71840061442382,150.31727274253006 -96.75793995876997,32.718149288087204,150.31727274253006 -96.75793995876997,32.718149288087204,120.33727274253008</coordinates>
                      </LinearRing>
                    </outerBoundaryIs>
                  </Polygon>
                  <Polygon>
                    <altitudeMode>absolute</altitudeMode>
                    <outerBoundaryIs>
                      <LinearRing>
                        <coordinates>-96.75793995876997,32.718149288087204,120.33727274253008 -96.75793995876997,32.718149288087204,150.31727274253006 -96.7586436117025,32.71777243082621,150.31727274253006 -96.7586436117025,32.71777243082621,120.33727274253008</coordinates>
                      </LinearRing>
                    </outerBoundaryIs>
                  </Polygon>
                </MultiGeometry>
              </Placemark>
            </Folder>
          </Folder>
        </Folder>
        <Folder>
          <name>Plan Flight 2m</name>
          <Folder>
            <name>E149: uss1_dss astm.f3548.v21.dss.queryOperationalIntentReferences</name>
            <Placemark>
              <name>area_of_interest</name>
              <styleUrl>#QueryArea</styleUrl>
              <description><![CDATA[(no operational intent references found)]]></description>
              <TimeSpan>
                <begin>2026-09-01T16:12:40.676489+00:00</begin>
                <end>2026-09-01T16:57:41.676489+00:00</end>
              </TimeSpan>
              <MultiGeometry>
                <Polygon>
                  <altitudeMode>absolute</altitudeMode>
                  <outerBoundaryIs>
                    <LinearRing>
                      <coordinates>-96.75899607628425,32.71806391428686,165.44790564880842 -96.75899607628425,32.718424015430124,165.44790564880842 -96.75836638827326,32.718424015430124,165.44790564880842 -96.75836638827326,32.71806391428686,165.44790564880842</coordinates>
                    </LinearRing>
                  </outerBoundaryIs>
                </Polygon>
                <Polygon>
                  <altitudeMode>absolute</altitudeMode>
                  <outerBoundaryIs>
                    <LinearRing>
                      <coordinates>-96.75899607628425,32.71806391428686,170.31790564880842 -96.75899607628425,32.718424015430124,170.31790564880842 -96.75836638827326,32.718424015430124,170.31790564880842 -96.75836638827326,32.71806391428686,170.31790564880842</coordinates>
                    </LinearRing>
                  </outerBoundaryIs>
                </Polygon>
                <Polygon>
                  <altitudeMode>absolute</altitudeMode>
                  <outerBoundaryIs>
                    <LinearRing>
                      <coordinates>-96.75899607628425,32.71806391428686,165.44790564880842 -96.75899607628425,32.71806391428686,170.31790564880842 -96.75899607628425,32.718424015430124,170.31790564880842 -96.75899607628425,32.718424015430124,165.44790564880842</coordinates>
                    </LinearRing>
                  </outerBoundaryIs>
                </Polygon>
                <Polygon>
                  <altitudeMode>absolute</altitudeMode>
                  <outerBoundaryIs>
                    <LinearRing>
                      <coordinates>-96.75899607628425,32.718424015430124,165.44790564880842 -96.75899607628425,32.718424015430124,170.31790564880842 -96.75836638827326,32.718424015430124,170.31790564880842 -96.75836638827326,32.718424015430124,165.44790564880842</coordinates>
                    </LinearRing>
                  </outerBoundaryIs>
                </Polygon>
                <Polygon>
                  <altitudeMode>absolute</altitudeMode>
                  <outerBoundaryIs>
                    <LinearRing>
                      <coordinates>-96.75836638827326,32.718424015430124,165.44790564880842 -96.75836638827326,32.718424015430124,170.31790564880842 -96.75836638827326,32.71806391428686,170.31790564880842 -96.75836638827326,32.71806391428686,165.44790564880842</coordinates>
                    </LinearRing>
                  </outerBoundaryIs>
                </Polygon>
                <Polygon>
                  <altitudeMode>absolute</altitudeMode>
                  <outerBoundaryIs>
                    <LinearRing>
                      <coordinates>-96.75836638827326,32.71806391428686,165.44790564880842 -96.75836638827326,32.71806391428686,170.31790564880842 -96.75899607628425,32.71806391428686,170.31790564880842 -96.75899607628425,32.71806391428686,165.44790564880842</coordinates>
                    </LinearRing>
                  </outerBoundaryIs>
                </Polygon>
              </MultiGeometry>
            </Placemark>
          </Folder>
          <Folder>
            <name>E151: uss2_core interuss.automated_testing.flight_planning.v1.UpsertFlightPlan</name>
            <Folder>
              <name>Activity Completed, flight Planned</name>
              <Placemark>
                <name>Volume 0</name>
                <styleUrl>#Planned_Nominal</styleUrl>
                <TimeSpan>
                  <begin>2026-09-01T16:12:40.676489+00:00</begin>
                  <end>2026-09-01T16:57:41.676489+00:00</end>
                </TimeSpan>
                <MultiGeometry>
                  <Polygon>
                    <altitudeMode>absolute</altitudeMode>
                    <outerBoundaryIs>
                      <LinearRing>
                        <coordinates>-96.75897457751377,32.71806391428686,165.4481511510925 -96.75836638827326,32.71838119962978,165.4481511510925 -96.75899607628423,32.71842401543012,165.4481511510925</coordinates>
                      </LinearRing>
                    </outerBoundaryIs>
                  </Polygon>
                  <Polygon>
                    <altitudeMode>absolute</altitudeMode>
                    <outerBoundaryIs>
                      <LinearRing>
                        <coordinates>-96.75897457751377,32.71806391428686,170.3181511510925 -96.75836638827326,32.71838119962978,170.3181511510925 -96.75899607628423,32.71842401543012,170.3181511510925</coordinates>
                      </LinearRing>
                    </outerBoundaryIs>
                  </Polygon>
                  <Polygon>
                    <altitudeMode>absolute</altitudeMode>
                    <outerBoundaryIs>
                      <LinearRing>
                        <coordinates>-96.75897457751377,32.71806391428686,165.4481511510925 -96.75897457751377,32.71806391428686,170.3181511510925 -96.75836638827326,32.71838119962978,170.3181511510925 -96.75836638827326,32.71838119962978,165.4481511510925</coordinates>
                      </LinearRing>
                    </outerBoundaryIs>
                  </Polygon>
                  <Polygon>
                    <altitudeMode>absolute</altitudeMode>
                    <outerBoundaryIs>
                      <LinearRing>
                        <coordinates>-96.75836638827326,32.71838119962978,165.4481511510925 -96.75836638827326,32.71838119962978,170.3181511510925 -96.75899607628423,32.71842401543012,170.3181511510925 -96.75899607628423,32.71842401543012,165.4481511510925</coordinates>
                      </LinearRing>
                    </outerBoundaryIs>
                  </Polygon>
                  <Polygon>
                    <altitudeMode>absolute</altitudeMode>
                    <outerBoundaryIs>
                      <LinearRing>
                        <coordinates>-96.75899607628423,32.71842401543012,165.4481511510925 -96.75899607628423,32.71842401543012,170.3181511510925 -96.75897457751377,32.71806391428686,170.3181511510925 -96.75897457751377,32.71806391428686,165.4481511510925</coordinates>
                      </LinearRing>
                    </outerBoundaryIs>
                  </Polygon>
                </MultiGeometry>
              </Placemark>
            </Folder>
          </Folder>
          <Folder>
            <name>E155: uss1_dss astm.f3548.v21.dss.queryOperationalIntentReferences</name>
            <Placemark>
              <name>area_of_interest</name>
              <styleUrl>#QueryArea</styleUrl>
              <description><![CDATA[<ul><li>uss2's Accepted fc2e1276-73c0-4350-9813-5a6dc33276b7[1]</li></ul>]]></description>
              <TimeSpan>
                <begin>2026-09-01T16:12:40.676489+00:00</begin>
                <end>2026-09-01T16:57:41.676489+00:00</end>
              </TimeSpan>
              <MultiGeometry>
                <Polygon>
                  <altitudeMode>absolute</altitudeMode>
                  <outerBoundaryIs>
                    <LinearRing>
                      <coordinates>-96.75899607628425,32.71806391428686,165.44790564880842 -96.75899607628425,32.718424015430124,165.44790564880842 -96.75836638827326,32.718424015430124,165.44790564880842 -96.75836638827326,32.71806391428686,165.44790564880842</coordinates>
                    </LinearRing>
                  </outerBoundaryIs>
                </Polygon>
                <Polygon>
                  <altitudeMode>absolute</altitudeMode>
                  <outerBoundaryIs>
                    <LinearRing>
                      <coordinates>-96.75899607628425,32.71806391428686,170.31790564880842 -96.75899607628425,32.718424015430124,170.31790564880842 -96.75836638827326,32.718424015430124,170.31790564880842 -96.75836638827326,32.71806391428686,170.31790564880842</coordinates>
                    </LinearRing>
                  </outerBoundaryIs>
                </Polygon>
                <Polygon>
                  <altitudeMode>absolute</altitudeMode>
                  <outerBoundaryIs>
                    <LinearRing>
                      <coordinates>-96.75899607628425,32.71806391428686,165.44790564880842 -96.75899607628425,32.71806391428686,170.31790564880842 -96.75899607628425,32.718424015430124,170.31790564880842 -96.75899607628425,32.718424015430124,165.44790564880842</coordinates>
                    </LinearRing>
                  </outerBoundaryIs>
                </Polygon>
                <Polygon>
                  <altitudeMode>absolute</altitudeMode>
                  <outerBoundaryIs>
                    <LinearRing>
                      <coordinates>-96.75899607628425,32.718424015430124,165.44790564880842 -96.75899607628425,32.718424015430124,170.31790564880842 -96.75836638827326,32.718424015430124,170.31790564880842 -96.75836638827326,32.718424015430124,165.44790564880842</coordinates>
                    </LinearRing>
                  </outerBoundaryIs>
                </Polygon>
                <Polygon>
                  <altitudeMode>absolute</altitudeMode>
                  <outerBoundaryIs>
                    <LinearRing>
                      <coordinates>-96.75836638827326,32.718424015430124,165.44790564880842 -96.75836638827326,32.718424015430124,170.31790564880842 -96.75836638827326,32.71806391428686,170.31790564880842 -96.75836638827326,32.71806391428686,165.44790564880842</coordinates>
                    </LinearRing>
                  </outerBoundaryIs>
                </Polygon>
                <Polygon>
                  <altitudeMode>absolute</altitudeMode>
                  <outerBoundaryIs>
                    <LinearRing>
                      <coordinates>-96.75836638827326,32.71806391428686,165.44790564880842 -96.75836638827326,32.71806391428686,170.31790564880842 -96.75899607628425,32.71806391428686,170.31790564880842 -96.75899607628425,32.71806391428686,165.44790564880842</coordinates>
                    </LinearRing>
                  </outerBoundaryIs>
                </Polygon>
              </MultiGeometry>
            </Placemark>
          </Folder>
          <Folder>
            <name>E159: uss2_core astm.f3548.v21.uss.getOperationalIntentDetails</name>
            <Folder>
              <name>uss2's P0 Accepted fc2e1276-73c0-4350-9813-5a6dc33276b7[1] @ b5QgnvRZD.IkTUuGmKGFrmpHnnqxgNFGI0y9KZHyuZs_</name>
              <Placemark>
                <name>Nominal volume 0</name>
                <styleUrl>#F3548v21Accepted</styleUrl>
                <TimeSpan>
                  <begin>2026-09-01T16:12:41.700925+00:00</begin>
                  <end>2026-09-01T16:57:41.676489+00:00</end>
                </TimeSpan>
                <MultiGeometry>
                  <Polygon>
                    <altitudeMode>absolute</altitudeMode>
                    <outerBoundaryIs>
                      <LinearRing>
                        <coordinates>-96.75897457751377,32.71806391428686,165.4481511510925 -96.75836638827326,32.71838119962978,165.4481511510925 -96.75899607628423,32.71842401543012,165.4481511510925</coordinates>
                      </LinearRing>
                    </outerBoundaryIs>
                  </Polygon>
                  <Polygon>
                    <altitudeMode>absolute</altitudeMode>
                    <outerBoundaryIs>
                      <LinearRing>
                        <coordinates>-96.75897457751377,32.71806391428686,170.3181511510925 -96.75836638827326,32.71838119962978,170.3181511510925 -96.75899607628423,32.71842401543012,170.3181511510925</coordinates>
                      </LinearRing>
                    </outerBoundaryIs>
                  </Polygon>
                  <Polygon>
                    <altitudeMode>absolute</altitudeMode>
                    <outerBoundaryIs>
                      <LinearRing>
                        <coordinates>-96.75897457751377,32.71806391428686,165.4481511510925 -96.75897457751377,32.71806391428686,170.3181511510925 -96.75836638827326,32.71838119962978,170.3181511510925 -96.75836638827326,32.71838119962978,165.4481511510925</coordinates>
                      </LinearRing>
                    </outerBoundaryIs>
                  </Polygon>
                  <Polygon>
                    <altitudeMode>absolute</altitudeMode>
                    <outerBoundaryIs>
                      <LinearRing>
                        <coordinates>-96.75836638827326,32.71838119962978,165.4481511510925 -96.75836638827326,32.71838119962978,170.3181511510925 -96.75899607628423,32.71842401543012,170.3181511510925 -96.75899607628423,32.71842401543012,165.4481511510925</coordinates>
                      </LinearRing>
                    </outerBoundaryIs>
                  </Polygon>
                  <Polygon>
                    <altitudeMode>absolute</altitudeMode>
                    <outerBoundaryIs>
                      <LinearRing>
                        <coordinates>-96.75899607628423,32.71842401543012,165.4481511510925 -96.75899607628423,32.71842401543012,170.3181511510925 -96.75897457751377,32.71806391428686,170.3181511510925 -96.75897457751377,32.71806391428686,165.4481511510925</coordinates>
                      </LinearRing>
                    </outerBoundaryIs>
                  </Polygon>
                </MultiGeometry>
              </Placemark>
            </Folder>
          </Folder>
        </Folder>
        <Folder>
          <name>Declare Flight 2 non-conforming</name>
          <Folder>
            <name>E168: uss1_dss astm.f3548.v21.dss.queryOperationalIntentReferences</name>
            <Placemark>
              <name>area_of_interest</name>
              <styleUrl>#QueryArea</styleUrl>
              <description><![CDATA[<ul><li>uss1's Activated 4f9d97d4-0f5e-4657-91cb-ffac31c737df[3]</li><li>uss2's Accepted fc2e1276-73c0-4350-9813-5a6dc33276b7[1]</li></ul>]]></description>
              <TimeSpan>
                <begin>2026-09-01T16:12:40.832106+00:00</begin>
                <end>2026-09-01T16:57:41.832106+00:00</end>
              </TimeSpan>
              <MultiGeometry>
                <Polygon>
                  <altitudeMode>absolute</altitudeMode>
                  <outerBoundaryIs>
                    <LinearRing>
                      <coordinates>-96.75899607628425,32.717821632855895,120.43799022147256 -96.75899607628425,32.718424015430124,120.43799022147256 -96.75836638827326,32.718424015430124,120.43799022147256 -96.75836638827326,32.717821632855895,120.43799022147256</coordinates>
                    </LinearRing>
                  </outerBoundaryIs>
                </Polygon>
                <Polygon>
                  <altitudeMode>absolute</altitudeMode>
                  <outerBoundaryIs>
                    <LinearRing>
                      <coordinates>-96.75899607628425,32.717821632855895,170.31799022147257 -96.75899607628425,32.718424015430124,170.31799022147257 -96.75836638827326,32.718424015430124,170.31799022147257 -96.75836638827326,32.717821632855895,170.31799022147257</coordinates>
                    </LinearRing>
                  </outerBoundaryIs>
                </Polygon>
                <Polygon>
                  <altitudeMode>absolute</altitudeMode>
                  <outerBoundaryIs>
                    <LinearRing>
                      <coordinates>-96.75899607628425,32.717821632855895,120.43799022147256 -96.75899607628425,32.717821632855895,170.31799022147257 -96.75899607628425,32.718424015430124,170.31799022147257 -96.75899607628425,32.718424015430124,120.43799022147256</coordinates>
                    </LinearRing>
                  </outerBoundaryIs>
                </Polygon>
                <Polygon>
                  <altitudeMode>absolute</altitudeMode>
                  <outerBoundaryIs>
                    <LinearRing>
                      <coordinates>-96.75899607628425,32.718424015430124,120.43799022147256 -96.75899607628425,32.718424015430124,170.31799022147257 -96.75836638827326,32.718424015430124,170.31799022147257 -96.75836638827326,32.718424015430124,120.43799022147256</coordinates>
                    </LinearRing>
                  </outerBoundaryIs>
                </Polygon>
                <Polygon>
                  <altitudeMode>absolute</altitudeMode>
                  <outerBoundaryIs>
                    <LinearRing>
                      <coordinates>-96.75836638827326,32.718424015430124,120.43799022147256 -96.75836638827326,32.718424015430124,170.31799022147257 -96.75836638827326,32.717821632855895,170.31799022147257 -96.75836638827326,32.717821632855895,120.43799022147256</coordinates>
                    </LinearRing>
                  </outerBoundaryIs>
                </Polygon>
                <Polygon>
                  <altitudeMode>absolute</altitudeMode>
                  <outerBoundaryIs>
                    <LinearRing>
                      <coordinates>-96.75836638827326,32.717821632855895,120.43799022147256 -96.75836638827326,32.717821632855895,170.31799022147257 -96.75899607628425,32.717821632855895,170.31799022147257 -96.75899607628425,32.717821632855895,120.43799022147256</coordinates>
                    </LinearRing>
                  </outerBoundaryIs>
                </Polygon>
              </MultiGeometry>
            </Placemark>
          </Folder>
          <Folder>
            <name>E170: uss2_core interuss.automated_testing.flight_planning.v1.UpsertFlightPlan</name>
            <Folder>
              <name>Activity NotSupported, flight Planned</name>
              <Placemark>
                <name>Volume 0</name>
                <styleUrl>#InUse_OffNominal</styleUrl>
                <TimeSpan>
                  <begin>2026-09-01T16:12:40.832106+00:00</begin>
                  <end>2026-09-01T16:57:41.832106+00:00</end>
                </TimeSpan>
                <MultiGeometry>
                  <Polygon>
                    <altitudeMode>absolute</altitudeMode>
                    <outerBoundaryIs>
                      <LinearRing>
                        <coordinates>-96.75897457751377,32.71806391428686,120.43816635765769 -96.75846501195453,32.717821632855895,120.43816635765769 -96.75855731707719,32.71826205187991,120.43816635765769 -96.75899607628423,32.71842401543012,120.43816635765769</coordinates>
                      </LinearRing>
                    </outerBoundaryIs>
                  </Polygon>
                  <Polygon>
                    <altitudeMode>absolute</altitudeMode>
                    <outerBoundaryIs>
                      <LinearRing>
                        <coordinates>-96.75897457751377,32.71806391428686,148.3181663576577 -96.75846501195453,32.717821632855895,148.3181663576577 -96.75855731707719,32.71826205187991,148.3181663576577 -96.75899607628423,32.71842401543012,148.3181663576577</coordinates>
                      </LinearRing>
                    </outerBoundaryIs>
                  </Polygon>
                  <Polygon>
                    <altitudeMode>absolute</altitudeMode>
                    <outerBoundaryIs>
                      <LinearRing>
                        <coordinates>-96.75897457751377,32.71806391428686,120.43816635765769 -96.75897457751377,32.71806391428686,148.3181663576577 -96.75846501195453,32.717821632855895,148.3181663576577 -96.75846501195453,32.717821632855895,120.43816635765769</coordinates>
                      </LinearRing>
                    </outerBoundaryIs>
                  </Polygon>
                  <Polygon>
                    <altitudeMode>absolute</altitudeMode>
                    <outerBoundaryIs>
                      <LinearRing>
                        <coordinates>-96.75846501195453,32.717821632855895,120.43816635765769 -96.75846501195453,32.717821632855895,148.3181663576577 -96.75855731707719,32.71826205187991,148.3181663576577 -96.75855731707719,32.71826205187991,120.43816635765769</coordinates>
                      </LinearRing>
                    </outerBoundaryIs>
                  </Polygon>
                  <Polygon>
                    <altitudeMode>absolute</altitudeMode>
                    <outerBoundaryIs>
                      <LinearRing>
                        <coordinates>-96.75855731707719,32.71826205187991,120.43816635765769 -96.75855731707719,32.71826205187991,148.3181663576577 -96.75899607628423,32.71842401543012,148.3181663576577 -96.75899607628423,32.71842401543012,120.43816635765769</coordinates>
                      </LinearRing>
                    </outerBoundaryIs>
                  </Polygon>
                  <Polygon>
                    <altitudeMode>absolute</altitudeMode>
                    <outerBoundaryIs>
                      <LinearRing>
                        <coordinates>-96.75899607628423,32.71842401543012,120.43816635765769 -96.75899607628423,32.71842401543012,148.3181663576577 -96.75897457751377,32.71806391428686,148.3181663576577 -96.75897457751377,32.71806391428686,120.43816635765769</coordinates>
                      </LinearRing>
                    </outerBoundaryIs>
                  </Polygon>
                </MultiGeometry>
              </Placemark>
            </Folder>
          </Folder>
        </Folder>
      </Folder>
      <Folder>
        <name/>
        <Folder>
          <name>Cleanup</name>
        </Folder>
      </Folder>
    </Folder>
  </Document>
</kml>
