<kml xmlns="http://www.opengis.net/kml/2.2" xmlns:atom="http://www.w3.org/2005/Atom" xmlns:gx="http://www.google.com/kml/ext/2.2">
  <Document>
    <Style id="QueryArea">
      <LineStyle>
        <color>ffc0c000</color>
        <width>3</width>
      </LineStyle>
      <PolyStyle>
        <color>80ffffaa</color>
      </PolyStyle>
    </Style>
    <Style id="F3548v21Accepted">
      <LineStyle>
        <color>ff00c000</color>
        <width>3</width>
      </LineStyle>
      <PolyStyle>
        <color>80c0c0c0</color>
      </PolyStyle>
    </Style>
    <Style id="F3548v21Activated">
      <LineStyle>
        <color>ff00c000</color>
        <width>3</width>
      </LineStyle>
      <PolyStyle>
        <color>8000ff00</color>
      </PolyStyle>
    </Style>
    <Style id="F3548v21Nonconforming">
      <LineStyle>
        <color>ff00ffff</color>
        <width>5</width>
      </LineStyle>
      <PolyStyle>
        <color>8000ffff</color>
      </PolyStyle>
    </Style>
    <Style id="F3548v21Contingent">
      <LineStyle>
        <color>ff0000ff</color>
        <width>5</width>
      </LineStyle>
      <PolyStyle>
        <color>80ff0000ff</color>
      </PolyStyle>
    </Style>
    <Style id="F3548v21AcceptedFuture">
      <LineStyle>
        <color>80c0c0c0</color>
        <width>1</width>
      </LineStyle>
      <PolyStyle>
        <color>00000000</color>
      </PolyStyle>
    </Style>
    <Style id="F3548v21ActivatedFuture">
      <LineStyle>
        <color>8040c040</color>
        <width>1</width>
      </LineStyle>
      <PolyStyle>
        <color>00000000</color>
      </PolyStyle>
    </Style>
    <Style id="F3548v21NonconformingFuture">
      <LineStyle>
        <color>8000ffff</color>
        <width>1</width>
      </LineStyle>
      <PolyStyle>
        <color>00000000</color>
      </PolyStyle>
    </Style>
    <Style id="F3548v21ContingentFuture">
      <LineStyle>
        <color>80ff0000ff</color>
        <width>1</width>
      </LineStyle>
      <PolyStyle>
        <color>00000000</color>
      </PolyStyle>
    </Style>
    <Style id="Planned_Nominal">
      <LineStyle>
        <color>ff00c000</color>
        <width>3</width>
      </LineStyle>
      <PolyStyle>
        <color>80808080</color>
      </PolyStyle>
    </Style>
    <Style id="InUse_Nominal">
      <LineStyle>
        <color>ff00c000</color>
        <width>3</width>
      </LineStyle>
      <PolyStyle>
        <color>8000ff00</color>
      </PolyStyle>
    </Style>
    <Style id="InUse_OffNominal">
      <LineStyle>
        <color>ff00ffff</color>
        <width>5</width>
      </LineStyle>
      <PolyStyle>
        <color>8000ff00</color>
      </PolyStyle>
    </Style>
    <Style id="InUse_Contingent">
      <LineStyle>
        <color>ff0000ff</color>
        <width>5</width>
      </LineStyle>
      <PolyStyle>
        <color>8000ff00</color>
      </PolyStyle>
    </Style>
    <Style id="unmodifiedtelemetry">
      <IconStyle>
        <scale>1.4</scale>
        <Icon>
          <href>http://maps.google.com/mapfiles/kml/shapes/placemark_circle.png</href>
        </Icon>
      </IconStyle>
    </Style>
    <Style id="modifiedtelemetry">
      <IconStyle>
        <scale>1.4</scale>
        <Icon>
          <href>http://maps.google.com/mapfiles/kml/shapes/placemark_square.png</href>
        </Icon>
      </IconStyle>
    </Style>
    <Style id="aircraft">
      <IconStyle>
        <scale>1.4</scale>
        <Icon>
          <href>http://maps.google.com/mapfiles/kml/shapes/airports.png</href>
        </Icon>
      </IconStyle>
    </Style>
    <Folder>
      <name>ASTM NetRID Service Provider operator notification on missing fields</name>
      <Folder>
        <name>Missing fields flight</name>
        <Folder>
          <name>Retrieve pre-existing operator notification</name>
        </Folder>
        <Folder>
          <name>Injection</name>
          <Folder>
            <name>E4: uss1 interuss.automated_testing.rid.v1.injection.createTest</name>
            <Folder>
              <name>Test flight d8bd0481-2a1d-4317-bc6c-1cbe7a5c6c1d</name>
              <Placemark>
                <name>Telemetry 0</name>
                <styleUrl>#modifiedtelemetry</styleUrl>
                <TimeSpan>
                  <begin>2026-09-01T16:13:53.482024+00:00</begin>
                  <end>2026-09-01T16:13:54.482024+00:00</end>
                </TimeSpan>
                <Point>
                  <coordinates>-80.57798081614081,37.197059404721635,0</coordinates>
                </Point>
              </Placemark>
              <Placemark>
                <name>Telemetry 1</name>
                <styleUrl>#modifiedtelemetry</styleUrl>
                <TimeSpan>
                  <begin>2026-09-01T16:13:54.482024+00:00</begin>
                  <end>2026-09-01T16:13:55.482024+00:00</end>
                </TimeSpan>
                <Point>
                  <coordinates>-80.57798798375362,37.197016214133484,0</coordinates>
                </Point>
              </Placemark>
              <Placemark>
                <name>Telemetry 2</name>
                <styleUrl>#modifiedtelemetry</styleUrl>
                <TimeSpan>
                  <begin>2026-09-01T16:13:55.482024+00:00</begin>
                  <end>2026-09-01T16:13:56.482024+00:00</end>
                </TimeSpan>
                <Point>
                  <coordinates>-80.57800212690604,37.196972734164305,0</coordinates>
                </Point>
              </Placemark>
              <Placemark>
                <name>Telemetry 3</name>
                <styleUrl>#modifiedtelemetry</styleUrl>
                <TimeSpan>
                  <begin>2026-09-01T16:13:56.482024+00:00</begin>
                  <end>2026-09-01T16:13:57.482024+00:00</end>
                </TimeSpan>
                <Point>
                  <coordinates>-80.57802342452034,37.196931703788785,0</coordinates>
                </Point>
              </Placemark>
              <Placemark>
                <name>Telemetry 4</name>
                <styleUrl>#modifiedtelemetry</styleUrl>
                <TimeSpan>
                  <begin>2026-09-01T16:13:57.482024+00:00</begin>
                  <end>2026-09-01T16:13:58.482024+00:00</end>
                </TimeSpan>
                <Point>
                  <coordinates>-80.57805344862881,37.19689368575391,0</coordinates>
                </Point>
              </Placemark>
              <Placemark>
                <name>Telemetry 5</name>
                <styleUrl>#modifiedtelemetry</styleUrl>
                <TimeSpan>
                  <begin>2026-09-01T16:13:58.482024+00:00</begin>
                  <end>2026-09-01T16:13:59.482024+00:00</end>
                </TimeSpan>
                <Point>
                  <coordinates>-80.57808720822365,37.19685213076737,0</coordinates>
                </Point>
              </Placemark>
              <Placemark>
                <name>Telemetry 6</name>
                <styleUrl>#modifiedtelemetry</styleUrl>
                <TimeSpan>
                  <begin>2026-09-01T16:13:59.482024+00:00</begin>
                  <end>2026-09-01T16:14:00.482024+00:00</end>
                </TimeSpan>
                <Point>
                  <coordinates>-80.57811722777369,37.19680923519623,0</coordinates>
                </Point>
              </Placemark>
              <Placemark>
                <name>Telemetry 7</name>
                <styleUrl>#modifiedtelemetry</styleUrl>
                <TimeSpan>
                  <begin>2026-09-01T16:14:00.482024+00:00</begin>
                  <end>2026-09-01T16:14:01.482024+00:00</end>
                </TimeSpan>
                <Point>
                  <coordinates>-80.5781323958596,37.1967658046547,0</coordinates>
                </Point>
              </Placemark>
              <Placemark>
                <name>Telemetry 8</name>
                <styleUrl>#modifiedtelemetry</styleUrl>
                <TimeSpan>
                  <begin>2026-09-01T16:14:01.482024+00:00</begin>
                  <end>2026-09-01T16:14:02.482024+00:00</end>
                </TimeSpan>
                <Point>
                  <coordinates>-80.57814392771789,37.19670166260832,0</coordinates>
                </Point>
              </Placemark>
              <Placemark>
                <name>Telemetry 9</name>
                <styleUrl>#modifiedtelemetry</styleUrl>
                <TimeSpan>
                  <begin>2026-09-01T16:14:02.482024+00:00</begin>
                  <end>2026-09-01T16:14:03.482024+00:00</end>
                </TimeSpan>
                <Point>
                  <coordinates>-80.57812974002694,37.19663489860375,0</coordinates>
                </Point>
              </Placemark>
              <Placemark>
                <name>Telemetry 10</name>
                <styleUrl>#modifiedtelemetry</styleUrl>
                <TimeSpan>
                  <begin>2026-09-01T16:14:03.482024+00:00</begin>
                  <end>2026-09-01T16:14:04.482024+00:00</end>
                </TimeSpan>
                <Point>
                  <coordinates>-80.57808680009781,37.19657292090538,0</coordinates>
                </Point>
              </Placemark>
              <Placemark>
                <name>Telemetry 11</name>
                <styleUrl>#modifiedtelemetry</styleUrl>
                <TimeSpan>
                  <begin>2026-09-01T16:14:04.482024+00:00</begin>
                  <end>2026-09-01T16:14:05.482024+00:00</end>
                </TimeSpan>
                <Point>
                  <coordinates>-80.57801685035301,37.19652877181478,0</coordinates>
                </Point>
              </Placemark>
              <Placemark>
                <name>Telemetry 12</name>
                <styleUrl>#modifiedtelemetry</styleUrl>
                <TimeSpan>
                  <begin>2026-09-01T16:14:05.482024+00:00</begin>
                  <end>2026-09-01T16:14:06.482024+00:00</end>
                </TimeSpan>
                <Point>
                  <coordinates>-80.57795541973255,37.19650790849303,0</coordinates>
                </Point>
              </Placemark>
              <Placemark>
                <name>Telemetry 13</name>
                <styleUrl>#modifiedtelemetry</styleUrl>
                <TimeSpan>
                  <begin>2026-09-01T16:14:06.482024+00:00</begin>
                  <end>2026-09-01T16:14:07.482024+00:00</end>
                </TimeSpan>
                <Point>
                  <coordinates>-80.57779490248247,37.19643592110631,0</coordinates>
                </Point>
              </Placemark>
              <Placemark>
                <name>Telemetry 14</name>
                <styleUrl>#modifiedtelemetry</styleUrl>
                <TimeSpan>
                  <begin>2026-09-01T16:14:07.482024+00:00</begin>
                  <end>2026-09-01T16:14:08.482024+00:00</end>
                </TimeSpan>
                <Point>
                  <coordinates>-80.57771381708879,37.19639543761661,0</coordinates>
                </Point>
              </Placemark>
              <Placemark>
                <name>Telemetry 15</name>
                <styleUrl>#modifiedtelemetry</styleUrl>
                <TimeSpan>
                  <begin>2026-09-01T16:14:08.482024+00:00</begin>
                  <end>2026-09-01T16:14:09.482024+00:00</end>
                </TimeSpan>
                <Point>
                  <coordinates>-80.5776456115435,37.19635960981006,0</coordinates>
                </Point>
              </Placemark>
              <Placemark>
                <name>Telemetry 16</name>
                <styleUrl>#modifiedtelemetry</styleUrl>
                <TimeSpan>
                  <begin>2026-09-01T16:14:09.482024+00:00</begin>
                  <end>2026-09-01T16:14:10.482024+00:00</end>
                </TimeSpan>
                <Point>
                  <coordinates>-80.57757190904874,37.19632841915715,0</coordinates>
                </Point>
              </Placemark>
              <Placemark>
                <name>Telemetry 17</name>
                <styleUrl>#modifiedtelemetry</styleUrl>
                <TimeSpan>
                  <begin>2026-09-01T16:14:10.482024+00:00</begin>
                  <end>2026-09-01T16:14:11.482024+00:00</end>
                </TimeSpan>
                <Point>
                  <coordinates>-80.57751114071674,37.19631735230622,0</coordinates>
                </Point>
              </Placemark>
              <Placemark>
                <name>Telemetry 18</name>
                <styleUrl>#modifiedtelemetry</styleUrl>
                <TimeSpan>
                  <begin>2026-09-01T16:14:11.482024+00:00</begin>
                  <end>2026-09-01T16:14:12.482024+00:00</end>
                </TimeSpan>
                <Point>
                  <coordinates>-80.57742677046657,37.19631370494702,0</coordinates>
                </Point>
              </Placemark>
              <Placemark>
                <name>Telemetry 19</name>
                <styleUrl>#modifiedtelemetry</styleUrl>
                <TimeSpan>
                  <begin>2026-09-01T16:14:12.482024+00:00</begin>
                  <end>2026-09-01T16:14:13.482024+00:00</end>
                </TimeSpan>
                <Point>
                  <coordinates>-80.5773706,37.1963054,0</coordinates>
                </Point>
              </Placemark>
              <Placemark>
                <name>Telemetry 20</name>
                <styleUrl>#modifiedtelemetry</styleUrl>
                <TimeSpan>
                  <begin>2026-09-01T16:14:13.482024+00:00</begin>
                  <end>2026-09-01T16:14:14.482024+00:00</end>
                </TimeSpan>
                <Point>
                  <coordinates>-80.5771453,37.1963577,0</coordinates>
                </Point>
              </Placemark>
              <Placemark>
                <name>Telemetry 21</name>
                <styleUrl>#modifiedtelemetry</styleUrl>
                <TimeSpan>
                  <begin>2026-09-01T16:14:14.482024+00:00</begin>
                  <end>2026-09-01T16:14:15.482024+00:00</end>
                </TimeSpan>
                <Point>
                  <coordinates>-80.5771265,37.1965735,0</coordinates>
                </Point>
              </Placemark>
              <Placemark>
                <name>Telemetry 22</name>
                <styleUrl>#modifiedtelemetry</styleUrl>
                <TimeSpan>
                  <begin>2026-09-01T16:14:15.482024+00:00</begin>
                  <end>2026-09-01T16:14:16.482024+00:00</end>
                </TimeSpan>
                <Point>
                  <coordinates>-80.57744590087025,37.19665029738701,0</coordinates>
                </Point>
              </Placemark>
              <Placemark>
                <name>Telemetry 23</name>
                <styleUrl>#modifiedtelemetry</styleUrl>
                <TimeSpan>
                  <begin>2026-09-01T16:14:16.482024+00:00</begin>
                  <end>2026-09-01T16:14:17.482024+00:00</end>
                </TimeSpan>
                <Point>
                  <coordinates>-80.5776442,37.1966013,0</coordinates>
                </Point>
              </Placemark>
              <Placemark>
                <name>Telemetry 24</name>
                <styleUrl>#modifiedtelemetry</styleUrl>
                <TimeSpan>
                  <begin>2026-09-01T16:14:17.482024+00:00</begin>
                  <end>2026-09-01T16:14:18.482024+00:00</end>
                </TimeSpan>
                <Point>
                  <coordinates>-80.57776806176655,37.1964375298218,0</coordinates>
                </Point>
              </Placemark>
              <Placemark>
                <name>Telemetry 25</name>
                <styleUrl>#modifiedtelemetry</styleUrl>
                <TimeSpan>
                  <begin>2026-09-01T16:14:18.482024+00:00</begin>
                  <end>2026-09-01T16:14:19.482024+00:00</end>
                </TimeSpan>
                <Point>
                  <coordinates>-80.57784172323511,37.1962376762061,0</coordinates>
                </Point>
              </Placemark>
              <Placemark>
                <name>Telemetry 26</name>
                <styleUrl>#modifiedtelemetry</styleUrl>
                <TimeSpan>
                  <begin>2026-09-01T16:14:19.482024+00:00</begin>
                  <end>2026-09-01T16:14:20.482024+00:00</end>
                </TimeSpan>
                <Point>
                  <coordinates>-80.5777311,37.1960563,0</coordinates>
                </Point>
              </Placemark>
              <Placemark>
                <name>Telemetry 27</name>
                <styleUrl>#modifiedtelemetry</styleUrl>
                <TimeSpan>
                  <begin>2026-09-01T16:14:20.482024+00:00</begin>
                  <end>2026-09-01T16:14:21.482024+00:00</end>
                </TimeSpan>
                <Point>
                  <coordinates>-80.57739321491916,37.19605837098315,0</coordinates>
                </Point>
              </Placemark>
              <Placemark>
                <name>Telemetry 28</name>
                <styleUrl>#modifiedtelemetry</styleUrl>
                <TimeSpan>
                  <begin>2026-09-01T16:14:21.482024+00:00</begin>
                  <end>2026-09-01T16:14:22.482024+00:00</end>
                </TimeSpan>
                <Point>
                  <coordinates>-80.5771357,37.1961151,0</coordinates>
                </Point>
              </Placemark>
              <Placemark>
                <name>Telemetry 29</name>
                <styleUrl>#modifiedtelemetry</styleUrl>
                <TimeSpan>
                  <begin>2026-09-01T16:14:22.482024+00:00</begin>
                  <end>2026-09-01T16:14:23.482024+00:00</end>
                </TimeSpan>
                <Point>
                  <coordinates>-80.5769627,37.1962283,0</coordinates>
                </Point>
              </Placemark>
              <Placemark>
                <name>Telemetry 30</name>
                <styleUrl>#modifiedtelemetry</styleUrl>
                <TimeSpan>
                  <begin>2026-09-01T16:14:23.482024+00:00</begin>
                  <end>2026-09-01T16:14:24.482024+00:00</end>
                </TimeSpan>
                <Point>
                  <coordinates>-80.5769184,37.1963885,0</coordinates>
                </Point>
              </Placemark>
              <Placemark>
                <name>Telemetry 31</name>
                <styleUrl>#modifiedtelemetry</styleUrl>
                <TimeSpan>
                  <begin>2026-09-01T16:14:24.482024+00:00</begin>
                  <end>2026-09-01T16:14:25.482024+00:00</end>
                </TimeSpan>
                <Point>
                  <coordinates>-80.5767347,37.1964356,0</coordinates>
                </Point>
              </Placemark>
              <Placemark>
                <name>Telemetry 32</name>
                <styleUrl>#modifiedtelemetry</styleUrl>
                <TimeSpan>
                  <begin>2026-09-01T16:14:25.482024+00:00</begin>
                  <end>2026-09-01T16:14:26.482024+00:00</end>
                </TimeSpan>
                <Point>
                  <coordinates>-80.5766366,37.1963538,0</coordinates>
                </Point>
              </Placemark>
              <Placemark>
                <name>Telemetry 33</name>
                <styleUrl>#modifiedtelemetry</styleUrl>
                <TimeSpan>
                  <begin>2026-09-01T16:14:26.482024+00:00</begin>
                  <end>2026-09-01T16:14:27.482024+00:00</end>
                </TimeSpan>
                <Point>
                  <coordinates>-80.5766634,37.1962096,0</coordinates>
                </Point>
              </Placemark>
              <Placemark>
                <name>Telemetry 34</name>
                <styleUrl>#modifiedtelemetry</styleUrl>
                <TimeSpan>
                  <begin>2026-09-01T16:14:27.482024+00:00</begin>
                  <end>2026-09-01T16:14:28.482024+00:00</end>
                </TimeSpan>
                <Point>
                  <coordinates>-80.5767707,37.1961284,0</coordinates>
                </Point>
              </Placemark>
              <Placemark>
                <name>Telemetry 35</name>
                <styleUrl>#modifiedtelemetry</styleUrl>
                <TimeSpan>
                  <begin>2026-09-01T16:14:28.482024+00:00</begin>
                  <end>2026-09-01T16:14:29.482024+00:00</end>
                </TimeSpan>
                <Point>
                  <coordinates>-80.5768887,37.1960493,0</coordinates>
                </Point>
              </Placemark>
              <Placemark>
                <name>Telemetry 36</name>
                <styleUrl>#modifiedtelemetry</styleUrl>
                <TimeSpan>
                  <begin>2026-09-01T16:14:29.482024+00:00</begin>
                  <end>2026-09-01T16:14:30.482024+00:00</end>
                </TimeSpan>
                <Point>
                  <coordinates>-80.5770684,37.1959745,0</coordinates>
                </Point>
              </Placemark>
              <Placemark>
                <name>Telemetry 37</name>
                <styleUrl>#modifiedtelemetry</styleUrl>
                <TimeSpan>
                  <begin>2026-09-01T16:14:30.482024+00:00</begin>
                  <end>2026-09-01T16:14:31.482024+00:00</end>
                </TimeSpan>
                <Point>
                  <coordinates>-80.5771757,37.19596070000001,0</coordinates>
                </Point>
              </Placemark>
              <Placemark>
                <name>Telemetry 38</name>
                <styleUrl>#modifiedtelemetry</styleUrl>
                <TimeSpan>
                  <begin>2026-09-01T16:14:31.482024+00:00</begin>
                  <end>2026-09-01T16:14:32.482024+00:00</end>
                </TimeSpan>
                <Point>
                  <coordinates>-80.5772937,37.19598200000001,0</coordinates>
                </Point>
              </Placemark>
              <Placemark>
                <name>Telemetry 39</name>
                <styleUrl>#modifiedtelemetry</styleUrl>
                <TimeSpan>
                  <begin>2026-09-01T16:14:32.482024+00:00</begin>
                  <end>2026-09-01T16:14:33.482024+00:00</end>
                </TimeSpan>
                <Point>
                  <coordinates>-80.5773326,37.1960942,0</coordinates>
                </Point>
              </Placemark>
              <Placemark>
                <name>Telemetry 40</name>
                <styleUrl>#modifiedtelemetry</styleUrl>
                <TimeSpan>
                  <begin>2026-09-01T16:14:33.482024+00:00</begin>
                  <end>2026-09-01T16:14:34.482024+00:00</end>
                </TimeSpan>
                <Point>
                  <coordinates>-80.577283,37.19619780000001,0</coordinates>
                </Point>
              </Placemark>
              <Placemark>
                <name>Telemetry 41</name>
                <styleUrl>#modifiedtelemetry</styleUrl>
                <TimeSpan>
                  <begin>2026-09-01T16:14:34.482024+00:00</begin>
                  <end>2026-09-01T16:14:35.482024+00:00</end>
                </TimeSpan>
                <Point>
                  <coordinates>-80.5772602,37.1963495,0</coordinates>
                </Point>
              </Placemark>
              <Placemark>
                <name>Telemetry 42</name>
                <styleUrl>#modifiedtelemetry</styleUrl>
                <TimeSpan>
                  <begin>2026-09-01T16:14:35.482024+00:00</begin>
                  <end>2026-09-01T16:14:36.482024+00:00</end>
                </TimeSpan>
                <Point>
                  <coordinates>-80.5772817,37.1964692,0</coordinates>
                </Point>
              </Placemark>
              <Placemark>
                <name>Telemetry 43</name>
                <styleUrl>#modifiedtelemetry</styleUrl>
                <TimeSpan>
                  <begin>2026-09-01T16:14:36.482024+00:00</begin>
                  <end>2026-09-01T16:14:37.482024+00:00</end>
                </TimeSpan>
                <Point>
                  <coordinates>-80.5773863,37.1965546,0</coordinates>
                </Point>
              </Placemark>
              <Placemark>
                <name>Telemetry 44</name>
                <styleUrl>#modifiedtelemetry</styleUrl>
                <TimeSpan>
                  <begin>2026-09-01T16:14:37.482024+00:00</begin>
                  <end>2026-09-01T16:14:38.482024+00:00</end>
                </TimeSpan>
                <Point>
                  <coordinates>-80.5775406,37.1965589,0</coordinates>
                </Point>
              </Placemark>
              <Placemark>
                <name>Telemetry 45</name>
                <styleUrl>#modifiedtelemetry</styleUrl>
                <TimeSpan>
                  <begin>2026-09-01T16:14:38.482024+00:00</begin>
                  <end>2026-09-01T16:14:39.482024+00:00</end>
                </TimeSpan>
                <Point>
                  <coordinates>-80.57763850000002,37.1965782,0</coordinates>
                </Point>
              </Placemark>
              <Placemark>
                <name>Telemetry 46</name>
                <styleUrl>#modifiedtelemetry</styleUrl>
                <TimeSpan>
                  <begin>2026-09-01T16:14:39.482024+00:00</begin>
                  <end>2026-09-01T16:14:40.482024+00:00</end>
                </TimeSpan>
                <Point>
                  <coordinates>-80.57763850000002,37.1966679,0</coordinates>
                </Point>
              </Placemark>
              <Placemark>
                <name>Telemetry 47</name>
                <styleUrl>#modifiedtelemetry</styleUrl>
                <TimeSpan>
                  <begin>2026-09-01T16:14:40.482024+00:00</begin>
                  <end>2026-09-01T16:14:41.482024+00:00</end>
                </TimeSpan>
                <Point>
                  <coordinates>-80.5775473,37.1967074,0</coordinates>
                </Point>
              </Placemark>
              <Placemark>
                <name>Telemetry 48</name>
                <styleUrl>#modifiedtelemetry</styleUrl>
                <TimeSpan>
                  <begin>2026-09-01T16:14:41.482024+00:00</begin>
                  <end>2026-09-01T16:14:42.482024+00:00</end>
                </TimeSpan>
                <Point>
                  <coordinates>-80.5773823,37.1966967,0</coordinates>
                </Point>
              </Placemark>
              <Placemark>
                <name>Telemetry 49</name>
                <styleUrl>#modifiedtelemetry</styleUrl>
                <TimeSpan>
                  <begin>2026-09-01T16:14:42.482024+00:00</begin>
                  <end>2026-09-01T16:14:43.482024+00:00</end>
                </TimeSpan>
                <Point>
                  <coordinates>-80.5773421,37.1966241,0</coordinates>
                </Point>
              </Placemark>
              <Placemark>
                <name>Telemetry 50</name>
                <styleUrl>#modifiedtelemetry</styleUrl>
                <TimeSpan>
                  <begin>2026-09-01T16:14:43.482024+00:00</begin>
                  <end>2026-09-01T16:14:44.482024+00:00</end>
                </TimeSpan>
                <Point>
                  <coordinates>-80.5773005,37.196528,0</coordinates>
                </Point>
              </Placemark>
              <Placemark>
                <name>Telemetry 51</name>
                <styleUrl>#modifiedtelemetry</styleUrl>
                <TimeSpan>
                  <begin>2026-09-01T16:14:44.482024+00:00</begin>
                  <end>2026-09-01T16:14:45.482024+00:00</end>
                </TimeSpan>
                <Point>
                  <coordinates>-80.5771557,37.1965055,0</coordinates>
                </Point>
              </Placemark>
              <Placemark>
                <name>Telemetry 52</name>
                <styleUrl>#modifiedtelemetry</styleUrl>
                <TimeSpan>
                  <begin>2026-09-01T16:14:45.482024+00:00</begin>
                  <end>2026-09-01T16:14:46.482024+00:00</end>
                </TimeSpan>
                <Point>
                  <coordinates>-80.5770457,37.19654400000001,0</coordinates>
                </Point>
              </Placemark>
              <Placemark>
                <name>Telemetry 53</name>
                <styleUrl>#modifiedtelemetry</styleUrl>
                <TimeSpan>
                  <begin>2026-09-01T16:14:46.482024+00:00</begin>
                  <end>2026-09-01T16:14:47.482024+00:00</end>
                </TimeSpan>
                <Point>
                  <coordinates>-80.5768834,37.19654500000001,0</coordinates>
                </Point>
              </Placemark>
              <Placemark>
                <name>Telemetry 54</name>
                <styleUrl>#modifiedtelemetry</styleUrl>
                <TimeSpan>
                  <begin>2026-09-01T16:14:47.482024+00:00</begin>
                  <end>2026-09-01T16:14:48.482024+00:00</end>
                </TimeSpan>
                <Point>
                  <coordinates>-80.5767869,37.1964831,0</coordinates>
                </Point>
              </Placemark>
              <Placemark>
                <name>Telemetry 55</name>
                <styleUrl>#modifiedtelemetry</styleUrl>
                <TimeSpan>
                  <begin>2026-09-01T16:14:48.482024+00:00</begin>
                  <end>2026-09-01T16:14:49.482024+00:00</end>
                </TimeSpan>
                <Point>
                  <coordinates>-80.5767547,37.1964083,0</coordinates>
                </Point>
              </Placemark>
              <Placemark>
                <name>Telemetry 56</name>
                <styleUrl>#modifiedtelemetry</styleUrl>
                <TimeSpan>
                  <begin>2026-09-01T16:14:49.482024+00:00</begin>
                  <end>2026-09-01T16:14:50.482024+00:00</end>
                </TimeSpan>
                <Point>
                  <coordinates>-80.5767587,37.1963228,0</coordinates>
                </Point>
              </Placemark>
              <Placemark>
                <name>Telemetry 57</name>
                <styleUrl>#modifiedtelemetry</styleUrl>
                <TimeSpan>
                  <begin>2026-09-01T16:14:50.482024+00:00</begin>
                  <end>2026-09-01T16:14:51.482024+00:00</end>
                </TimeSpan>
                <Point>
                  <coordinates>-80.5767587,37.1961893,0</coordinates>
                </Point>
              </Placemark>
              <Placemark>
                <name>Telemetry 58</name>
                <styleUrl>#modifiedtelemetry</styleUrl>
                <TimeSpan>
                  <begin>2026-09-01T16:14:51.482024+00:00</begin>
                  <end>2026-09-01T16:14:52.482024+00:00</end>
                </TimeSpan>
                <Point>
                  <coordinates>-80.5766836,37.1961348,0</coordinates>
                </Point>
              </Placemark>
              <Placemark>
                <name>Telemetry 59</name>
                <styleUrl>#modifiedtelemetry</styleUrl>
                <TimeSpan>
                  <begin>2026-09-01T16:14:52.482024+00:00</begin>
                  <end>2026-09-01T16:14:53.482024+00:00</end>
                </TimeSpan>
                <Point>
                  <coordinates>-80.5766836,37.1960205,0</coordinates>
                </Point>
              </Placemark>
              <Placemark>
                <name>Telemetry 60</name>
                <styleUrl>#modifiedtelemetry</styleUrl>
                <TimeSpan>
                  <begin>2026-09-01T16:14:53.482024+00:00</begin>
                  <end>2026-09-01T16:14:54.482024+00:00</end>
                </TimeSpan>
                <Point>
                  <coordinates>-80.5767896,37.1960077,0</coordinates>
                </Point>
              </Placemark>
              <Placemark>
                <name>Telemetry 61</name>
                <styleUrl>#modifiedtelemetry</styleUrl>
                <TimeSpan>
                  <begin>2026-09-01T16:14:54.482024+00:00</begin>
                  <end>2026-09-01T16:14:55.482024+00:00</end>
                </TimeSpan>
                <Point>
                  <coordinates>-80.5769277,37.1959671,0</coordinates>
                </Point>
              </Placemark>
              <Placemark>
                <name>Telemetry 62</name>
                <styleUrl>#modifiedtelemetry</styleUrl>
                <TimeSpan>
                  <begin>2026-09-01T16:14:55.482024+00:00</begin>
                  <end>2026-09-01T16:14:56.482024+00:00</end>
                </TimeSpan>
                <Point>
                  <coordinates>-80.5770806,37.1959051,0</coordinates>
                </Point>
              </Placemark>
              <Placemark>
                <name>Telemetry 63</name>
                <styleUrl>#modifiedtelemetry</styleUrl>
                <TimeSpan>
                  <begin>2026-09-01T16:14:56.482024+00:00</begin>
                  <end>2026-09-01T16:14:57.482024+00:00</end>
                </TimeSpan>
                <Point>
                  <coordinates>-80.5771999,37.195896600000005,0</coordinates>
                </Point>
              </Placemark>
            </Folder>
          </Folder>
        </Folder>
        <Folder>
          <name>Service Provider polling</name>
        </Folder>
        <Folder>
          <name>Service Provider polling</name>
        </Folder>
        <Folder>
          <name>Service Provider polling</name>
        </Folder>
        <Folder>
          <name>Service Provider polling</name>
        </Folder>
        <Folder>
          <name>Service Provider polling</name>
        </Folder>
        <Folder>
          <name>Verify operator notification</name>
        </Folder>
        <Folder>
          <name>Intermediate cleanup</name>
        </Folder>
        <Folder>
          <name>Retrieve pre-existing operator notification</name>
        </Folder>
        <Folder>
          <name>Injection</name>
          <Folder>
            <name>E24: uss1 interuss.automated_testing.rid.v1.injection.createTest</name>
            <Folder>
              <name>Test flight 465b4e02-b303-4ccf-9c6d-69c559bb6527</name>
              <Placemark>
                <name>Telemetry 0</name>
                <styleUrl>#modifiedtelemetry</styleUrl>
                <TimeSpan>
                  <begin>2026-09-01T16:14:04.062119+00:00</begin>
                  <end>2026-09-01T16:14:05.062119+00:00</end>
                </TimeSpan>
                <Point>
                  <coordinates>-80.57798081614081,37.197059404721635,0</coordinates>
                </Point>
              </Placemark>
              <Placemark>
                <name>Telemetry 1</name>
                <styleUrl>#modifiedtelemetry</styleUrl>
                <TimeSpan>
                  <begin>2026-09-01T16:14:05.062119+00:00</begin>
                  <end>2026-09-01T16:14:06.062119+00:00</end>
                </TimeSpan>
                <Point>
                  <coordinates>-80.57798798375362,37.197016214133484,0</coordinates>
                </Point>
              </Placemark>
              <Placemark>
                <name>Telemetry 2</name>
                <styleUrl>#modifiedtelemetry</styleUrl>
                <TimeSpan>
                  <begin>2026-09-01T16:14:06.062119+00:00</begin>
                  <end>2026-09-01T16:14:07.062119+00:00</end>
                </TimeSpan>
                <Point>
                  <coordinates>-80.57800212690604,37.196972734164305,0</coordinates>
                </Point>
              </Placemark>
              <Placemark>
                <name>Telemetry 3</name>
                <styleUrl>#modifiedtelemetry</styleUrl>
                <TimeSpan>
                  <begin>2026-09-01T16:14:07.062119+00:00</begin>
                  <end>2026-09-01T16:14:08.062119+00:00</end>
                </TimeSpan>
                <Point>
                  <coordinates>-80.57802342452034,37.196931703788785,0</coordinates>
                </Point>
              </Placemark>
              <Placemark>
                <name>Telemetry 4</name>
                <styleUrl>#modifiedtelemetry</styleUrl>
                <TimeSpan>
                  <begin>2026-09-01T16:14:08.062119+00:00</begin>
                  <end>2026-09-01T16:14:09.062119+00:00</end>
                </TimeSpan>
                <Point>
                  <coordinates>-80.57805344862881,37.19689368575391,0</coordinates>
                </Point>
              </Placemark>
              <Placemark>
                <name>Telemetry 5</name>
                <styleUrl>#modifiedtelemetry</styleUrl>
                <TimeSpan>
                  <begin>2026-09-01T16:14:09.062119+00:00</begin>
                  <end>2026-09-01T16:14:10.062119+00:00</end>
                </TimeSpan>
                <Point>
                  <coordinates>-80.57808720822365,37.19685213076737,0</coordinates>
                </Point>
              </Placemark>
              <Placemark>
                <name>Telemetry 6</name>
                <styleUrl>#modifiedtelemetry</styleUrl>
                <TimeSpan>
                  <begin>2026-09-01T16:14:10.062119+00:00</begin>
                  <end>2026-09-01T16:14:11.062119+00:00</end>
                </TimeSpan>
                <Point>
                  <coordinates>-80.57811722777369,37.19680923519623,0</coordinates>
                </Point>
              </Placemark>
              <Placemark>
                <name>Telemetry 7</name>
                <styleUrl>#modifiedtelemetry</styleUrl>
                <TimeSpan>
                  <begin>2026-09-01T16:14:11.062119+00:00</begin>
                  <end>2026-09-01T16:14:12.062119+00:00</end>
                </TimeSpan>
                <Point>
                  <coordinates>-80.5781323958596,37.1967658046547,0</coordinates>
                </Point>
              </Placemark>
              <Placemark>
                <name>Telemetry 8</name>
                <styleUrl>#modifiedtelemetry</styleUrl>
                <TimeSpan>
                  <begin>2026-09-01T16:14:12.062119+00:00</begin>
                  <end>2026-09-01T16:14:13.062119+00:00</end>
                </TimeSpan>
                <Point>
                  <coordinates>-80.57814392771789,37.19670166260832,0</coordinates>
                </Point>
              </Placemark>
              <Placemark>
                <name>Telemetry 9</name>
                <styleUrl>#modifiedtelemetry</styleUrl>
                <TimeSpan>
                  <begin>2026-09-01T16:14:13.062119+00:00</begin>
                  <end>2026-09-01T16:14:14.062119+00:00</end>
                </TimeSpan>
                <Point>
                  <coordinates>-80.57812974002694,37.19663489860375,0</coordinates>
                </Point>
              </Placemark>
              <Placemark>
                <name>Telemetry 10</name>
                <styleUrl>#modifiedtelemetry</styleUrl>
                <TimeSpan>
                  <begin>2026-09-01T16:14:14.062119+00:00</begin>
                  <end>2026-09-01T16:14:15.062119+00:00</end>
                </TimeSpan>
                <Point>
                  <coordinates>-80.57808680009781,37.19657292090538,0</coordinates>
                </Point>
              </Placemark>
              <Placemark>
                <name>Telemetry 11</name>
                <styleUrl>#modifiedtelemetry</styleUrl>
                <TimeSpan>
                  <begin>2026-09-01T16:14:15.062119+00:00</begin>
                  <end>2026-09-01T16:14:16.062119+00:00</end>
                </TimeSpan>
                <Point>
                  <coordinates>-80.57801685035301,37.19652877181478,0</coordinates>
                </Point>
              </Placemark>
              <Placemark>
                <name>Telemetry 12</name>
                <styleUrl>#modifiedtelemetry</styleUrl>
                <TimeSpan>
                  <begin>2026-09-01T16:14:16.062119+00:00</begin>
                  <end>2026-09-01T16:14:17.062119+00:00</end>
                </TimeSpan>
                <Point>
                  <coordinates>-80.57795541973255,37.19650790849303,0</coordinates>
                </Point>
              </Placemark>
              <Placemark>
                <name>Telemetry 13</name>
                <styleUrl>#modifiedtelemetry</styleUrl>
                <TimeSpan>
                  <begin>2026-09-01T16:14:17.062119+00:00</begin>
                  <end>2026-09-01T16:14:18.062119+00:00</end>
                </TimeSpan>
                <Point>
                  <coordinates>-80.57779490248247,37.19643592110631,0</coordinates>
                </Point>
              </Placemark>
              <Placemark>
                <name>Telemetry 14</name>
                <styleUrl>#modifiedtelemetry</styleUrl>
                <TimeSpan>
                  <begin>2026-09-01T16:14:18.062119+00:00</begin>
                  <end>2026-09-01T16:14:19.062119+00:00</end>
                </TimeSpan>
                <Point>
                  <coordinates>-80.57771381708879,37.19639543761661,0</coordinates>
                </Point>
              </Placemark>
              <Placemark>
                <name>Telemetry 15</name>
                <styleUrl>#modifiedtelemetry</styleUrl>
                <TimeSpan>
                  <begin>2026-09-01T16:14:19.062119+00:00</begin>
                  <end>2026-09-01T16:14:20.062119+00:00</end>
                </TimeSpan>
                <Point>
                  <coordinates>-80.5776456115435,37.19635960981006,0</coordinates>
                </Point>
              </Placemark>
              <Placemark>
                <name>Telemetry 16</name>
                <styleUrl>#modifiedtelemetry</styleUrl>
                <TimeSpan>
                  <begin>2026-09-01T16:14:20.062119+00:00</begin>
                  <end>2026-09-01T16:14:21.062119+00:00</end>
                </TimeSpan>
                <Point>
                  <coordinates>-80.57757190904874,37.19632841915715,0</coordinates>
                </Point>
              </Placemark>
              <Placemark>
                <name>Telemetry 17</name>
                <styleUrl>#modifiedtelemetry</styleUrl>
                <TimeSpan>
                  <begin>2026-09-01T16:14:21.062119+00:00</begin>
                  <end>2026-09-01T16:14:22.062119+00:00</end>
                </TimeSpan>
                <Point>
                  <coordinates>-80.57751114071674,37.19631735230622,0</coordinates>
                </Point>
              </Placemark>
              <Placemark>
                <name>Telemetry 18</name>
                <styleUrl>#modifiedtelemetry</styleUrl>
                <TimeSpan>
                  <begin>2026-09-01T16:14:22.062119+00:00</begin>
                  <end>2026-09-01T16:14:23.062119+00:00</end>
                </TimeSpan>
                <Point>
                  <coordinates>-80.57742677046657,37.19631370494702,0</coordinates>
                </Point>
              </Placemark>
              <Placemark>
                <name>Telemetry 19</name>
                <styleUrl>#modifiedtelemetry</styleUrl>
                <TimeSpan>
                  <begin>2026-09-01T16:14:23.062119+00:00</begin>
                  <end>2026-09-01T16:14:24.062119+00:00</end>
                </TimeSpan>
                <Point>
                  <coordinates>-80.5773706,37.1963054,0</coordinates>
                </Point>
              </Placemark>
              <Placemark>
                <name>Telemetry 20</name>
                <styleUrl>#modifiedtelemetry</styleUrl>
                <TimeSpan>
                  <begin>2026-09-01T16:14:24.062119+00:00</begin>
                  <end>2026-09-01T16:14:25.062119+00:00</end>
                </TimeSpan>
                <Point>
                  <coordinates>-80.5771453,37.1963577,0</coordinates>
                </Point>
              </Placemark>
              <Placemark>
                <name>Telemetry 21</name>
                <styleUrl>#modifiedtelemetry</styleUrl>
                <TimeSpan>
                  <begin>2026-09-01T16:14:25.062119+00:00</begin>
                  <end>2026-09-01T16:14:26.062119+00:00</end>
                </TimeSpan>
                <Point>
                  <coordinates>-80.5771265,37.1965735,0</coordinates>
                </Point>
              </Placemark>
              <Placemark>
                <name>Telemetry 22</name>
                <styleUrl>#modifiedtelemetry</styleUrl>
                <TimeSpan>
                  <begin>2026-09-01T16:14:26.062119+00:00</begin>
                  <end>2026-09-01T16:14:27.062119+00:00</end>
                </TimeSpan>
                <Point>
                  <coordinates>-80.57744590087025,37.19665029738701,0</coordinates>
                </Point>
              </Placemark>
              <Placemark>
                <name>Telemetry 23</name>
                <styleUrl>#modifiedtelemetry</styleUrl>
                <TimeSpan>
                  <begin>2026-09-01T16:14:27.062119+00:00</begin>
                  <end>2026-09-01T16:14:28.062119+00:00</end>
                </TimeSpan>
                <Point>
                  <coordinates>-80.5776442,37.1966013,0</coordinates>
                </Point>
              </Placemark>
              <Placemark>
                <name>Telemetry 24</name>
                <styleUrl>#modifiedtelemetry</styleUrl>
                <TimeSpan>
                  <begin>2026-09-01T16:14:28.062119+00:00</begin>
                  <end>2026-09-01T16:14:29.062119+00:00</end>
                </TimeSpan>
                <Point>
                  <coordinates>-80.57776806176655,37.1964375298218,0</coordinates>
                </Point>
              </Placemark>
              <Placemark>
                <name>Telemetry 25</name>
                <styleUrl>#modifiedtelemetry</styleUrl>
                <TimeSpan>
                  <begin>2026-09-01T16:14:29.062119+00:00</begin>
                  <end>2026-09-01T16:14:30.062119+00:00</end>
                </TimeSpan>
                <Point>
                  <coordinates>-80.57784172323511,37.1962376762061,0</coordinates>
                </Point>
              </Placemark>
              <Placemark>
                <name>Telemetry 26</name>
                <styleUrl>#modifiedtelemetry</styleUrl>
                <TimeSpan>
                  <begin>2026-09-01T16:14:30.062119+00:00</begin>
                  <end>2026-09-01T16:14:31.062119+00:00</end>
                </TimeSpan>
                <Point>
                  <coordinates>-80.5777311,37.1960563,0</coordinates>
                </Point>
              </Placemark>
              <Placemark>
                <name>Telemetry 27</name>
                <styleUrl>#modifiedtelemetry</styleUrl>
                <TimeSpan>
                  <begin>2026-09-01T16:14:31.062119+00:00</begin>
                  <end>2026-09-01T16:14:32.062119+00:00</end>
                </TimeSpan>
                <Point>
                  <coordinates>-80.57739321491916,37.19605837098315,0</coordinates>
                </Point>
              </Placemark>
              <Placemark>
                <name>Telemetry 28</name>
                <styleUrl>#modifiedtelemetry</styleUrl>
                <TimeSpan>
                  <begin>2026-09-01T16:14:32.062119+00:00</begin>
                  <end>2026-09-01T16:14:33.062119+00:00</end>
                </TimeSpan>
                <Point>
                  <coordinates>-80.5771357,37.1961151,0</coordinates>
                </Point>
              </Placemark>
              <Placemark>
                <name>Telemetry 29</name>
                <styleUrl>#modifiedtelemetry</styleUrl>
                <TimeSpan>
                  <begin>2026-09-01T16:14:33.062119+00:00</begin>
                  <end>2026-09-01T16:14:34.062119+00:00</end>
                </TimeSpan>
                <Point>
                  <coordinates>-80.5769627,37.1962283,0</coordinates>
                </Point>
              </Placemark>
              <Placemark>
                <name>Telemetry 30</name>
                <styleUrl>#modifiedtelemetry</styleUrl>
                <TimeSpan>
                  <begin>2026-09-01T16:14:34.062119+00:00</begin>
                  <end>2026-09-01T16:14:35.062119+00:00</end>
                </TimeSpan>
                <Point>
                  <coordinates>-80.5769184,37.1963885,0</coordinates>
                </Point>
              </Placemark>
              <Placemark>
                <name>Telemetry 31</name>
                <styleUrl>#modifiedtelemetry</styleUrl>
                <TimeSpan>
                  <begin>2026-09-01T16:14:35.062119+00:00</begin>
                  <end>2026-09-01T16:14:36.062119+00:00</end>
                </TimeSpan>
                <Point>
                  <coordinates>-80.5767347,37.1964356,0</coordinates>
                </Point>
              </Placemark>
              <Placemark>
                <name>Telemetry 32</name>
                <styleUrl>#modifiedtelemetry</styleUrl>
                <TimeSpan>
                  <begin>2026-09-01T16:14:36.062119+00:00</begin>
                  <end>2026-09-01T16:14:37.062119+00:00</end>
                </TimeSpan>
                <Point>
                  <coordinates>-80.5766366,37.1963538,0</coordinates>
                </Point>
              </Placemark>
              <Placemark>
                <name>Telemetry 33</name>
                <styleUrl>#modifiedtelemetry</styleUrl>
                <TimeSpan>
                  <begin>2026-09-01T16:14:37.062119+00:00</begin>
                  <end>2026-09-01T16:14:38.062119+00:00</end>
                </TimeSpan>
                <Point>
                  <coordinates>-80.5766634,37.1962096,0</coordinates>
                </Point>
              </Placemark>
              <Placemark>
                <name>Telemetry 34</name>
                <styleUrl>#modifiedtelemetry</styleUrl>
                <TimeSpan>
                  <begin>2026-09-01T16:14:38.062119+00:00</begin>
                  <end>2026-09-01T16:14:39.062119+00:00</end>
                </TimeSpan>
                <Point>
                  <coordinates>-80.5767707,37.1961284,0</coordinates>
                </Point>
              </Placemark>
              <Placemark>
                <name>Telemetry 35</name>
                <styleUrl>#modifiedtelemetry</styleUrl>
                <TimeSpan>
                  <begin>2026-09-01T16:14:39.062119+00:00</begin>
                  <end>2026-09-01T16:14:40.062119+00:00</end>
                </TimeSpan>
                <Point>
                  <coordinates>-80.5768887,37.1960493,0</coordinates>
                </Point>
              </Placemark>
              <Placemark>
                <name>Telemetry 36</name>
                <styleUrl>#modifiedtelemetry</styleUrl>
                <TimeSpan>
                  <begin>2026-09-01T16:14:40.062119+00:00</begin>
                  <end>2026-09-01T16:14:41.062119+00:00</end>
                </TimeSpan>
                <Point>
                  <coordinates>-80.5770684,37.1959745,0</coordinates>
                </Point>
              </Placemark>
              <Placemark>
                <name>Telemetry 37</name>
                <styleUrl>#modifiedtelemetry</styleUrl>
                <TimeSpan>
                  <begin>2026-09-01T16:14:41.062119+00:00</begin>
                  <end>2026-09-01T16:14:42.062119+00:00</end>
                </TimeSpan>
                <Point>
                  <coordinates>-80.5771757,37.19596070000001,0</coordinates>
                </Point>
              </Placemark>
              <Placemark>
                <name>Telemetry 38</name>
                <styleUrl>#modifiedtelemetry</styleUrl>
                <TimeSpan>
                  <begin>2026-09-01T16:14:42.062119+00:00</begin>
                  <end>2026-09-01T16:14:43.062119+00:00</end>
                </TimeSpan>
                <Point>
                  <coordinates>-80.5772937,37.19598200000001,0</coordinates>
                </Point>
              </Placemark>
              <Placemark>
                <name>Telemetry 39</name>
                <styleUrl>#modifiedtelemetry</styleUrl>
                <TimeSpan>
                  <begin>2026-09-01T16:14:43.062119+00:00</begin>
                  <end>2026-09-01T16:14:44.062119+00:00</end>
                </TimeSpan>
                <Point>
                  <coordinates>-80.5773326,37.1960942,0</coordinates>
                </Point>
              </Placemark>
              <Placemark>
                <name>Telemetry 40</name>
                <styleUrl>#modifiedtelemetry</styleUrl>
                <TimeSpan>
                  <begin>2026-09-01T16:14:44.062119+00:00</begin>
                  <end>2026-09-01T16:14:45.062119+00:00</end>
                </TimeSpan>
                <Point>
                  <coordinates>-80.577283,37.19619780000001,0</coordinates>
                </Point>
              </Placemark>
              <Placemark>
                <name>Telemetry 41</name>
                <styleUrl>#modifiedtelemetry</styleUrl>
                <TimeSpan>
                  <begin>2026-09-01T16:14:45.062119+00:00</begin>
                  <end>2026-09-01T16:14:46.062119+00:00</end>
                </TimeSpan>
                <Point>
                  <coordinates>-80.5772602,37.1963495,0</coordinates>
                </Point>
              </Placemark>
              <Placemark>
                <name>Telemetry 42</name>
                <styleUrl>#modifiedtelemetry</styleUrl>
                <TimeSpan>
                  <begin>2026-09-01T16:14:46.062119+00:00</begin>
                  <end>2026-09-01T16:14:47.062119+00:00</end>
                </TimeSpan>
                <Point>
                  <coordinates>-80.5772817,37.1964692,0</coordinates>
                </Point>
              </Placemark>
              <Placemark>
                <name>Telemetry 43</name>
                <styleUrl>#modifiedtelemetry</styleUrl>
                <TimeSpan>
                  <begin>2026-09-01T16:14:47.062119+00:00</begin>
                  <end>2026-09-01T16:14:48.062119+00:00</end>
                </TimeSpan>
                <Point>
                  <coordinates>-80.5773863,37.1965546,0</coordinates>
                </Point>
              </Placemark>
              <Placemark>
                <name>Telemetry 44</name>
                <styleUrl>#modifiedtelemetry</styleUrl>
                <TimeSpan>
                  <begin>2026-09-01T16:14:48.062119+00:00</begin>
                  <end>2026-09-01T16:14:49.062119+00:00</end>
                </TimeSpan>
                <Point>
                  <coordinates>-80.5775406,37.1965589,0</coordinates>
                </Point>
              </Placemark>
              <Placemark>
                <name>Telemetry 45</name>
                <styleUrl>#modifiedtelemetry</styleUrl>
                <TimeSpan>
                  <begin>2026-09-01T16:14:49.062119+00:00</begin>
                  <end>2026-09-01T16:14:50.062119+00:00</end>
                </TimeSpan>
                <Point>
                  <coordinates>-80.57763850000002,37.1965782,0</coordinates>
                </Point>
              </Placemark>
              <Placemark>
                <name>Telemetry 46</name>
                <styleUrl>#modifiedtelemetry</styleUrl>
                <TimeSpan>
                  <begin>2026-09-01T16:14:50.062119+00:00</begin>
                  <end>2026-09-01T16:14:51.062119+00:00</end>
                </TimeSpan>
                <Point>
                  <coordinates>-80.57763850000002,37.1966679,0</coordinates>
                </Point>
              </Placemark>
              <Placemark>
                <name>Telemetry 47</name>
                <styleUrl>#modifiedtelemetry</styleUrl>
                <TimeSpan>
                  <begin>2026-09-01T16:14:51.062119+00:00</begin>
                  <end>2026-09-01T16:14:52.062119+00:00</end>
                </TimeSpan>
                <Point>
                  <coordinates>-80.5775473,37.1967074,0</coordinates>
                </Point>
              </Placemark>
              <Placemark>
                <name>Telemetry 48</name>
                <styleUrl>#modifiedtelemetry</styleUrl>
                <TimeSpan>
                  <begin>2026-09-01T16:14:52.062119+00:00</begin>
                  <end>2026-09-01T16:14:53.062119+00:00</end>
                </TimeSpan>
                <Point>
                  <coordinates>-80.5773823,37.1966967,0</coordinates>
                </Point>
              </Placemark>
              <Placemark>
                <name>Telemetry 49</name>
                <styleUrl>#modifiedtelemetry</styleUrl>
                <TimeSpan>
                  <begin>2026-09-01T16:14:53.062119+00:00</begin>
                  <end>2026-09-01T16:14:54.062119+00:00</end>
                </TimeSpan>
                <Point>
                  <coordinates>-80.5773421,37.1966241,0</coordinates>
                </Point>
              </Placemark>
              <Placemark>
                <name>Telemetry 50</name>
                <styleUrl>#modifiedtelemetry</styleUrl>
                <TimeSpan>
                  <begin>2026-09-01T16:14:54.062119+00:00</begin>
                  <end>2026-09-01T16:14:55.062119+00:00</end>
                </TimeSpan>
                <Point>
                  <coordinates>-80.5773005,37.196528,0</coordinates>
                </Point>
              </Placemark>
              <Placemark>
                <name>Telemetry 51</name>
                <styleUrl>#modifiedtelemetry</styleUrl>
                <TimeSpan>
                  <begin>2026-09-01T16:14:55.062119+00:00</begin>
                  <end>2026-09-01T16:14:56.062119+00:00</end>
                </TimeSpan>
                <Point>
                  <coordinates>-80.5771557,37.1965055,0</coordinates>
                </Point>
              </Placemark>
              <Placemark>
                <name>Telemetry 52</name>
                <styleUrl>#modifiedtelemetry</styleUrl>
                <TimeSpan>
                  <begin>2026-09-01T16:14:56.062119+00:00</begin>
                  <end>2026-09-01T16:14:57.062119+00:00</end>
                </TimeSpan>
                <Point>
                  <coordinates>-80.5770457,37.19654400000001,0</coordinates>
                </Point>
              </Placemark>
              <Placemark>
                <name>Telemetry 53</name>
                <styleUrl>#modifiedtelemetry</styleUrl>
                <TimeSpan>
                  <begin>2026-09-01T16:14:57.062119+00:00</begin>
                  <end>2026-09-01T16:14:58.062119+00:00</end>
                </TimeSpan>
                <Point>
                  <coordinates>-80.5768834,37.19654500000001,0</coordinates>
                </Point>
              </Placemark>
              <Placemark>
                <name>Telemetry 54</name>
                <styleUrl>#modifiedtelemetry</styleUrl>
                <TimeSpan>
                  <begin>2026-09-01T16:14:58.062119+00:00</begin>
                  <end>2026-09-01T16:14:59.062119+00:00</end>
                </TimeSpan>
                <Point>
                  <coordinates>-80.5767869,37.1964831,0</coordinates>
                </Point>
              </Placemark>
              <Placemark>
                <name>Telemetry 55</name>
                <styleUrl>#modifiedtelemetry</styleUrl>
                <TimeSpan>
                  <begin>2026-09-01T16:14:59.062119+00:00</begin>
                  <end>2026-09-01T16:15:00.062119+00:00</end>
                </TimeSpan>
                <Point>
                  <coordinates>-80.5767547,37.1964083,0</coordinates>
                </Point>
              </Placemark>
              <Placemark>
                <name>Telemetry 56</name>
                <styleUrl>#modifiedtelemetry</styleUrl>
                <TimeSpan>
                  <begin>2026-09-01T16:15:00.062119+00:00</begin>
                  <end>2026-09-01T16:15:01.062119+00:00</end>
                </TimeSpan>
                <Point>
                  <coordinates>-80.5767587,37.1963228,0</coordinates>
                </Point>
              </Placemark>
              <Placemark>
                <name>Telemetry 57</name>
                <styleUrl>#modifiedtelemetry</styleUrl>
                <TimeSpan>
                  <begin>2026-09-01T16:15:01.062119+00:00</begin>
                  <end>2026-09-01T16:15:02.062119+00:00</end>
                </TimeSpan>
                <Point>
                  <coordinates>-80.5767587,37.1961893,0</coordinates>
                </Point>
              </Placemark>
              <Placemark>
                <name>Telemetry 58</name>
                <styleUrl>#modifiedtelemetry</styleUrl>
                <TimeSpan>
                  <begin>2026-09-01T16:15:02.062119+00:00</begin>
                  <end>2026-09-01T16:15:03.062119+00:00</end>
                </TimeSpan>
                <Point>
                  <coordinates>-80.5766836,37.1961348,0</coordinates>
                </Point>
              </Placemark>
              <Placemark>
                <name>Telemetry 59</name>
                <styleUrl>#modifiedtelemetry</styleUrl>
                <TimeSpan>
                  <begin>2026-09-01T16:15:03.062119+00:00</begin>
                  <end>2026-09-01T16:15:04.062119+00:00</end>
                </TimeSpan>
                <Point>
                  <coordinates>-80.5766836,37.1960205,0</coordinates>
                </Point>
              </Placemark>
              <Placemark>
                <name>Telemetry 60</name>
                <styleUrl>#modifiedtelemetry</styleUrl>
                <TimeSpan>
                  <begin>2026-09-01T16:15:04.062119+00:00</begin>
                  <end>2026-09-01T16:15:05.062119+00:00</end>
                </TimeSpan>
                <Point>
                  <coordinates>-80.5767896,37.1960077,0</coordinates>
                </Point>
              </Placemark>
              <Placemark>
                <name>Telemetry 61</name>
                <styleUrl>#modifiedtelemetry</styleUrl>
                <TimeSpan>
                  <begin>2026-09-01T16:15:05.062119+00:00</begin>
                  <end>2026-09-01T16:15:06.062119+00:00</end>
                </TimeSpan>
                <Point>
                  <coordinates>-80.5769277,37.1959671,0</coordinates>
                </Point>
              </Placemark>
              <Placemark>
                <name>Telemetry 62</name>
                <styleUrl>#modifiedtelemetry</styleUrl>
                <TimeSpan>
                  <begin>2026-09-01T16:15:06.062119+00:00</begin>
                  <end>2026-09-01T16:15:07.062119+00:00</end>
                </TimeSpan>
                <Point>
                  <coordinates>-80.5770806,37.1959051,0</coordinates>
                </Point>
              </Placemark>
              <Placemark>
                <name>Telemetry 63</name>
                <styleUrl>#modifiedtelemetry</styleUrl>
                <TimeSpan>
                  <begin>2026-09-01T16:15:07.062119+00:00</begin>
                  <end>2026-09-01T16:15:08.062119+00:00</end>
                </TimeSpan>
                <Point>
                  <coordinates>-80.5771999,37.195896600000005,0</coordinates>
                </Point>
              </Placemark>
            </Folder>
          </Folder>
        </Folder>
        <Folder>
          <name>Service Provider polling</name>
        </Folder>
        <Folder>
          <name>Service Provider polling</name>
        </Folder>
        <Folder>
          <name>Service Provider polling</name>
        </Folder>
        <Folder>
          <name>Service Provider polling</name>
        </Folder>
        <Folder>
          <name>Service Provider polling</name>
        </Folder>
        <Folder>
          <name>Verify operator notification</name>
        </Folder>
        <Folder>
          <name>Intermediate cleanup</name>
        </Folder>
        <Folder>
          <name>Retrieve pre-existing operator notification</name>
        </Folder>
        <Folder>
          <name>Injection</name>
          <Folder>
            <name>E44: uss1 interuss.automated_testing.rid.v1.injection.createTest</name>
            <Folder>
              <name>Test flight 059894ba-028c-4d7e-9e6d-773a31608220</name>
              <Placemark>
                <name>Telemetry 0</name>
                <styleUrl>#modifiedtelemetry</styleUrl>
                <TimeSpan>
                  <begin>2026-09-01T16:14:14.734736+00:00</begin>
                  <end>2026-09-01T16:14:15.734736+00:00</end>
                </TimeSpan>
                <Point>
                  <coordinates>-80.57798081614081,37.197059404721635,0</coordinates>
                </Point>
              </Placemark>
              <Placemark>
                <name>Telemetry 1</name>
                <styleUrl>#modifiedtelemetry</styleUrl>
                <TimeSpan>
                  <begin>2026-09-01T16:14:15.734736+00:00</begin>
                  <end>2026-09-01T16:14:16.734736+00:00</end>
                </TimeSpan>
                <Point>
                  <coordinates>-80.57798798375362,37.197016214133484,0</coordinates>
                </Point>
              </Placemark>
              <Placemark>
                <name>Telemetry 2</name>
                <styleUrl>#modifiedtelemetry</styleUrl>
                <TimeSpan>
                  <begin>2026-09-01T16:14:16.734736+00:00</begin>
                  <end>2026-09-01T16:14:17.734736+00:00</end>
                </TimeSpan>
                <Point>
                  <coordinates>-80.57800212690604,37.196972734164305,0</coordinates>
                </Point>
              </Placemark>
              <Placemark>
                <name>Telemetry 3</name>
                <styleUrl>#modifiedtelemetry</styleUrl>
                <TimeSpan>
                  <begin>2026-09-01T16:14:17.734736+00:00</begin>
                  <end>2026-09-01T16:14:18.734736+00:00</end>
                </TimeSpan>
                <Point>
                  <coordinates>-80.57802342452034,37.196931703788785,0</coordinates>
                </Point>
              </Placemark>
              <Placemark>
                <name>Telemetry 4</name>
                <styleUrl>#modifiedtelemetry</styleUrl>
                <TimeSpan>
                  <begin>2026-09-01T16:14:18.734736+00:00</begin>
                  <end>2026-09-01T16:14:19.734736+00:00</end>
                </TimeSpan>
                <Point>
                  <coordinates>-80.57805344862881,37.19689368575391,0</coordinates>
                </Point>
              </Placemark>
              <Placemark>
                <name>Telemetry 5</name>
                <styleUrl>#modifiedtelemetry</styleUrl>
                <TimeSpan>
                  <begin>2026-09-01T16:14:19.734736+00:00</begin>
                  <end>2026-09-01T16:14:20.734736+00:00</end>
                </TimeSpan>
                <Point>
                  <coordinates>-80.57808720822365,37.19685213076737,0</coordinates>
                </Point>
              </Placemark>
              <Placemark>
                <name>Telemetry 6</name>
                <styleUrl>#modifiedtelemetry</styleUrl>
                <TimeSpan>
                  <begin>2026-09-01T16:14:20.734736+00:00</begin>
                  <end>2026-09-01T16:14:21.734736+00:00</end>
                </TimeSpan>
                <Point>
                  <coordinates>-80.57811722777369,37.19680923519623,0</coordinates>
                </Point>
              </Placemark>
              <Placemark>
                <name>Telemetry 7</name>
                <styleUrl>#modifiedtelemetry</styleUrl>
                <TimeSpan>
                  <begin>2026-09-01T16:14:21.734736+00:00</begin>
                  <end>2026-09-01T16:14:22.734736+00:00</end>
                </TimeSpan>
                <Point>
                  <coordinates>-80.5781323958596,37.1967658046547,0</coordinates>
                </Point>
              </Placemark>
              <Placemark>
                <name>Telemetry 8</name>
                <styleUrl>#modifiedtelemetry</styleUrl>
                <TimeSpan>
                  <begin>2026-09-01T16:14:22.734736+00:00</begin>
                  <end>2026-09-01T16:14:23.734736+00:00</end>
                </TimeSpan>
                <Point>
                  <coordinates>-80.57814392771789,37.19670166260832,0</coordinates>
                </Point>
              </Placemark>
              <Placemark>
                <name>Telemetry 9</name>
                <styleUrl>#modifiedtelemetry</styleUrl>
                <TimeSpan>
                  <begin>2026-09-01T16:14:23.734736+00:00</begin>
                  <end>2026-09-01T16:14:24.734736+00:00</end>
                </TimeSpan>
                <Point>
                  <coordinates>-80.57812974002694,37.19663489860375,0</coordinates>
                </Point>
              </Placemark>
              <Placemark>
                <name>Telemetry 10</name>
                <styleUrl>#modifiedtelemetry</styleUrl>
                <TimeSpan>
                  <begin>2026-09-01T16:14:24.734736+00:00</begin>
                  <end>2026-09-01T16:14:25.734736+00:00</end>
                </TimeSpan>
                <Point>
                  <coordinates>-80.57808680009781,37.19657292090538,0</coordinates>
                </Point>
              </Placemark>
              <Placemark>
                <name>Telemetry 11</name>
                <styleUrl>#modifiedtelemetry</styleUrl>
                <TimeSpan>
                  <begin>2026-09-01T16:14:25.734736+00:00</begin>
                  <end>2026-09-01T16:14:26.734736+00:00</end>
                </TimeSpan>
                <Point>
                  <coordinates>-80.57801685035301,37.19652877181478,0</coordinates>
                </Point>
              </Placemark>
              <Placemark>
                <name>Telemetry 12</name>
                <styleUrl>#modifiedtelemetry</styleUrl>
                <TimeSpan>
                  <begin>2026-09-01T16:14:26.734736+00:00</begin>
                  <end>2026-09-01T16:14:27.734736+00:00</end>
                </TimeSpan>
                <Point>
                  <coordinates>-80.57795541973255,37.19650790849303,0</coordinates>
                </Point>
              </Placemark>
              <Placemark>
                <name>Telemetry 13</name>
                <styleUrl>#modifiedtelemetry</styleUrl>
                <TimeSpan>
                  <begin>2026-09-01T16:14:27.734736+00:00</begin>
                  <end>2026-09-01T16:14:28.734736+00:00</end>
                </TimeSpan>
                <Point>
                  <coordinates>-80.57779490248247,37.19643592110631,0</coordinates>
                </Point>
              </Placemark>
              <Placemark>
                <name>Telemetry 14</name>
                <styleUrl>#modifiedtelemetry</styleUrl>
                <TimeSpan>
                  <begin>2026-09-01T16:14:28.734736+00:00</begin>
                  <end>2026-09-01T16:14:29.734736+00:00</end>
                </TimeSpan>
                <Point>
                  <coordinates>-80.57771381708879,37.19639543761661,0</coordinates>
                </Point>
              </Placemark>
              <Placemark>
                <name>Telemetry 15</name>
                <styleUrl>#modifiedtelemetry</styleUrl>
                <TimeSpan>
                  <begin>2026-09-01T16:14:29.734736+00:00</begin>
                  <end>2026-09-01T16:14:30.734736+00:00</end>
                </TimeSpan>
                <Point>
                  <coordinates>-80.5776456115435,37.19635960981006,0</coordinates>
                </Point>
              </Placemark>
              <Placemark>
                <name>Telemetry 16</name>
                <styleUrl>#modifiedtelemetry</styleUrl>
                <TimeSpan>
                  <begin>2026-09-01T16:14:30.734736+00:00</begin>
                  <end>2026-09-01T16:14:31.734736+00:00</end>
                </TimeSpan>
                <Point>
                  <coordinates>-80.57757190904874,37.19632841915715,0</coordinates>
                </Point>
              </Placemark>
              <Placemark>
                <name>Telemetry 17</name>
                <styleUrl>#modifiedtelemetry</styleUrl>
                <TimeSpan>
                  <begin>2026-09-01T16:14:31.734736+00:00</begin>
                  <end>2026-09-01T16:14:32.734736+00:00</end>
                </TimeSpan>
                <Point>
                  <coordinates>-80.57751114071674,37.19631735230622,0</coordinates>
                </Point>
              </Placemark>
              <Placemark>
                <name>Telemetry 18</name>
                <styleUrl>#modifiedtelemetry</styleUrl>
                <TimeSpan>
                  <begin>2026-09-01T16:14:32.734736+00:00</begin>
                  <end>2026-09-01T16:14:33.734736+00:00</end>
                </TimeSpan>
                <Point>
                  <coordinates>-80.57742677046657,37.19631370494702,0</coordinates>
                </Point>
              </Placemark>
              <Placemark>
                <name>Telemetry 19</name>
                <styleUrl>#modifiedtelemetry</styleUrl>
                <TimeSpan>
                  <begin>2026-09-01T16:14:33.734736+00:00</begin>
                  <end>2026-09-01T16:14:34.734736+00:00</end>
                </TimeSpan>
                <Point>
                  <coordinates>-80.5773706,37.1963054,0</coordinates>
                </Point>
              </Placemark>
              <Placemark>
                <name>Telemetry 20</name>
                <styleUrl>#modifiedtelemetry</styleUrl>
                <TimeSpan>
                  <begin>2026-09-01T16:14:34.734736+00:00</begin>
                  <end>2026-09-01T16:14:35.734736+00:00</end>
                </TimeSpan>
                <Point>
                  <coordinates>-80.5771453,37.1963577,0</coordinates>
                </Point>
              </Placemark>
              <Placemark>
                <name>Telemetry 21</name>
                <styleUrl>#modifiedtelemetry</styleUrl>
                <TimeSpan>
                  <begin>2026-09-01T16:14:35.734736+00:00</begin>
                  <end>2026-09-01T16:14:36.734736+00:00</end>
                </TimeSpan>
                <Point>
                  <coordinates>-80.5771265,37.1965735,0</coordinates>
                </Point>
              </Placemark>
              <Placemark>
                <name>Telemetry 22</name>
                <styleUrl>#modifiedtelemetry</styleUrl>
                <TimeSpan>
                  <begin>2026-09-01T16:14:36.734736+00:00</begin>
                  <end>2026-09-01T16:14:37.734736+00:00</end>
                </TimeSpan>
                <Point>
                  <coordinates>-80.57744590087025,37.19665029738701,0</coordinates>
                </Point>
              </Placemark>
              <Placemark>
                <name>Telemetry 23</name>
                <styleUrl>#modifiedtelemetry</styleUrl>
                <TimeSpan>
                  <begin>2026-09-01T16:14:37.734736+00:00</begin>
                  <end>2026-09-01T16:14:38.734736+00:00</end>
                </TimeSpan>
                <Point>
                  <coordinates>-80.5776442,37.1966013,0</coordinates>
                </Point>
              </Placemark>
              <Placemark>
                <name>Telemetry 24</name>
                <styleUrl>#modifiedtelemetry</styleUrl>
                <TimeSpan>
                  <begin>2026-09-01T16:14:38.734736+00:00</begin>
                  <end>2026-09-01T16:14:39.734736+00:00</end>
                </TimeSpan>
                <Point>
                  <coordinates>-80.57776806176655,37.1964375298218,0</coordinates>
                </Point>
              </Placemark>
              <Placemark>
                <name>Telemetry 25</name>
                <styleUrl>#modifiedtelemetry</styleUrl>
                <TimeSpan>
                  <begin>2026-09-01T16:14:39.734736+00:00</begin>
                  <end>2026-09-01T16:14:40.734736+00:00</end>
                </TimeSpan>
                <Point>
                  <coordinates>-80.57784172323511,37.1962376762061,0</coordinates>
                </Point>
              </Placemark>
              <Placemark>
                <name>Telemetry 26</name>
                <styleUrl>#modifiedtelemetry</styleUrl>
                <TimeSpan>
                  <begin>2026-09-01T16:14:40.734736+00:00</begin>
                  <end>2026-09-01T16:14:41.734736+00:00</end>
                </TimeSpan>
                <Point>
                  <coordinates>-80.5777311,37.1960563,0</coordinates>
                </Point>
              </Placemark>
              <Placemark>
                <name>Telemetry 27</name>
                <styleUrl>#modifiedtelemetry</styleUrl>
                <TimeSpan>
                  <begin>2026-09-01T16:14:41.734736+00:00</begin>
                  <end>2026-09-01T16:14:42.734736+00:00</end>
                </TimeSpan>
                <Point>
                  <coordinates>-80.57739321491916,37.19605837098315,0</coordinates>
                </Point>
              </Placemark>
              <Placemark>
                <name>Telemetry 28</name>
                <styleUrl>#modifiedtelemetry</styleUrl>
                <TimeSpan>
                  <begin>2026-09-01T16:14:42.734736+00:00</begin>
                  <end>2026-09-01T16:14:43.734736+00:00</end>
                </TimeSpan>
                <Point>
                  <coordinates>-80.5771357,37.1961151,0</coordinates>
                </Point>
              </Placemark>
              <Placemark>
                <name>Telemetry 29</name>
                <styleUrl>#modifiedtelemetry</styleUrl>
                <TimeSpan>
                  <begin>2026-09-01T16:14:43.734736+00:00</begin>
                  <end>2026-09-01T16:14:44.734736+00:00</end>
                </TimeSpan>
                <Point>
                  <coordinates>-80.5769627,37.1962283,0</coordinates>
                </Point>
              </Placemark>
              <Placemark>
                <name>Telemetry 30</name>
                <styleUrl>#modifiedtelemetry</styleUrl>
                <TimeSpan>
                  <begin>2026-09-01T16:14:44.734736+00:00</begin>
                  <end>2026-09-01T16:14:45.734736+00:00</end>
                </TimeSpan>
                <Point>
                  <coordinates>-80.5769184,37.1963885,0</coordinates>
                </Point>
              </Placemark>
              <Placemark>
                <name>Telemetry 31</name>
                <styleUrl>#modifiedtelemetry</styleUrl>
                <TimeSpan>
                  <begin>2026-09-01T16:14:45.734736+00:00</begin>
                  <end>2026-09-01T16:14:46.734736+00:00</end>
                </TimeSpan>
                <Point>
                  <coordinates>-80.5767347,37.1964356,0</coordinates>
                </Point>
              </Placemark>
              <Placemark>
                <name>Telemetry 32</name>
                <styleUrl>#modifiedtelemetry</styleUrl>
                <TimeSpan>
                  <begin>2026-09-01T16:14:46.734736+00:00</begin>
                  <end>2026-09-01T16:14:47.734736+00:00</end>
                </TimeSpan>
                <Point>
                  <coordinates>-80.5766366,37.1963538,0</coordinates>
                </Point>
              </Placemark>
              <Placemark>
                <name>Telemetry 33</name>
                <styleUrl>#modifiedtelemetry</styleUrl>
                <TimeSpan>
                  <begin>2026-09-01T16:14:47.734736+00:00</begin>
                  <end>2026-09-01T16:14:48.734736+00:00</end>
                </TimeSpan>
                <Point>
                  <coordinates>-80.5766634,37.1962096,0</coordinates>
                </Point>
              </Placemark>
              <Placemark>
                <name>Telemetry 34</name>
                <styleUrl>#modifiedtelemetry</styleUrl>
                <TimeSpan>
                  <begin>2026-09-01T16:14:48.734736+00:00</begin>
                  <end>2026-09-01T16:14:49.734736+00:00</end>
                </TimeSpan>
                <Point>
                  <coordinates>-80.5767707,37.1961284,0</coordinates>
                </Point>
              </Placemark>
              <Placemark>
                <name>Telemetry 35</name>
                <styleUrl>#modifiedtelemetry</styleUrl>
                <TimeSpan>
                  <begin>2026-09-01T16:14:49.734736+00:00</begin>
                  <end>2026-09-01T16:14:50.734736+00:00</end>
                </TimeSpan>
                <Point>
                  <coordinates>-80.5768887,37.1960493,0</coordinates>
                </Point>
              </Placemark>
              <Placemark>
                <name>Telemetry 36</name>
                <styleUrl>#modifiedtelemetry</styleUrl>
                <TimeSpan>
                  <begin>2026-09-01T16:14:50.734736+00:00</begin>
                  <end>2026-09-01T16:14:51.734736+00:00</end>
                </TimeSpan>
                <Point>
                  <coordinates>-80.5770684,37.1959745,0</coordinates>
                </Point>
              </Placemark>
              <Placemark>
                <name>Telemetry 37</name>
                <styleUrl>#modifiedtelemetry</styleUrl>
                <TimeSpan>
                  <begin>2026-09-01T16:14:51.734736+00:00</begin>
                  <end>2026-09-01T16:14:52.734736+00:00</end>
                </TimeSpan>
                <Point>
                  <coordinates>-80.5771757,37.19596070000001,0</coordinates>
                </Point>
              </Placemark>
              <Placemark>
                <name>Telemetry 38</name>
                <styleUrl>#modifiedtelemetry</styleUrl>
                <TimeSpan>
                  <begin>2026-09-01T16:14:52.734736+00:00</begin>
                  <end>2026-09-01T16:14:53.734736+00:00</end>
                </TimeSpan>
                <Point>
                  <coordinates>-80.5772937,37.19598200000001,0</coordinates>
                </Point>
              </Placemark>
              <Placemark>
                <name>Telemetry 39</name>
                <styleUrl>#modifiedtelemetry</styleUrl>
                <TimeSpan>
                  <begin>2026-09-01T16:14:53.734736+00:00</begin>
                  <end>2026-09-01T16:14:54.734736+00:00</end>
                </TimeSpan>
                <Point>
                  <coordinates>-80.5773326,37.1960942,0</coordinates>
                </Point>
              </Placemark>
              <Placemark>
                <name>Telemetry 40</name>
                <styleUrl>#modifiedtelemetry</styleUrl>
                <TimeSpan>
                  <begin>2026-09-01T16:14:54.734736+00:00</begin>
                  <end>2026-09-01T16:14:55.734736+00:00</end>
                </TimeSpan>
                <Point>
                  <coordinates>-80.577283,37.19619780000001,0</coordinates>
                </Point>
              </Placemark>
              <Placemark>
                <name>Telemetry 41</name>
                <styleUrl>#modifiedtelemetry</styleUrl>
                <TimeSpan>
                  <begin>2026-09-01T16:14:55.734736+00:00</begin>
                  <end>2026-09-01T16:14:56.734736+00:00</end>
                </TimeSpan>
                <Point>
                  <coordinates>-80.5772602,37.1963495,0</coordinates>
                </Point>
              </Placemark>
              <Placemark>
                <name>Telemetry 42</name>
                <styleUrl>#modifiedtelemetry</styleUrl>
                <TimeSpan>
                  <begin>2026-09-01T16:14:56.734736+00:00</begin>
                  <end>2026-09-01T16:14:57.734736+00:00</end>
                </TimeSpan>
                <Point>
                  <coordinates>-80.5772817,37.1964692,0</coordinates>
                </Point>
              </Placemark>
              <Placemark>
                <name>Telemetry 43</name>
                <styleUrl>#modifiedtelemetry</styleUrl>
                <TimeSpan>
                  <begin>2026-09-01T16:14:57.734736+00:00</begin>
                  <end>2026-09-01T16:14:58.734736+00:00</end>
                </TimeSpan>
                <Point>
                  <coordinates>-80.5773863,37.1965546,0</coordinates>
                </Point>
              </Placemark>
              <Placemark>
                <name>Telemetry 44</name>
                <styleUrl>#modifiedtelemetry</styleUrl>
                <TimeSpan>
                  <begin>2026-09-01T16:14:58.734736+00:00</begin>
                  <end>2026-09-01T16:14:59.734736+00:00</end>
                </TimeSpan>
                <Point>
                  <coordinates>-80.5775406,37.1965589,0</coordinates>
                </Point>
              </Placemark>
              <Placemark>
                <name>Telemetry 45</name>
                <styleUrl>#modifiedtelemetry</styleUrl>
                <TimeSpan>
                  <begin>2026-09-01T16:14:59.734736+00:00</begin>
                  <end>2026-09-01T16:15:00.734736+00:00</end>
                </TimeSpan>
                <Point>
                  <coordinates>-80.57763850000002,37.1965782,0</coordinates>
                </Point>
              </Placemark>
              <Placemark>
                <name>Telemetry 46</name>
                <styleUrl>#modifiedtelemetry</styleUrl>
                <TimeSpan>
                  <begin>2026-09-01T16:15:00.734736+00:00</begin>
                  <end>2026-09-01T16:15:01.734736+00:00</end>
                </TimeSpan>
                <Point>
                  <coordinates>-80.57763850000002,37.1966679,0</coordinates>
                </Point>
              </Placemark>
              <Placemark>
                <name>Telemetry 47</name>
                <styleUrl>#modifiedtelemetry</styleUrl>
                <TimeSpan>
                  <begin>2026-09-01T16:15:01.734736+00:00</begin>
                  <end>2026-09-01T16:15:02.734736+00:00</end>
                </TimeSpan>
                <Point>
                  <coordinates>-80.5775473,37.1967074,0</coordinates>
                </Point>
              </Placemark>
              <Placemark>
                <name>Telemetry 48</name>
                <styleUrl>#modifiedtelemetry</styleUrl>
                <TimeSpan>
                  <begin>2026-09-01T16:15:02.734736+00:00</begin>
                  <end>2026-09-01T16:15:03.734736+00:00</end>
                </TimeSpan>
                <Point>
                  <coordinates>-80.5773823,37.1966967,0</coordinates>
                </Point>
              </Placemark>
              <Placemark>
                <name>Telemetry 49</name>
                <styleUrl>#modifiedtelemetry</styleUrl>
                <TimeSpan>
                  <begin>2026-09-01T16:15:03.734736+00:00</begin>
                  <end>2026-09-01T16:15:04.734736+00:00</end>
                </TimeSpan>
                <Point>
                  <coordinates>-80.5773421,37.1966241,0</coordinates>
                </Point>
              </Placemark>
              <Placemark>
                <name>Telemetry 50</name>
                <styleUrl>#modifiedtelemetry</styleUrl>
                <TimeSpan>
                  <begin>2026-09-01T16:15:04.734736+00:00</begin>
                  <end>2026-09-01T16:15:05.734736+00:00</end>
                </TimeSpan>
                <Point>
                  <coordinates>-80.5773005,37.196528,0</coordinates>
                </Point>
              </Placemark>
              <Placemark>
                <name>Telemetry 51</name>
                <styleUrl>#modifiedtelemetry</styleUrl>
                <TimeSpan>
                  <begin>2026-09-01T16:15:05.734736+00:00</begin>
                  <end>2026-09-01T16:15:06.734736+00:00</end>
                </TimeSpan>
                <Point>
                  <coordinates>-80.5771557,37.1965055,0</coordinates>
                </Point>
              </Placemark>
              <Placemark>
                <name>Telemetry 52</name>
                <styleUrl>#modifiedtelemetry</styleUrl>
                <TimeSpan>
                  <begin>2026-09-01T16:15:06.734736+00:00</begin>
                  <end>2026-09-01T16:15:07.734736+00:00</end>
                </TimeSpan>
                <Point>
                  <coordinates>-80.5770457,37.19654400000001,0</coordinates>
                </Point>
              </Placemark>
              <Placemark>
                <name>Telemetry 53</name>
                <styleUrl>#modifiedtelemetry</styleUrl>
                <TimeSpan>
                  <begin>2026-09-01T16:15:07.734736+00:00</begin>
                  <end>2026-09-01T16:15:08.734736+00:00</end>
                </TimeSpan>
                <Point>
                  <coordinates>-80.5768834,37.19654500000001,0</coordinates>
                </Point>
              </Placemark>
              <Placemark>
                <name>Telemetry 54</name>
                <styleUrl>#modifiedtelemetry</styleUrl>
                <TimeSpan>
                  <begin>2026-09-01T16:15:08.734736+00:00</begin>
                  <end>2026-09-01T16:15:09.734736+00:00</end>
                </TimeSpan>
                <Point>
                  <coordinates>-80.5767869,37.1964831,0</coordinates>
                </Point>
              </Placemark>
              <Placemark>
                <name>Telemetry 55</name>
                <styleUrl>#modifiedtelemetry</styleUrl>
                <TimeSpan>
                  <begin>2026-09-01T16:15:09.734736+00:00</begin>
                  <end>2026-09-01T16:15:10.734736+00:00</end>
                </TimeSpan>
                <Point>
                  <coordinates>-80.5767547,37.1964083,0</coordinates>
                </Point>
              </Placemark>
              <Placemark>
                <name>Telemetry 56</name>
                <styleUrl>#modifiedtelemetry</styleUrl>
                <TimeSpan>
                  <begin>2026-09-01T16:15:10.734736+00:00</begin>
                  <end>2026-09-01T16:15:11.734736+00:00</end>
                </TimeSpan>
                <Point>
                  <coordinates>-80.5767587,37.1963228,0</coordinates>
                </Point>
              </Placemark>
              <Placemark>
                <name>Telemetry 57</name>
                <styleUrl>#modifiedtelemetry</styleUrl>
                <TimeSpan>
                  <begin>2026-09-01T16:15:11.734736+00:00</begin>
                  <end>2026-09-01T16:15:12.734736+00:00</end>
                </TimeSpan>
                <Point>
                  <coordinates>-80.5767587,37.1961893,0</coordinates>
                </Point>
              </Placemark>
              <Placemark>
                <name>Telemetry 58</name>
                <styleUrl>#modifiedtelemetry</styleUrl>
                <TimeSpan>
                  <begin>2026-09-01T16:15:12.734736+00:00</begin>
                  <end>2026-09-01T16:15:13.734736+00:00</end>
                </TimeSpan>
                <Point>
                  <coordinates>-80.5766836,37.1961348,0</coordinates>
                </Point>
              </Placemark>
              <Placemark>
                <name>Telemetry 59</name>
                <styleUrl>#modifiedtelemetry</styleUrl>
                <TimeSpan>
                  <begin>2026-09-01T16:15:13.734736+00:00</begin>
                  <end>2026-09-01T16:15:14.734736+00:00</end>
                </TimeSpan>
                <Point>
                  <coordinates>-80.5766836,37.1960205,0</coordinates>
                </Point>
              </Placemark>
              <Placemark>
                <name>Telemetry 60</name>
                <styleUrl>#modifiedtelemetry</styleUrl>
                <TimeSpan>
                  <begin>2026-09-01T16:15:14.734736+00:00</begin>
                  <end>2026-09-01T16:15:15.734736+00:00</end>
                </TimeSpan>
                <Point>
                  <coordinates>-80.5767896,37.1960077,0</coordinates>
                </Point>
              </Placemark>
              <Placemark>
                <name>Telemetry 61</name>
                <styleUrl>#modifiedtelemetry</styleUrl>
                <TimeSpan>
                  <begin>2026-09-01T16:15:15.734736+00:00</begin>
                  <end>2026-09-01T16:15:16.734736+00:00</end>
                </TimeSpan>
                <Point>
                  <coordinates>-80.5769277,37.1959671,0</coordinates>
                </Point>
              </Placemark>
              <Placemark>
                <name>Telemetry 62</name>
                <styleUrl>#modifiedtelemetry</styleUrl>
                <TimeSpan>
                  <begin>2026-09-01T16:15:16.734736+00:00</begin>
                  <end>2026-09-01T16:15:17.734736+00:00</end>
                </TimeSpan>
                <Point>
                  <coordinates>-80.5770806,37.1959051,0</coordinates>
                </Point>
              </Placemark>
              <Placemark>
                <name>Telemetry 63</name>
                <styleUrl>#modifiedtelemetry</styleUrl>
                <TimeSpan>
                  <begin>2026-09-01T16:15:17.734736+00:00</begin>
                  <end>2026-09-01T16:15:18.734736+00:00</end>
                </TimeSpan>
                <Point>
                  <coordinates>-80.5771999,37.195896600000005,0</coordinates>
                </Point>
              </Placemark>
            </Folder>
          </Folder>
        </Folder>
        <Folder>
          <name>Service Provider polling</name>
        </Folder>
        <Folder>
          <name>Service Provider polling</name>
        </Folder>
        <Folder>
          <name>Service Provider polling</name>
        </Folder>
        <Folder>
          <name>Service Provider polling</name>
        </Folder>
        <Folder>
          <name>Service Provider polling</name>
        </Folder>
        <Folder>
          <name>Verify operator notification</name>
        </Folder>
        <Folder>
          <name>Intermediate cleanup</name>
        </Folder>
        <Folder>
          <name>Retrieve pre-existing operator notification</name>
        </Folder>
        <Folder>
          <name>Injection</name>
          <Folder>
            <name>E64: uss1 interuss.automated_testing.rid.v1.injection.createTest</name>
            <Folder>
              <name>Test flight c0528a9f-622f-4de1-a3f9-a59897704490</name>
              <Placemark>
                <name>Telemetry 0</name>
                <styleUrl>#modifiedtelemetry</styleUrl>
                <TimeSpan>
                  <begin>2026-09-01T16:14:25.348906+00:00</begin>
                  <end>2026-09-01T16:14:26.348906+00:00</end>
                </TimeSpan>
                <Point>
                  <coordinates>-80.57798081614081,37.197059404721635,0</coordinates>
                </Point>
              </Placemark>
              <Placemark>
                <name>Telemetry 1</name>
                <styleUrl>#modifiedtelemetry</styleUrl>
                <TimeSpan>
                  <begin>2026-09-01T16:14:26.348906+00:00</begin>
                  <end>2026-09-01T16:14:27.348906+00:00</end>
                </TimeSpan>
                <Point>
                  <coordinates>-80.57798798375362,37.197016214133484,0</coordinates>
                </Point>
              </Placemark>
              <Placemark>
                <name>Telemetry 2</name>
                <styleUrl>#modifiedtelemetry</styleUrl>
                <TimeSpan>
                  <begin>2026-09-01T16:14:27.348906+00:00</begin>
                  <end>2026-09-01T16:14:28.348906+00:00</end>
                </TimeSpan>
                <Point>
                  <coordinates>-80.57800212690604,37.196972734164305,0</coordinates>
                </Point>
              </Placemark>
              <Placemark>
                <name>Telemetry 3</name>
                <styleUrl>#modifiedtelemetry</styleUrl>
                <TimeSpan>
                  <begin>2026-09-01T16:14:28.348906+00:00</begin>
                  <end>2026-09-01T16:14:29.348906+00:00</end>
                </TimeSpan>
                <Point>
                  <coordinates>-80.57802342452034,37.196931703788785,0</coordinates>
                </Point>
              </Placemark>
              <Placemark>
                <name>Telemetry 4</name>
                <styleUrl>#modifiedtelemetry</styleUrl>
                <TimeSpan>
                  <begin>2026-09-01T16:14:29.348906+00:00</begin>
                  <end>2026-09-01T16:14:30.348906+00:00</end>
                </TimeSpan>
                <Point>
                  <coordinates>-80.57805344862881,37.19689368575391,0</coordinates>
                </Point>
              </Placemark>
              <Placemark>
                <name>Telemetry 5</name>
                <styleUrl>#modifiedtelemetry</styleUrl>
                <TimeSpan>
                  <begin>2026-09-01T16:14:30.348906+00:00</begin>
                  <end>2026-09-01T16:14:31.348906+00:00</end>
                </TimeSpan>
                <Point>
                  <coordinates>-80.57808720822365,37.19685213076737,0</coordinates>
                </Point>
              </Placemark>
              <Placemark>
                <name>Telemetry 6</name>
                <styleUrl>#modifiedtelemetry</styleUrl>
                <TimeSpan>
                  <begin>2026-09-01T16:14:31.348906+00:00</begin>
                  <end>2026-09-01T16:14:32.348906+00:00</end>
                </TimeSpan>
                <Point>
                  <coordinates>-80.57811722777369,37.19680923519623,0</coordinates>
                </Point>
              </Placemark>
              <Placemark>
                <name>Telemetry 7</name>
                <styleUrl>#modifiedtelemetry</styleUrl>
                <TimeSpan>
                  <begin>2026-09-01T16:14:32.348906+00:00</begin>
                  <end>2026-09-01T16:14:33.348906+00:00</end>
                </TimeSpan>
                <Point>
                  <coordinates>-80.5781323958596,37.1967658046547,0</coordinates>
                </Point>
              </Placemark>
              <Placemark>
                <name>Telemetry 8</name>
                <styleUrl>#modifiedtelemetry</styleUrl>
                <TimeSpan>
                  <begin>2026-09-01T16:14:33.348906+00:00</begin>
                  <end>2026-09-01T16:14:34.348906+00:00</end>
                </TimeSpan>
                <Point>
                  <coordinates>-80.57814392771789,37.19670166260832,0</coordinates>
                </Point>
              </Placemark>
              <Placemark>
                <name>Telemetry 9</name>
                <styleUrl>#modifiedtelemetry</styleUrl>
                <TimeSpan>
                  <begin>2026-09-01T16:14:34.348906+00:00</begin>
                  <end>2026-09-01T16:14:35.348906+00:00</end>
                </TimeSpan>
                <Point>
                  <coordinates>-80.57812974002694,37.19663489860375,0</coordinates>
                </Point>
              </Placemark>
              <Placemark>
                <name>Telemetry 10</name>
                <styleUrl>#modifiedtelemetry</styleUrl>
                <TimeSpan>
                  <begin>2026-09-01T16:14:35.348906+00:00</begin>
                  <end>2026-09-01T16:14:36.348906+00:00</end>
                </TimeSpan>
                <Point>
                  <coordinates>-80.57808680009781,37.19657292090538,0</coordinates>
                </Point>
              </Placemark>
              <Placemark>
                <name>Telemetry 11</name>
                <styleUrl>#modifiedtelemetry</styleUrl>
                <TimeSpan>
                  <begin>2026-09-01T16:14:36.348906+00:00</begin>
                  <end>2026-09-01T16:14:37.348906+00:00</end>
                </TimeSpan>
                <Point>
                  <coordinates>-80.57801685035301,37.19652877181478,0</coordinates>
                </Point>
              </Placemark>
              <Placemark>
                <name>Telemetry 12</name>
                <styleUrl>#modifiedtelemetry</styleUrl>
                <TimeSpan>
                  <begin>2026-09-01T16:14:37.348906+00:00</begin>
                  <end>2026-09-01T16:14:38.348906+00:00</end>
                </TimeSpan>
                <Point>
                  <coordinates>-80.57795541973255,37.19650790849303,0</coordinates>
                </Point>
              </Placemark>
              <Placemark>
                <name>Telemetry 13</name>
                <styleUrl>#modifiedtelemetry</styleUrl>
                <TimeSpan>
                  <begin>2026-09-01T16:14:38.348906+00:00</begin>
                  <end>2026-09-01T16:14:39.348906+00:00</end>
                </TimeSpan>
                <Point>
                  <coordinates>-80.57779490248247,37.19643592110631,0</coordinates>
                </Point>
              </Placemark>
              <Placemark>
                <name>Telemetry 14</name>
                <styleUrl>#modifiedtelemetry</styleUrl>
                <TimeSpan>
                  <begin>2026-09-01T16:14:39.348906+00:00</begin>
                  <end>2026-09-01T16:14:40.348906+00:00</end>
                </TimeSpan>
                <Point>
                  <coordinates>-80.57771381708879,37.19639543761661,0</coordinates>
                </Point>
              </Placemark>
              <Placemark>
                <name>Telemetry 15</name>
                <styleUrl>#modifiedtelemetry</styleUrl>
                <TimeSpan>
                  <begin>2026-09-01T16:14:40.348906+00:00</begin>
                  <end>2026-09-01T16:14:41.348906+00:00</end>
                </TimeSpan>
                <Point>
                  <coordinates>-80.5776456115435,37.19635960981006,0</coordinates>
                </Point>
              </Placemark>
              <Placemark>
                <name>Telemetry 16</name>
                <styleUrl>#modifiedtelemetry</styleUrl>
                <TimeSpan>
                  <begin>2026-09-01T16:14:41.348906+00:00</begin>
                  <end>2026-09-01T16:14:42.348906+00:00</end>
                </TimeSpan>
                <Point>
                  <coordinates>-80.57757190904874,37.19632841915715,0</coordinates>
                </Point>
              </Placemark>
              <Placemark>
                <name>Telemetry 17</name>
                <styleUrl>#modifiedtelemetry</styleUrl>
                <TimeSpan>
                  <begin>2026-09-01T16:14:42.348906+00:00</begin>
                  <end>2026-09-01T16:14:43.348906+00:00</end>
                </TimeSpan>
                <Point>
                  <coordinates>-80.57751114071674,37.19631735230622,0</coordinates>
                </Point>
              </Placemark>
              <Placemark>
                <name>Telemetry 18</name>
                <styleUrl>#modifiedtelemetry</styleUrl>
                <TimeSpan>
                  <begin>2026-09-01T16:14:43.348906+00:00</begin>
                  <end>2026-09-01T16:14:44.348906+00:00</end>
                </TimeSpan>
                <Point>
                  <coordinates>-80.57742677046657,37.19631370494702,0</coordinates>
                </Point>
              </Placemark>
              <Placemark>
                <name>Telemetry 19</name>
                <styleUrl>#modifiedtelemetry</styleUrl>
                <TimeSpan>
                  <begin>2026-09-01T16:14:44.348906+00:00</begin>
                  <end>2026-09-01T16:14:45.348906+00:00</end>
                </TimeSpan>
                <Point>
                  <coordinates>-80.5773706,37.1963054,0</coordinates>
                </Point>
              </Placemark>
              <Placemark>
                <name>Telemetry 20</name>
                <styleUrl>#modifiedtelemetry</styleUrl>
                <TimeSpan>
                  <begin>2026-09-01T16:14:45.348906+00:00</begin>
                  <end>2026-09-01T16:14:46.348906+00:00</end>
                </TimeSpan>
                <Point>
                  <coordinates>-80.5771453,37.1963577,0</coordinates>
                </Point>
              </Placemark>
              <Placemark>
                <name>Telemetry 21</name>
                <styleUrl>#modifiedtelemetry</styleUrl>
                <TimeSpan>
                  <begin>2026-09-01T16:14:46.348906+00:00</begin>
                  <end>2026-09-01T16:14:47.348906+00:00</end>
                </TimeSpan>
                <Point>
                  <coordinates>-80.5771265,37.1965735,0</coordinates>
                </Point>
              </Placemark>
              <Placemark>
                <name>Telemetry 22</name>
                <styleUrl>#modifiedtelemetry</styleUrl>
                <TimeSpan>
                  <begin>2026-09-01T16:14:47.348906+00:00</begin>
                  <end>2026-09-01T16:14:48.348906+00:00</end>
                </TimeSpan>
                <Point>
                  <coordinates>-80.57744590087025,37.19665029738701,0</coordinates>
                </Point>
              </Placemark>
              <Placemark>
                <name>Telemetry 23</name>
                <styleUrl>#modifiedtelemetry</styleUrl>
                <TimeSpan>
                  <begin>2026-09-01T16:14:48.348906+00:00</begin>
                  <end>2026-09-01T16:14:49.348906+00:00</end>
                </TimeSpan>
                <Point>
                  <coordinates>-80.5776442,37.1966013,0</coordinates>
                </Point>
              </Placemark>
              <Placemark>
                <name>Telemetry 24</name>
                <styleUrl>#modifiedtelemetry</styleUrl>
                <TimeSpan>
                  <begin>2026-09-01T16:14:49.348906+00:00</begin>
                  <end>2026-09-01T16:14:50.348906+00:00</end>
                </TimeSpan>
                <Point>
                  <coordinates>-80.57776806176655,37.1964375298218,0</coordinates>
                </Point>
              </Placemark>
              <Placemark>
                <name>Telemetry 25</name>
                <styleUrl>#modifiedtelemetry</styleUrl>
                <TimeSpan>
                  <begin>2026-09-01T16:14:50.348906+00:00</begin>
                  <end>2026-09-01T16:14:51.348906+00:00</end>
                </TimeSpan>
                <Point>
                  <coordinates>-80.57784172323511,37.1962376762061,0</coordinates>
                </Point>
              </Placemark>
              <Placemark>
                <name>Telemetry 26</name>
                <styleUrl>#modifiedtelemetry</styleUrl>
                <TimeSpan>
                  <begin>2026-09-01T16:14:51.348906+00:00</begin>
                  <end>2026-09-01T16:14:52.348906+00:00</end>
                </TimeSpan>
                <Point>
                  <coordinates>-80.5777311,37.1960563,0</coordinates>
                </Point>
              </Placemark>
              <Placemark>
                <name>Telemetry 27</name>
                <styleUrl>#modifiedtelemetry</styleUrl>
                <TimeSpan>
                  <begin>2026-09-01T16:14:52.348906+00:00</begin>
                  <end>2026-09-01T16:14:53.348906+00:00</end>
                </TimeSpan>
                <Point>
                  <coordinates>-80.57739321491916,37.19605837098315,0</coordinates>
                </Point>
              </Placemark>
              <Placemark>
                <name>Telemetry 28</name>
                <styleUrl>#modifiedtelemetry</styleUrl>
                <TimeSpan>
                  <begin>2026-09-01T16:14:53.348906+00:00</begin>
                  <end>2026-09-01T16:14:54.348906+00:00</end>
                </TimeSpan>
                <Point>
                  <coordinates>-80.5771357,37.1961151,0</coordinates>
                </Point>
              </Placemark>
              <Placemark>
                <name>Telemetry 29</name>
                <styleUrl>#modifiedtelemetry</styleUrl>
                <TimeSpan>
                  <begin>2026-09-01T16:14:54.348906+00:00</begin>
                  <end>2026-09-01T16:14:55.348906+00:00</end>
                </TimeSpan>
                <Point>
                  <coordinates>-80.5769627,37.1962283,0</coordinates>
                </Point>
              </Placemark>
              <Placemark>
                <name>Telemetry 30</name>
                <styleUrl>#modifiedtelemetry</styleUrl>
                <TimeSpan>
                  <begin>2026-09-01T16:14:55.348906+00:00</begin>
                  <end>2026-09-01T16:14:56.348906+00:00</end>
                </TimeSpan>
                <Point>
                  <coordinates>-80.5769184,37.1963885,0</coordinates>
                </Point>
              </Placemark>
              <Placemark>
                <name>Telemetry 31</name>
                <styleUrl>#modifiedtelemetry</styleUrl>
                <TimeSpan>
                  <begin>2026-09-01T16:14:56.348906+00:00</begin>
                  <end>2026-09-01T16:14:57.348906+00:00</end>
                </TimeSpan>
                <Point>
                  <coordinates>-80.5767347,37.1964356,0</coordinates>
                </Point>
              </Placemark>
              <Placemark>
                <name>Telemetry 32</name>
                <styleUrl>#modifiedtelemetry</styleUrl>
                <TimeSpan>
                  <begin>2026-09-01T16:14:57.348906+00:00</begin>
                  <end>2026-09-01T16:14:58.348906+00:00</end>
                </TimeSpan>
                <Point>
                  <coordinates>-80.5766366,37.1963538,0</coordinates>
                </Point>
              </Placemark>
              <Placemark>
                <name>Telemetry 33</name>
                <styleUrl>#modifiedtelemetry</styleUrl>
                <TimeSpan>
                  <begin>2026-09-01T16:14:58.348906+00:00</begin>
                  <end>2026-09-01T16:14:59.348906+00:00</end>
                </TimeSpan>
                <Point>
                  <coordinates>-80.5766634,37.1962096,0</coordinates>
                </Point>
              </Placemark>
              <Placemark>
                <name>Telemetry 34</name>
                <styleUrl>#modifiedtelemetry</styleUrl>
                <TimeSpan>
                  <begin>2026-09-01T16:14:59.348906+00:00</begin>
                  <end>2026-09-01T16:15:00.348906+00:00</end>
                </TimeSpan>
                <Point>
                  <coordinates>-80.5767707,37.1961284,0</coordinates>
                </Point>
              </Placemark>
              <Placemark>
                <name>Telemetry 35</name>
                <styleUrl>#modifiedtelemetry</styleUrl>
                <TimeSpan>
                  <begin>2026-09-01T16:15:00.348906+00:00</begin>
                  <end>2026-09-01T16:15:01.348906+00:00</end>
                </TimeSpan>
                <Point>
                  <coordinates>-80.5768887,37.1960493,0</coordinates>
                </Point>
              </Placemark>
              <Placemark>
                <name>Telemetry 36</name>
                <styleUrl>#modifiedtelemetry</styleUrl>
                <TimeSpan>
                  <begin>2026-09-01T16:15:01.348906+00:00</begin>
                  <end>2026-09-01T16:15:02.348906+00:00</end>
                </TimeSpan>
                <Point>
                  <coordinates>-80.5770684,37.1959745,0</coordinates>
                </Point>
              </Placemark>
              <Placemark>
                <name>Telemetry 37</name>
                <styleUrl>#modifiedtelemetry</styleUrl>
                <TimeSpan>
                  <begin>2026-09-01T16:15:02.348906+00:00</begin>
                  <end>2026-09-01T16:15:03.348906+00:00</end>
                </TimeSpan>
                <Point>
                  <coordinates>-80.5771757,37.19596070000001,0</coordinates>
                </Point>
              </Placemark>
              <Placemark>
                <name>Telemetry 38</name>
                <styleUrl>#modifiedtelemetry</styleUrl>
                <TimeSpan>
                  <begin>2026-09-01T16:15:03.348906+00:00</begin>
                  <end>2026-09-01T16:15:04.348906+00:00</end>
                </TimeSpan>
                <Point>
                  <coordinates>-80.5772937,37.19598200000001,0</coordinates>
                </Point>
              </Placemark>
              <Placemark>
                <name>Telemetry 39</name>
                <styleUrl>#modifiedtelemetry</styleUrl>
                <TimeSpan>
                  <begin>2026-09-01T16:15:04.348906+00:00</begin>
                  <end>2026-09-01T16:15:05.348906+00:00</end>
                </TimeSpan>
                <Point>
                  <coordinates>-80.5773326,37.1960942,0</coordinates>
                </Point>
              </Placemark>
              <Placemark>
                <name>Telemetry 40</name>
                <styleUrl>#modifiedtelemetry</styleUrl>
                <TimeSpan>
                  <begin>2026-09-01T16:15:05.348906+00:00</begin>
                  <end>2026-09-01T16:15:06.348906+00:00</end>
                </TimeSpan>
                <Point>
                  <coordinates>-80.577283,37.19619780000001,0</coordinates>
                </Point>
              </Placemark>
              <Placemark>
                <name>Telemetry 41</name>
                <styleUrl>#modifiedtelemetry</styleUrl>
                <TimeSpan>
                  <begin>2026-09-01T16:15:06.348906+00:00</begin>
                  <end>2026-09-01T16:15:07.348906+00:00</end>
                </TimeSpan>
                <Point>
                  <coordinates>-80.5772602,37.1963495,0</coordinates>
                </Point>
              </Placemark>
              <Placemark>
                <name>Telemetry 42</name>
                <styleUrl>#modifiedtelemetry</styleUrl>
                <TimeSpan>
                  <begin>2026-09-01T16:15:07.348906+00:00</begin>
                  <end>2026-09-01T16:15:08.348906+00:00</end>
                </TimeSpan>
                <Point>
                  <coordinates>-80.5772817,37.1964692,0</coordinates>
                </Point>
              </Placemark>
              <Placemark>
                <name>Telemetry 43</name>
                <styleUrl>#modifiedtelemetry</styleUrl>
                <TimeSpan>
                  <begin>2026-09-01T16:15:08.348906+00:00</begin>
                  <end>2026-09-01T16:15:09.348906+00:00</end>
                </TimeSpan>
                <Point>
                  <coordinates>-80.5773863,37.1965546,0</coordinates>
                </Point>
              </Placemark>
              <Placemark>
                <name>Telemetry 44</name>
                <styleUrl>#modifiedtelemetry</styleUrl>
                <TimeSpan>
                  <begin>2026-09-01T16:15:09.348906+00:00</begin>
                  <end>2026-09-01T16:15:10.348906+00:00</end>
                </TimeSpan>
                <Point>
                  <coordinates>-80.5775406,37.1965589,0</coordinates>
                </Point>
              </Placemark>
              <Placemark>
                <name>Telemetry 45</name>
                <styleUrl>#modifiedtelemetry</styleUrl>
                <TimeSpan>
                  <begin>2026-09-01T16:15:10.348906+00:00</begin>
                  <end>2026-09-01T16:15:11.348906+00:00</end>
                </TimeSpan>
                <Point>
                  <coordinates>-80.57763850000002,37.1965782,0</coordinates>
                </Point>
              </Placemark>
              <Placemark>
                <name>Telemetry 46</name>
                <styleUrl>#modifiedtelemetry</styleUrl>
                <TimeSpan>
                  <begin>2026-09-01T16:15:11.348906+00:00</begin>
                  <end>2026-09-01T16:15:12.348906+00:00</end>
                </TimeSpan>
                <Point>
                  <coordinates>-80.57763850000002,37.1966679,0</coordinates>
                </Point>
              </Placemark>
              <Placemark>
                <name>Telemetry 47</name>
                <styleUrl>#modifiedtelemetry</styleUrl>
                <TimeSpan>
                  <begin>2026-09-01T16:15:12.348906+00:00</begin>
                  <end>2026-09-01T16:15:13.348906+00:00</end>
                </TimeSpan>
                <Point>
                  <coordinates>-80.5775473,37.1967074,0</coordinates>
                </Point>
              </Placemark>
              <Placemark>
                <name>Telemetry 48</name>
                <styleUrl>#modifiedtelemetry</styleUrl>
                <TimeSpan>
                  <begin>2026-09-01T16:15:13.348906+00:00</begin>
                  <end>2026-09-01T16:15:14.348906+00:00</end>
                </TimeSpan>
                <Point>
                  <coordinates>-80.5773823,37.1966967,0</coordinates>
                </Point>
              </Placemark>
              <Placemark>
                <name>Telemetry 49</name>
                <styleUrl>#modifiedtelemetry</styleUrl>
                <TimeSpan>
                  <begin>2026-09-01T16:15:14.348906+00:00</begin>
                  <end>2026-09-01T16:15:15.348906+00:00</end>
                </TimeSpan>
                <Point>
                  <coordinates>-80.5773421,37.1966241,0</coordinates>
                </Point>
              </Placemark>
              <Placemark>
                <name>Telemetry 50</name>
                <styleUrl>#modifiedtelemetry</styleUrl>
                <TimeSpan>
                  <begin>2026-09-01T16:15:15.348906+00:00</begin>
                  <end>2026-09-01T16:15:16.348906+00:00</end>
                </TimeSpan>
                <Point>
                  <coordinates>-80.5773005,37.196528,0</coordinates>
                </Point>
              </Placemark>
              <Placemark>
                <name>Telemetry 51</name>
                <styleUrl>#modifiedtelemetry</styleUrl>
                <TimeSpan>
                  <begin>2026-09-01T16:15:16.348906+00:00</begin>
                  <end>2026-09-01T16:15:17.348906+00:00</end>
                </TimeSpan>
                <Point>
                  <coordinates>-80.5771557,37.1965055,0</coordinates>
                </Point>
              </Placemark>
              <Placemark>
                <name>Telemetry 52</name>
                <styleUrl>#modifiedtelemetry</styleUrl>
                <TimeSpan>
                  <begin>2026-09-01T16:15:17.348906+00:00</begin>
                  <end>2026-09-01T16:15:18.348906+00:00</end>
                </TimeSpan>
                <Point>
                  <coordinates>-80.5770457,37.19654400000001,0</coordinates>
                </Point>
              </Placemark>
              <Placemark>
                <name>Telemetry 53</name>
                <styleUrl>#modifiedtelemetry</styleUrl>
                <TimeSpan>
                  <begin>2026-09-01T16:15:18.348906+00:00</begin>
                  <end>2026-09-01T16:15:19.348906+00:00</end>
                </TimeSpan>
                <Point>
                  <coordinates>-80.5768834,37.19654500000001,0</coordinates>
                </Point>
              </Placemark>
              <Placemark>
                <name>Telemetry 54</name>
                <styleUrl>#modifiedtelemetry</styleUrl>
                <TimeSpan>
                  <begin>2026-09-01T16:15:19.348906+00:00</begin>
                  <end>2026-09-01T16:15:20.348906+00:00</end>
                </TimeSpan>
                <Point>
                  <coordinates>-80.5767869,37.1964831,0</coordinates>
                </Point>
              </Placemark>
              <Placemark>
                <name>Telemetry 55</name>
                <styleUrl>#modifiedtelemetry</styleUrl>
                <TimeSpan>
                  <begin>2026-09-01T16:15:20.348906+00:00</begin>
                  <end>2026-09-01T16:15:21.348906+00:00</end>
                </TimeSpan>
                <Point>
                  <coordinates>-80.5767547,37.1964083,0</coordinates>
                </Point>
              </Placemark>
              <Placemark>
                <name>Telemetry 56</name>
                <styleUrl>#modifiedtelemetry</styleUrl>
                <TimeSpan>
                  <begin>2026-09-01T16:15:21.348906+00:00</begin>
                  <end>2026-09-01T16:15:22.348906+00:00</end>
                </TimeSpan>
                <Point>
                  <coordinates>-80.5767587,37.1963228,0</coordinates>
                </Point>
              </Placemark>
              <Placemark>
                <name>Telemetry 57</name>
                <styleUrl>#modifiedtelemetry</styleUrl>
                <TimeSpan>
                  <begin>2026-09-01T16:15:22.348906+00:00</begin>
                  <end>2026-09-01T16:15:23.348906+00:00</end>
                </TimeSpan>
                <Point>
                  <coordinates>-80.5767587,37.1961893,0</coordinates>
                </Point>
              </Placemark>
              <Placemark>
                <name>Telemetry 58</name>
                <styleUrl>#modifiedtelemetry</styleUrl>
                <TimeSpan>
                  <begin>2026-09-01T16:15:23.348906+00:00</begin>
                  <end>2026-09-01T16:15:24.348906+00:00</end>
                </TimeSpan>
                <Point>
                  <coordinates>-80.5766836,37.1961348,0</coordinates>
                </Point>
              </Placemark>
              <Placemark>
                <name>Telemetry 59</name>
                <styleUrl>#modifiedtelemetry</styleUrl>
                <TimeSpan>
                  <begin>2026-09-01T16:15:24.348906+00:00</begin>
                  <end>2026-09-01T16:15:25.348906+00:00</end>
                </TimeSpan>
                <Point>
                  <coordinates>-80.5766836,37.1960205,0</coordinates>
                </Point>
              </Placemark>
              <Placemark>
                <name>Telemetry 60</name>
                <styleUrl>#modifiedtelemetry</styleUrl>
                <TimeSpan>
                  <begin>2026-09-01T16:15:25.348906+00:00</begin>
                  <end>2026-09-01T16:15:26.348906+00:00</end>
                </TimeSpan>
                <Point>
                  <coordinates>-80.5767896,37.1960077,0</coordinates>
                </Point>
              </Placemark>
              <Placemark>
                <name>Telemetry 61</name>
                <styleUrl>#modifiedtelemetry</styleUrl>
                <TimeSpan>
                  <begin>2026-09-01T16:15:26.348906+00:00</begin>
                  <end>2026-09-01T16:15:27.348906+00:00</end>
                </TimeSpan>
                <Point>
                  <coordinates>-80.5769277,37.1959671,0</coordinates>
                </Point>
              </Placemark>
              <Placemark>
                <name>Telemetry 62</name>
                <styleUrl>#modifiedtelemetry</styleUrl>
                <TimeSpan>
                  <begin>2026-09-01T16:15:27.348906+00:00</begin>
                  <end>2026-09-01T16:15:28.348906+00:00</end>
                </TimeSpan>
                <Point>
                  <coordinates>-80.5770806,37.1959051,0</coordinates>
                </Point>
              </Placemark>
              <Placemark>
                <name>Telemetry 63</name>
                <styleUrl>#modifiedtelemetry</styleUrl>
                <TimeSpan>
                  <begin>2026-09-01T16:15:28.348906+00:00</begin>
                  <end>2026-09-01T16:15:29.348906+00:00</end>
                </TimeSpan>
                <Point>
                  <coordinates>-80.5771999,37.195896600000005,0</coordinates>
                </Point>
              </Placemark>
            </Folder>
          </Folder>
        </Folder>
        <Folder>
          <name>Service Provider polling</name>
        </Folder>
        <Folder>
          <name>Service Provider polling</name>
        </Folder>
        <Folder>
          <name>Service Provider polling</name>
        </Folder>
        <Folder>
          <name>Service Provider polling</name>
        </Folder>
        <Folder>
          <name>Service Provider polling</name>
        </Folder>
        <Folder>
          <name>Verify operator notification</name>
        </Folder>
        <Folder>
          <name>Intermediate cleanup</name>
        </Folder>
        <Folder>
          <name>Retrieve pre-existing operator notification</name>
        </Folder>
        <Folder>
          <name>Injection</name>
          <Folder>
            <name>E84: uss1 interuss.automated_testing.rid.v1.injection.createTest</name>
            <Folder>
              <name>Test flight 0df6fcee-1695-4d89-a08f-1fbf98f8c562</name>
              <Placemark>
                <name>Telemetry 0</name>
                <styleUrl>#modifiedtelemetry</styleUrl>
                <TimeSpan>
                  <begin>2026-09-01T16:14:36.006863+00:00</begin>
                  <end>2026-09-01T16:14:37.006863+00:00</end>
                </TimeSpan>
                <Point>
                  <coordinates>-80.57798081614081,37.197059404721635,0</coordinates>
                </Point>
              </Placemark>
              <Placemark>
                <name>Telemetry 1</name>
                <styleUrl>#modifiedtelemetry</styleUrl>
                <TimeSpan>
                  <begin>2026-09-01T16:14:37.006863+00:00</begin>
                  <end>2026-09-01T16:14:38.006863+00:00</end>
                </TimeSpan>
                <Point>
                  <coordinates>-80.57798798375362,37.197016214133484,0</coordinates>
                </Point>
              </Placemark>
              <Placemark>
                <name>Telemetry 2</name>
                <styleUrl>#modifiedtelemetry</styleUrl>
                <TimeSpan>
                  <begin>2026-09-01T16:14:38.006863+00:00</begin>
                  <end>2026-09-01T16:14:39.006863+00:00</end>
                </TimeSpan>
                <Point>
                  <coordinates>-80.57800212690604,37.196972734164305,0</coordinates>
                </Point>
              </Placemark>
              <Placemark>
                <name>Telemetry 3</name>
                <styleUrl>#modifiedtelemetry</styleUrl>
                <TimeSpan>
                  <begin>2026-09-01T16:14:39.006863+00:00</begin>
                  <end>2026-09-01T16:14:40.006863+00:00</end>
                </TimeSpan>
                <Point>
                  <coordinates>-80.57802342452034,37.196931703788785,0</coordinates>
                </Point>
              </Placemark>
              <Placemark>
                <name>Telemetry 4</name>
                <styleUrl>#modifiedtelemetry</styleUrl>
                <TimeSpan>
                  <begin>2026-09-01T16:14:40.006863+00:00</begin>
                  <end>2026-09-01T16:14:41.006863+00:00</end>
                </TimeSpan>
                <Point>
                  <coordinates>-80.57805344862881,37.19689368575391,0</coordinates>
                </Point>
              </Placemark>
              <Placemark>
                <name>Telemetry 5</name>
                <styleUrl>#modifiedtelemetry</styleUrl>
                <TimeSpan>
                  <begin>2026-09-01T16:14:41.006863+00:00</begin>
                  <end>2026-09-01T16:14:42.006863+00:00</end>
                </TimeSpan>
                <Point>
                  <coordinates>-80.57808720822365,37.19685213076737,0</coordinates>
                </Point>
              </Placemark>
              <Placemark>
                <name>Telemetry 6</name>
                <styleUrl>#modifiedtelemetry</styleUrl>
                <TimeSpan>
                  <begin>2026-09-01T16:14:42.006863+00:00</begin>
                  <end>2026-09-01T16:14:43.006863+00:00</end>
                </TimeSpan>
                <Point>
                  <coordinates>-80.57811722777369,37.19680923519623,0</coordinates>
                </Point>
              </Placemark>
              <Placemark>
                <name>Telemetry 7</name>
                <styleUrl>#modifiedtelemetry</styleUrl>
                <TimeSpan>
                  <begin>2026-09-01T16:14:43.006863+00:00</begin>
                  <end>2026-09-01T16:14:44.006863+00:00</end>
                </TimeSpan>
                <Point>
                  <coordinates>-80.5781323958596,37.1967658046547,0</coordinates>
                </Point>
              </Placemark>
              <Placemark>
                <name>Telemetry 8</name>
                <styleUrl>#modifiedtelemetry</styleUrl>
                <TimeSpan>
                  <begin>2026-09-01T16:14:44.006863+00:00</begin>
                  <end>2026-09-01T16:14:45.006863+00:00</end>
                </TimeSpan>
                <Point>
                  <coordinates>-80.57814392771789,37.19670166260832,0</coordinates>
                </Point>
              </Placemark>
              <Placemark>
                <name>Telemetry 9</name>
                <styleUrl>#modifiedtelemetry</styleUrl>
                <TimeSpan>
                  <begin>2026-09-01T16:14:45.006863+00:00</begin>
                  <end>2026-09-01T16:14:46.006863+00:00</end>
                </TimeSpan>
                <Point>
                  <coordinates>-80.57812974002694,37.19663489860375,0</coordinates>
                </Point>
              </Placemark>
              <Placemark>
                <name>Telemetry 10</name>
                <styleUrl>#modifiedtelemetry</styleUrl>
                <TimeSpan>
                  <begin>2026-09-01T16:14:46.006863+00:00</begin>
                  <end>2026-09-01T16:14:47.006863+00:00</end>
                </TimeSpan>
                <Point>
                  <coordinates>-80.57808680009781,37.19657292090538,0</coordinates>
                </Point>
              </Placemark>
              <Placemark>
                <name>Telemetry 11</name>
                <styleUrl>#modifiedtelemetry</styleUrl>
                <TimeSpan>
                  <begin>2026-09-01T16:14:47.006863+00:00</begin>
                  <end>2026-09-01T16:14:48.006863+00:00</end>
                </TimeSpan>
                <Point>
                  <coordinates>-80.57801685035301,37.19652877181478,0</coordinates>
                </Point>
              </Placemark>
              <Placemark>
                <name>Telemetry 12</name>
                <styleUrl>#modifiedtelemetry</styleUrl>
                <TimeSpan>
                  <begin>2026-09-01T16:14:48.006863+00:00</begin>
                  <end>2026-09-01T16:14:49.006863+00:00</end>
                </TimeSpan>
                <Point>
                  <coordinates>-80.57795541973255,37.19650790849303,0</coordinates>
                </Point>
              </Placemark>
              <Placemark>
                <name>Telemetry 13</name>
                <styleUrl>#modifiedtelemetry</styleUrl>
                <TimeSpan>
                  <begin>2026-09-01T16:14:49.006863+00:00</begin>
                  <end>2026-09-01T16:14:50.006863+00:00</end>
                </TimeSpan>
                <Point>
                  <coordinates>-80.57779490248247,37.19643592110631,0</coordinates>
                </Point>
              </Placemark>
              <Placemark>
                <name>Telemetry 14</name>
                <styleUrl>#modifiedtelemetry</styleUrl>
                <TimeSpan>
                  <begin>2026-09-01T16:14:50.006863+00:00</begin>
                  <end>2026-09-01T16:14:51.006863+00:00</end>
                </TimeSpan>
                <Point>
                  <coordinates>-80.57771381708879,37.19639543761661,0</coordinates>
                </Point>
              </Placemark>
              <Placemark>
                <name>Telemetry 15</name>
                <styleUrl>#modifiedtelemetry</styleUrl>
                <TimeSpan>
                  <begin>2026-09-01T16:14:51.006863+00:00</begin>
                  <end>2026-09-01T16:14:52.006863+00:00</end>
                </TimeSpan>
                <Point>
                  <coordinates>-80.5776456115435,37.19635960981006,0</coordinates>
                </Point>
              </Placemark>
              <Placemark>
                <name>Telemetry 16</name>
                <styleUrl>#modifiedtelemetry</styleUrl>
                <TimeSpan>
                  <begin>2026-09-01T16:14:52.006863+00:00</begin>
                  <end>2026-09-01T16:14:53.006863+00:00</end>
                </TimeSpan>
                <Point>
                  <coordinates>-80.57757190904874,37.19632841915715,0</coordinates>
                </Point>
              </Placemark>
              <Placemark>
                <name>Telemetry 17</name>
                <styleUrl>#modifiedtelemetry</styleUrl>
                <TimeSpan>
                  <begin>2026-09-01T16:14:53.006863+00:00</begin>
                  <end>2026-09-01T16:14:54.006863+00:00</end>
                </TimeSpan>
                <Point>
                  <coordinates>-80.57751114071674,37.19631735230622,0</coordinates>
                </Point>
              </Placemark>
              <Placemark>
                <name>Telemetry 18</name>
                <styleUrl>#modifiedtelemetry</styleUrl>
                <TimeSpan>
                  <begin>2026-09-01T16:14:54.006863+00:00</begin>
                  <end>2026-09-01T16:14:55.006863+00:00</end>
                </TimeSpan>
                <Point>
                  <coordinates>-80.57742677046657,37.19631370494702,0</coordinates>
                </Point>
              </Placemark>
              <Placemark>
                <name>Telemetry 19</name>
                <styleUrl>#modifiedtelemetry</styleUrl>
                <TimeSpan>
                  <begin>2026-09-01T16:14:55.006863+00:00</begin>
                  <end>2026-09-01T16:14:56.006863+00:00</end>
                </TimeSpan>
                <Point>
                  <coordinates>-80.5773706,37.1963054,0</coordinates>
                </Point>
              </Placemark>
              <Placemark>
                <name>Telemetry 20</name>
                <styleUrl>#modifiedtelemetry</styleUrl>
                <TimeSpan>
                  <begin>2026-09-01T16:14:56.006863+00:00</begin>
                  <end>2026-09-01T16:14:57.006863+00:00</end>
                </TimeSpan>
                <Point>
                  <coordinates>-80.5771453,37.1963577,0</coordinates>
                </Point>
              </Placemark>
              <Placemark>
                <name>Telemetry 21</name>
                <styleUrl>#modifiedtelemetry</styleUrl>
                <TimeSpan>
                  <begin>2026-09-01T16:14:57.006863+00:00</begin>
                  <end>2026-09-01T16:14:58.006863+00:00</end>
                </TimeSpan>
                <Point>
                  <coordinates>-80.5771265,37.1965735,0</coordinates>
                </Point>
              </Placemark>
              <Placemark>
                <name>Telemetry 22</name>
                <styleUrl>#modifiedtelemetry</styleUrl>
                <TimeSpan>
                  <begin>2026-09-01T16:14:58.006863+00:00</begin>
                  <end>2026-09-01T16:14:59.006863+00:00</end>
                </TimeSpan>
                <Point>
                  <coordinates>-80.57744590087025,37.19665029738701,0</coordinates>
                </Point>
              </Placemark>
              <Placemark>
                <name>Telemetry 23</name>
                <styleUrl>#modifiedtelemetry</styleUrl>
                <TimeSpan>
                  <begin>2026-09-01T16:14:59.006863+00:00</begin>
                  <end>2026-09-01T16:15:00.006863+00:00</end>
                </TimeSpan>
                <Point>
                  <coordinates>-80.5776442,37.1966013,0</coordinates>
                </Point>
              </Placemark>
              <Placemark>
                <name>Telemetry 24</name>
                <styleUrl>#modifiedtelemetry</styleUrl>
                <TimeSpan>
                  <begin>2026-09-01T16:15:00.006863+00:00</begin>
                  <end>2026-09-01T16:15:01.006863+00:00</end>
                </TimeSpan>
                <Point>
                  <coordinates>-80.57776806176655,37.1964375298218,0</coordinates>
                </Point>
              </Placemark>
              <Placemark>
                <name>Telemetry 25</name>
                <styleUrl>#modifiedtelemetry</styleUrl>
                <TimeSpan>
                  <begin>2026-09-01T16:15:01.006863+00:00</begin>
                  <end>2026-09-01T16:15:02.006863+00:00</end>
                </TimeSpan>
                <Point>
                  <coordinates>-80.57784172323511,37.1962376762061,0</coordinates>
                </Point>
              </Placemark>
              <Placemark>
                <name>Telemetry 26</name>
                <styleUrl>#modifiedtelemetry</styleUrl>
                <TimeSpan>
                  <begin>2026-09-01T16:15:02.006863+00:00</begin>
                  <end>2026-09-01T16:15:03.006863+00:00</end>
                </TimeSpan>
                <Point>
                  <coordinates>-80.5777311,37.1960563,0</coordinates>
                </Point>
              </Placemark>
              <Placemark>
                <name>Telemetry 27</name>
                <styleUrl>#modifiedtelemetry</styleUrl>
                <TimeSpan>
                  <begin>2026-09-01T16:15:03.006863+00:00</begin>
                  <end>2026-09-01T16:15:04.006863+00:00</end>
                </TimeSpan>
                <Point>
                  <coordinates>-80.57739321491916,37.19605837098315,0</coordinates>
                </Point>
              </Placemark>
              <Placemark>
                <name>Telemetry 28</name>
                <styleUrl>#modifiedtelemetry</styleUrl>
                <TimeSpan>
                  <begin>2026-09-01T16:15:04.006863+00:00</begin>
                  <end>2026-09-01T16:15:05.006863+00:00</end>
                </TimeSpan>
                <Point>
                  <coordinates>-80.5771357,37.1961151,0</coordinates>
                </Point>
              </Placemark>
              <Placemark>
                <name>Telemetry 29</name>
                <styleUrl>#modifiedtelemetry</styleUrl>
                <TimeSpan>
                  <begin>2026-09-01T16:15:05.006863+00:00</begin>
                  <end>2026-09-01T16:15:06.006863+00:00</end>
                </TimeSpan>
                <Point>
                  <coordinates>-80.5769627,37.1962283,0</coordinates>
                </Point>
              </Placemark>
              <Placemark>
                <name>Telemetry 30</name>
                <styleUrl>#modifiedtelemetry</styleUrl>
                <TimeSpan>
                  <begin>2026-09-01T16:15:06.006863+00:00</begin>
                  <end>2026-09-01T16:15:07.006863+00:00</end>
                </TimeSpan>
                <Point>
                  <coordinates>-80.5769184,37.1963885,0</coordinates>
                </Point>
              </Placemark>
              <Placemark>
                <name>Telemetry 31</name>
                <styleUrl>#modifiedtelemetry</styleUrl>
                <TimeSpan>
                  <begin>2026-09-01T16:15:07.006863+00:00</begin>
                  <end>2026-09-01T16:15:08.006863+00:00</end>
                </TimeSpan>
                <Point>
                  <coordinates>-80.5767347,37.1964356,0</coordinates>
                </Point>
              </Placemark>
              <Placemark>
                <name>Telemetry 32</name>
                <styleUrl>#modifiedtelemetry</styleUrl>
                <TimeSpan>
                  <begin>2026-09-01T16:15:08.006863+00:00</begin>
                  <end>2026-09-01T16:15:09.006863+00:00</end>
                </TimeSpan>
                <Point>
                  <coordinates>-80.5766366,37.1963538,0</coordinates>
                </Point>
              </Placemark>
              <Placemark>
                <name>Telemetry 33</name>
                <styleUrl>#modifiedtelemetry</styleUrl>
                <TimeSpan>
                  <begin>2026-09-01T16:15:09.006863+00:00</begin>
                  <end>2026-09-01T16:15:10.006863+00:00</end>
                </TimeSpan>
                <Point>
                  <coordinates>-80.5766634,37.1962096,0</coordinates>
                </Point>
              </Placemark>
              <Placemark>
                <name>Telemetry 34</name>
                <styleUrl>#modifiedtelemetry</styleUrl>
                <TimeSpan>
                  <begin>2026-09-01T16:15:10.006863+00:00</begin>
                  <end>2026-09-01T16:15:11.006863+00:00</end>
                </TimeSpan>
                <Point>
                  <coordinates>-80.5767707,37.1961284,0</coordinates>
                </Point>
              </Placemark>
              <Placemark>
                <name>Telemetry 35</name>
                <styleUrl>#modifiedtelemetry</styleUrl>
                <TimeSpan>
                  <begin>2026-09-01T16:15:11.006863+00:00</begin>
                  <end>2026-09-01T16:15:12.006863+00:00</end>
                </TimeSpan>
                <Point>
                  <coordinates>-80.5768887,37.1960493,0</coordinates>
                </Point>
              </Placemark>
              <Placemark>
                <name>Telemetry 36</name>
                <styleUrl>#modifiedtelemetry</styleUrl>
                <TimeSpan>
                  <begin>2026-09-01T16:15:12.006863+00:00</begin>
                  <end>2026-09-01T16:15:13.006863+00:00</end>
                </TimeSpan>
                <Point>
                  <coordinates>-80.5770684,37.1959745,0</coordinates>
                </Point>
              </Placemark>
              <Placemark>
                <name>Telemetry 37</name>
                <styleUrl>#modifiedtelemetry</styleUrl>
                <TimeSpan>
                  <begin>2026-09-01T16:15:13.006863+00:00</begin>
                  <end>2026-09-01T16:15:14.006863+00:00</end>
                </TimeSpan>
                <Point>
                  <coordinates>-80.5771757,37.19596070000001,0</coordinates>
                </Point>
              </Placemark>
              <Placemark>
                <name>Telemetry 38</name>
                <styleUrl>#modifiedtelemetry</styleUrl>
                <TimeSpan>
                  <begin>2026-09-01T16:15:14.006863+00:00</begin>
                  <end>2026-09-01T16:15:15.006863+00:00</end>
                </TimeSpan>
                <Point>
                  <coordinates>-80.5772937,37.19598200000001,0</coordinates>
                </Point>
              </Placemark>
              <Placemark>
                <name>Telemetry 39</name>
                <styleUrl>#modifiedtelemetry</styleUrl>
                <TimeSpan>
                  <begin>2026-09-01T16:15:15.006863+00:00</begin>
                  <end>2026-09-01T16:15:16.006863+00:00</end>
                </TimeSpan>
                <Point>
                  <coordinates>-80.5773326,37.1960942,0</coordinates>
                </Point>
              </Placemark>
              <Placemark>
                <name>Telemetry 40</name>
                <styleUrl>#modifiedtelemetry</styleUrl>
                <TimeSpan>
                  <begin>2026-09-01T16:15:16.006863+00:00</begin>
                  <end>2026-09-01T16:15:17.006863+00:00</end>
                </TimeSpan>
                <Point>
                  <coordinates>-80.577283,37.19619780000001,0</coordinates>
                </Point>
              </Placemark>
              <Placemark>
                <name>Telemetry 41</name>
                <styleUrl>#modifiedtelemetry</styleUrl>
                <TimeSpan>
                  <begin>2026-09-01T16:15:17.006863+00:00</begin>
                  <end>2026-09-01T16:15:18.006863+00:00</end>
                </TimeSpan>
                <Point>
                  <coordinates>-80.5772602,37.1963495,0</coordinates>
                </Point>
              </Placemark>
              <Placemark>
                <name>Telemetry 42</name>
                <styleUrl>#modifiedtelemetry</styleUrl>
                <TimeSpan>
                  <begin>2026-09-01T16:15:18.006863+00:00</begin>
                  <end>2026-09-01T16:15:19.006863+00:00</end>
                </TimeSpan>
                <Point>
                  <coordinates>-80.5772817,37.1964692,0</coordinates>
                </Point>
              </Placemark>
              <Placemark>
                <name>Telemetry 43</name>
                <styleUrl>#modifiedtelemetry</styleUrl>
                <TimeSpan>
                  <begin>2026-09-01T16:15:19.006863+00:00</begin>
                  <end>2026-09-01T16:15:20.006863+00:00</end>
                </TimeSpan>
                <Point>
                  <coordinates>-80.5773863,37.1965546,0</coordinates>
                </Point>
              </Placemark>
              <Placemark>
                <name>Telemetry 44</name>
                <styleUrl>#modifiedtelemetry</styleUrl>
                <TimeSpan>
                  <begin>2026-09-01T16:15:20.006863+00:00</begin>
                  <end>2026-09-01T16:15:21.006863+00:00</end>
                </TimeSpan>
                <Point>
                  <coordinates>-80.5775406,37.1965589,0</coordinates>
                </Point>
              </Placemark>
              <Placemark>
                <name>Telemetry 45</name>
                <styleUrl>#modifiedtelemetry</styleUrl>
                <TimeSpan>
                  <begin>2026-09-01T16:15:21.006863+00:00</begin>
                  <end>2026-09-01T16:15:22.006863+00:00</end>
                </TimeSpan>
                <Point>
                  <coordinates>-80.57763850000002,37.1965782,0</coordinates>
                </Point>
              </Placemark>
              <Placemark>
                <name>Telemetry 46</name>
                <styleUrl>#modifiedtelemetry</styleUrl>
                <TimeSpan>
                  <begin>2026-09-01T16:15:22.006863+00:00</begin>
                  <end>2026-09-01T16:15:23.006863+00:00</end>
                </TimeSpan>
                <Point>
                  <coordinates>-80.57763850000002,37.1966679,0</coordinates>
                </Point>
              </Placemark>
              <Placemark>
                <name>Telemetry 47</name>
                <styleUrl>#modifiedtelemetry</styleUrl>
                <TimeSpan>
                  <begin>2026-09-01T16:15:23.006863+00:00</begin>
                  <end>2026-09-01T16:15:24.006863+00:00</end>
                </TimeSpan>
                <Point>
                  <coordinates>-80.5775473,37.1967074,0</coordinates>
                </Point>
              </Placemark>
              <Placemark>
                <name>Telemetry 48</name>
                <styleUrl>#modifiedtelemetry</styleUrl>
                <TimeSpan>
                  <begin>2026-09-01T16:15:24.006863+00:00</begin>
                  <end>2026-09-01T16:15:25.006863+00:00</end>
                </TimeSpan>
                <Point>
                  <coordinates>-80.5773823,37.1966967,0</coordinates>
                </Point>
              </Placemark>
              <Placemark>
                <name>Telemetry 49</name>
                <styleUrl>#modifiedtelemetry</styleUrl>
                <TimeSpan>
                  <begin>2026-09-01T16:15:25.006863+00:00</begin>
                  <end>2026-09-01T16:15:26.006863+00:00</end>
                </TimeSpan>
                <Point>
                  <coordinates>-80.5773421,37.1966241,0</coordinates>
                </Point>
              </Placemark>
              <Placemark>
                <name>Telemetry 50</name>
                <styleUrl>#modifiedtelemetry</styleUrl>
                <TimeSpan>
                  <begin>2026-09-01T16:15:26.006863+00:00</begin>
                  <end>2026-09-01T16:15:27.006863+00:00</end>
                </TimeSpan>
                <Point>
                  <coordinates>-80.5773005,37.196528,0</coordinates>
                </Point>
              </Placemark>
              <Placemark>
                <name>Telemetry 51</name>
                <styleUrl>#modifiedtelemetry</styleUrl>
                <TimeSpan>
                  <begin>2026-09-01T16:15:27.006863+00:00</begin>
                  <end>2026-09-01T16:15:28.006863+00:00</end>
                </TimeSpan>
                <Point>
                  <coordinates>-80.5771557,37.1965055,0</coordinates>
                </Point>
              </Placemark>
              <Placemark>
                <name>Telemetry 52</name>
                <styleUrl>#modifiedtelemetry</styleUrl>
                <TimeSpan>
                  <begin>2026-09-01T16:15:28.006863+00:00</begin>
                  <end>2026-09-01T16:15:29.006863+00:00</end>
                </TimeSpan>
                <Point>
                  <coordinates>-80.5770457,37.19654400000001,0</coordinates>
                </Point>
              </Placemark>
              <Placemark>
                <name>Telemetry 53</name>
                <styleUrl>#modifiedtelemetry</styleUrl>
                <TimeSpan>
                  <begin>2026-09-01T16:15:29.006863+00:00</begin>
                  <end>2026-09-01T16:15:30.006863+00:00</end>
                </TimeSpan>
                <Point>
                  <coordinates>-80.5768834,37.19654500000001,0</coordinates>
                </Point>
              </Placemark>
              <Placemark>
                <name>Telemetry 54</name>
                <styleUrl>#modifiedtelemetry</styleUrl>
                <TimeSpan>
                  <begin>2026-09-01T16:15:30.006863+00:00</begin>
                  <end>2026-09-01T16:15:31.006863+00:00</end>
                </TimeSpan>
                <Point>
                  <coordinates>-80.5767869,37.1964831,0</coordinates>
                </Point>
              </Placemark>
              <Placemark>
                <name>Telemetry 55</name>
                <styleUrl>#modifiedtelemetry</styleUrl>
                <TimeSpan>
                  <begin>2026-09-01T16:15:31.006863+00:00</begin>
                  <end>2026-09-01T16:15:32.006863+00:00</end>
                </TimeSpan>
                <Point>
                  <coordinates>-80.5767547,37.1964083,0</coordinates>
                </Point>
              </Placemark>
              <Placemark>
                <name>Telemetry 56</name>
                <styleUrl>#modifiedtelemetry</styleUrl>
                <TimeSpan>
                  <begin>2026-09-01T16:15:32.006863+00:00</begin>
                  <end>2026-09-01T16:15:33.006863+00:00</end>
                </TimeSpan>
                <Point>
                  <coordinates>-80.5767587,37.1963228,0</coordinates>
                </Point>
              </Placemark>
              <Placemark>
                <name>Telemetry 57</name>
                <styleUrl>#modifiedtelemetry</styleUrl>
                <TimeSpan>
                  <begin>2026-09-01T16:15:33.006863+00:00</begin>
                  <end>2026-09-01T16:15:34.006863+00:00</end>
                </TimeSpan>
                <Point>
                  <coordinates>-80.5767587,37.1961893,0</coordinates>
                </Point>
              </Placemark>
              <Placemark>
                <name>Telemetry 58</name>
                <styleUrl>#modifiedtelemetry</styleUrl>
                <TimeSpan>
                  <begin>2026-09-01T16:15:34.006863+00:00</begin>
                  <end>2026-09-01T16:15:35.006863+00:00</end>
                </TimeSpan>
                <Point>
                  <coordinates>-80.5766836,37.1961348,0</coordinates>
                </Point>
              </Placemark>
              <Placemark>
                <name>Telemetry 59</name>
                <styleUrl>#modifiedtelemetry</styleUrl>
                <TimeSpan>
                  <begin>2026-09-01T16:15:35.006863+00:00</begin>
                  <end>2026-09-01T16:15:36.006863+00:00</end>
                </TimeSpan>
                <Point>
                  <coordinates>-80.5766836,37.1960205,0</coordinates>
                </Point>
              </Placemark>
              <Placemark>
                <name>Telemetry 60</name>
                <styleUrl>#modifiedtelemetry</styleUrl>
                <TimeSpan>
                  <begin>2026-09-01T16:15:36.006863+00:00</begin>
                  <end>2026-09-01T16:15:37.006863+00:00</end>
                </TimeSpan>
                <Point>
                  <coordinates>-80.5767896,37.1960077,0</coordinates>
                </Point>
              </Placemark>
              <Placemark>
                <name>Telemetry 61</name>
                <styleUrl>#modifiedtelemetry</styleUrl>
                <TimeSpan>
                  <begin>2026-09-01T16:15:37.006863+00:00</begin>
                  <end>2026-09-01T16:15:38.006863+00:00</end>
                </TimeSpan>
                <Point>
                  <coordinates>-80.5769277,37.1959671,0</coordinates>
                </Point>
              </Placemark>
              <Placemark>
                <name>Telemetry 62</name>
                <styleUrl>#modifiedtelemetry</styleUrl>
                <TimeSpan>
                  <begin>2026-09-01T16:15:38.006863+00:00</begin>
                  <end>2026-09-01T16:15:39.006863+00:00</end>
                </TimeSpan>
                <Point>
                  <coordinates>-80.5770806,37.1959051,0</coordinates>
                </Point>
              </Placemark>
              <Placemark>
                <name>Telemetry 63</name>
                <styleUrl>#modifiedtelemetry</styleUrl>
                <TimeSpan>
                  <begin>2026-09-01T16:15:39.006863+00:00</begin>
                  <end>2026-09-01T16:15:40.006863+00:00</end>
                </TimeSpan>
                <Point>
                  <coordinates>-80.5771999,37.195896600000005,0</coordinates>
                </Point>
              </Placemark>
            </Folder>
          </Folder>
        </Folder>
        <Folder>
          <name>Service Provider polling</name>
        </Folder>
        <Folder>
          <name>Service Provider polling</name>
        </Folder>
        <Folder>
          <name>Service Provider polling</name>
        </Folder>
        <Folder>
          <name>Service Provider polling</name>
        </Folder>
        <Folder>
          <name>Service Provider polling</name>
        </Folder>
        <Folder>
          <name>Verify operator notification</name>
        </Folder>
        <Folder>
          <name>Intermediate cleanup</name>
        </Folder>
        <Folder>
          <name>Retrieve pre-existing operator notification</name>
        </Folder>
        <Folder>
          <name>Injection</name>
          <Folder>
            <name>E104: uss1 interuss.automated_testing.rid.v1.injection.createTest</name>
            <Folder>
              <name>Test flight 22f6c373-6f0b-4dfb-9e37-58964db2b6d8</name>
              <Placemark>
                <name>Telemetry 0</name>
                <styleUrl>#modifiedtelemetry</styleUrl>
                <TimeSpan>
                  <begin>2026-09-01T16:14:46.623773+00:00</begin>
                  <end>2026-09-01T16:14:47.623773+00:00</end>
                </TimeSpan>
                <Point>
                  <coordinates>-80.57798081614081,37.197059404721635,0</coordinates>
                </Point>
              </Placemark>
              <Placemark>
                <name>Telemetry 1</name>
                <styleUrl>#modifiedtelemetry</styleUrl>
                <TimeSpan>
                  <begin>2026-09-01T16:14:47.623773+00:00</begin>
                  <end>2026-09-01T16:14:48.623773+00:00</end>
                </TimeSpan>
                <Point>
                  <coordinates>-80.57798798375362,37.197016214133484,0</coordinates>
                </Point>
              </Placemark>
              <Placemark>
                <name>Telemetry 2</name>
                <styleUrl>#modifiedtelemetry</styleUrl>
                <TimeSpan>
                  <begin>2026-09-01T16:14:48.623773+00:00</begin>
                  <end>2026-09-01T16:14:49.623773+00:00</end>
                </TimeSpan>
                <Point>
                  <coordinates>-80.57800212690604,37.196972734164305,0</coordinates>
                </Point>
              </Placemark>
              <Placemark>
                <name>Telemetry 3</name>
                <styleUrl>#modifiedtelemetry</styleUrl>
                <TimeSpan>
                  <begin>2026-09-01T16:14:49.623773+00:00</begin>
                  <end>2026-09-01T16:14:50.623773+00:00</end>
                </TimeSpan>
                <Point>
                  <coordinates>-80.57802342452034,37.196931703788785,0</coordinates>
                </Point>
              </Placemark>
              <Placemark>
                <name>Telemetry 4</name>
                <styleUrl>#modifiedtelemetry</styleUrl>
                <TimeSpan>
                  <begin>2026-09-01T16:14:50.623773+00:00</begin>
                  <end>2026-09-01T16:14:51.623773+00:00</end>
                </TimeSpan>
                <Point>
                  <coordinates>-80.57805344862881,37.19689368575391,0</coordinates>
                </Point>
              </Placemark>
              <Placemark>
                <name>Telemetry 5</name>
                <styleUrl>#modifiedtelemetry</styleUrl>
                <TimeSpan>
                  <begin>2026-09-01T16:14:51.623773+00:00</begin>
                  <end>2026-09-01T16:14:52.623773+00:00</end>
                </TimeSpan>
                <Point>
                  <coordinates>-80.57808720822365,37.19685213076737,0</coordinates>
                </Point>
              </Placemark>
              <Placemark>
                <name>Telemetry 6</name>
                <styleUrl>#modifiedtelemetry</styleUrl>
                <TimeSpan>
                  <begin>2026-09-01T16:14:52.623773+00:00</begin>
                  <end>2026-09-01T16:14:53.623773+00:00</end>
                </TimeSpan>
                <Point>
                  <coordinates>-80.57811722777369,37.19680923519623,0</coordinates>
                </Point>
              </Placemark>
              <Placemark>
                <name>Telemetry 7</name>
                <styleUrl>#modifiedtelemetry</styleUrl>
                <TimeSpan>
                  <begin>2026-09-01T16:14:53.623773+00:00</begin>
                  <end>2026-09-01T16:14:54.623773+00:00</end>
                </TimeSpan>
                <Point>
                  <coordinates>-80.5781323958596,37.1967658046547,0</coordinates>
                </Point>
              </Placemark>
              <Placemark>
                <name>Telemetry 8</name>
                <styleUrl>#modifiedtelemetry</styleUrl>
                <TimeSpan>
                  <begin>2026-09-01T16:14:54.623773+00:00</begin>
                  <end>2026-09-01T16:14:55.623773+00:00</end>
                </TimeSpan>
                <Point>
                  <coordinates>-80.57814392771789,37.19670166260832,0</coordinates>
                </Point>
              </Placemark>
              <Placemark>
                <name>Telemetry 9</name>
                <styleUrl>#modifiedtelemetry</styleUrl>
                <TimeSpan>
                  <begin>2026-09-01T16:14:55.623773+00:00</begin>
                  <end>2026-09-01T16:14:56.623773+00:00</end>
                </TimeSpan>
                <Point>
                  <coordinates>-80.57812974002694,37.19663489860375,0</coordinates>
                </Point>
              </Placemark>
              <Placemark>
                <name>Telemetry 10</name>
                <styleUrl>#modifiedtelemetry</styleUrl>
                <TimeSpan>
                  <begin>2026-09-01T16:14:56.623773+00:00</begin>
                  <end>2026-09-01T16:14:57.623773+00:00</end>
                </TimeSpan>
                <Point>
                  <coordinates>-80.57808680009781,37.19657292090538,0</coordinates>
                </Point>
              </Placemark>
              <Placemark>
                <name>Telemetry 11</name>
                <styleUrl>#modifiedtelemetry</styleUrl>
                <TimeSpan>
                  <begin>2026-09-01T16:14:57.623773+00:00</begin>
                  <end>2026-09-01T16:14:58.623773+00:00</end>
                </TimeSpan>
                <Point>
                  <coordinates>-80.57801685035301,37.19652877181478,0</coordinates>
                </Point>
              </Placemark>
              <Placemark>
                <name>Telemetry 12</name>
                <styleUrl>#modifiedtelemetry</styleUrl>
                <TimeSpan>
                  <begin>2026-09-01T16:14:58.623773+00:00</begin>
                  <end>2026-09-01T16:14:59.623773+00:00</end>
                </TimeSpan>
                <Point>
                  <coordinates>-80.57795541973255,37.19650790849303,0</coordinates>
                </Point>
              </Placemark>
              <Placemark>
                <name>Telemetry 13</name>
                <styleUrl>#modifiedtelemetry</styleUrl>
                <TimeSpan>
                  <begin>2026-09-01T16:14:59.623773+00:00</begin>
                  <end>2026-09-01T16:15:00.623773+00:00</end>
                </TimeSpan>
                <Point>
                  <coordinates>-80.57779490248247,37.19643592110631,0</coordinates>
                </Point>
              </Placemark>
              <Placemark>
                <name>Telemetry 14</name>
                <styleUrl>#modifiedtelemetry</styleUrl>
                <TimeSpan>
                  <begin>2026-09-01T16:15:00.623773+00:00</begin>
                  <end>2026-09-01T16:15:01.623773+00:00</end>
                </TimeSpan>
                <Point>
                  <coordinates>-80.57771381708879,37.19639543761661,0</coordinates>
                </Point>
              </Placemark>
              <Placemark>
                <name>Telemetry 15</name>
                <styleUrl>#modifiedtelemetry</styleUrl>
                <TimeSpan>
                  <begin>2026-09-01T16:15:01.623773+00:00</begin>
                  <end>2026-09-01T16:15:02.623773+00:00</end>
                </TimeSpan>
                <Point>
                  <coordinates>-80.5776456115435,37.19635960981006,0</coordinates>
                </Point>
              </Placemark>
              <Placemark>
                <name>Telemetry 16</name>
                <styleUrl>#modifiedtelemetry</styleUrl>
                <TimeSpan>
                  <begin>2026-09-01T16:15:02.623773+00:00</begin>
                  <end>2026-09-01T16:15:03.623773+00:00</end>
                </TimeSpan>
                <Point>
                  <coordinates>-80.57757190904874,37.19632841915715,0</coordinates>
                </Point>
              </Placemark>
              <Placemark>
                <name>Telemetry 17</name>
                <styleUrl>#modifiedtelemetry</styleUrl>
                <TimeSpan>
                  <begin>2026-09-01T16:15:03.623773+00:00</begin>
                  <end>2026-09-01T16:15:04.623773+00:00</end>
                </TimeSpan>
                <Point>
                  <coordinates>-80.57751114071674,37.19631735230622,0</coordinates>
                </Point>
              </Placemark>
              <Placemark>
                <name>Telemetry 18</name>
                <styleUrl>#modifiedtelemetry</styleUrl>
                <TimeSpan>
                  <begin>2026-09-01T16:15:04.623773+00:00</begin>
                  <end>2026-09-01T16:15:05.623773+00:00</end>
                </TimeSpan>
                <Point>
                  <coordinates>-80.57742677046657,37.19631370494702,0</coordinates>
                </Point>
              </Placemark>
              <Placemark>
                <name>Telemetry 19</name>
                <styleUrl>#modifiedtelemetry</styleUrl>
                <TimeSpan>
                  <begin>2026-09-01T16:15:05.623773+00:00</begin>
                  <end>2026-09-01T16:15:06.623773+00:00</end>
                </TimeSpan>
                <Point>
                  <coordinates>-80.5773706,37.1963054,0</coordinates>
                </Point>
              </Placemark>
              <Placemark>
                <name>Telemetry 20</name>
                <styleUrl>#modifiedtelemetry</styleUrl>
                <TimeSpan>
                  <begin>2026-09-01T16:15:06.623773+00:00</begin>
                  <end>2026-09-01T16:15:07.623773+00:00</end>
                </TimeSpan>
                <Point>
                  <coordinates>-80.5771453,37.1963577,0</coordinates>
                </Point>
              </Placemark>
              <Placemark>
                <name>Telemetry 21</name>
                <styleUrl>#modifiedtelemetry</styleUrl>
                <TimeSpan>
                  <begin>2026-09-01T16:15:07.623773+00:00</begin>
                  <end>2026-09-01T16:15:08.623773+00:00</end>
                </TimeSpan>
                <Point>
                  <coordinates>-80.5771265,37.1965735,0</coordinates>
                </Point>
              </Placemark>
              <Placemark>
                <name>Telemetry 22</name>
                <styleUrl>#modifiedtelemetry</styleUrl>
                <TimeSpan>
                  <begin>2026-09-01T16:15:08.623773+00:00</begin>
                  <end>2026-09-01T16:15:09.623773+00:00</end>
                </TimeSpan>
                <Point>
                  <coordinates>-80.57744590087025,37.19665029738701,0</coordinates>
                </Point>
              </Placemark>
              <Placemark>
                <name>Telemetry 23</name>
                <styleUrl>#modifiedtelemetry</styleUrl>
                <TimeSpan>
                  <begin>2026-09-01T16:15:09.623773+00:00</begin>
                  <end>2026-09-01T16:15:10.623773+00:00</end>
                </TimeSpan>
                <Point>
                  <coordinates>-80.5776442,37.1966013,0</coordinates>
                </Point>
              </Placemark>
              <Placemark>
                <name>Telemetry 24</name>
                <styleUrl>#modifiedtelemetry</styleUrl>
                <TimeSpan>
                  <begin>2026-09-01T16:15:10.623773+00:00</begin>
                  <end>2026-09-01T16:15:11.623773+00:00</end>
                </TimeSpan>
                <Point>
                  <coordinates>-80.57776806176655,37.1964375298218,0</coordinates>
                </Point>
              </Placemark>
              <Placemark>
                <name>Telemetry 25</name>
                <styleUrl>#modifiedtelemetry</styleUrl>
                <TimeSpan>
                  <begin>2026-09-01T16:15:11.623773+00:00</begin>
                  <end>2026-09-01T16:15:12.623773+00:00</end>
                </TimeSpan>
                <Point>
                  <coordinates>-80.57784172323511,37.1962376762061,0</coordinates>
                </Point>
              </Placemark>
              <Placemark>
                <name>Telemetry 26</name>
                <styleUrl>#modifiedtelemetry</styleUrl>
                <TimeSpan>
                  <begin>2026-09-01T16:15:12.623773+00:00</begin>
                  <end>2026-09-01T16:15:13.623773+00:00</end>
                </TimeSpan>
                <Point>
                  <coordinates>-80.5777311,37.1960563,0</coordinates>
                </Point>
              </Placemark>
              <Placemark>
                <name>Telemetry 27</name>
                <styleUrl>#modifiedtelemetry</styleUrl>
                <TimeSpan>
                  <begin>2026-09-01T16:15:13.623773+00:00</begin>
                  <end>2026-09-01T16:15:14.623773+00:00</end>
                </TimeSpan>
                <Point>
                  <coordinates>-80.57739321491916,37.19605837098315,0</coordinates>
                </Point>
              </Placemark>
              <Placemark>
                <name>Telemetry 28</name>
                <styleUrl>#modifiedtelemetry</styleUrl>
                <TimeSpan>
                  <begin>2026-09-01T16:15:14.623773+00:00</begin>
                  <end>2026-09-01T16:15:15.623773+00:00</end>
                </TimeSpan>
                <Point>
                  <coordinates>-80.5771357,37.1961151,0</coordinates>
                </Point>
              </Placemark>
              <Placemark>
                <name>Telemetry 29</name>
                <styleUrl>#modifiedtelemetry</styleUrl>
                <TimeSpan>
                  <begin>2026-09-01T16:15:15.623773+00:00</begin>
                  <end>2026-09-01T16:15:16.623773+00:00</end>
                </TimeSpan>
                <Point>
                  <coordinates>-80.5769627,37.1962283,0</coordinates>
                </Point>
              </Placemark>
              <Placemark>
                <name>Telemetry 30</name>
                <styleUrl>#modifiedtelemetry</styleUrl>
                <TimeSpan>
                  <begin>2026-09-01T16:15:16.623773+00:00</begin>
                  <end>2026-09-01T16:15:17.623773+00:00</end>
                </TimeSpan>
                <Point>
                  <coordinates>-80.5769184,37.1963885,0</coordinates>
                </Point>
              </Placemark>
              <Placemark>
                <name>Telemetry 31</name>
                <styleUrl>#modifiedtelemetry</styleUrl>
                <TimeSpan>
                  <begin>2026-09-01T16:15:17.623773+00:00</begin>
                  <end>2026-09-01T16:15:18.623773+00:00</end>
                </TimeSpan>
                <Point>
                  <coordinates>-80.5767347,37.1964356,0</coordinates>
                </Point>
              </Placemark>
              <Placemark>
                <name>Telemetry 32</name>
                <styleUrl>#modifiedtelemetry</styleUrl>
                <TimeSpan>
                  <begin>2026-09-01T16:15:18.623773+00:00</begin>
                  <end>2026-09-01T16:15:19.623773+00:00</end>
                </TimeSpan>
                <Point>
                  <coordinates>-80.5766366,37.1963538,0</coordinates>
                </Point>
              </Placemark>
              <Placemark>
                <name>Telemetry 33</name>
                <styleUrl>#modifiedtelemetry</styleUrl>
                <TimeSpan>
                  <begin>2026-09-01T16:15:19.623773+00:00</begin>
                  <end>2026-09-01T16:15:20.623773+00:00</end>
                </TimeSpan>
                <Point>
                  <coordinates>-80.5766634,37.1962096,0</coordinates>
                </Point>
              </Placemark>
              <Placemark>
                <name>Telemetry 34</name>
                <styleUrl>#modifiedtelemetry</styleUrl>
                <TimeSpan>
                  <begin>2026-09-01T16:15:20.623773+00:00</begin>
                  <end>2026-09-01T16:15:21.623773+00:00</end>
                </TimeSpan>
                <Point>
                  <coordinates>-80.5767707,37.1961284,0</coordinates>
                </Point>
              </Placemark>
              <Placemark>
                <name>Telemetry 35</name>
                <styleUrl>#modifiedtelemetry</styleUrl>
                <TimeSpan>
                  <begin>2026-09-01T16:15:21.623773+00:00</begin>
                  <end>2026-09-01T16:15:22.623773+00:00</end>
                </TimeSpan>
                <Point>
                  <coordinates>-80.5768887,37.1960493,0</coordinates>
                </Point>
              </Placemark>
              <Placemark>
                <name>Telemetry 36</name>
                <styleUrl>#modifiedtelemetry</styleUrl>
                <TimeSpan>
                  <begin>2026-09-01T16:15:22.623773+00:00</begin>
                  <end>2026-09-01T16:15:23.623773+00:00</end>
                </TimeSpan>
                <Point>
                  <coordinates>-80.5770684,37.1959745,0</coordinates>
                </Point>
              </Placemark>
              <Placemark>
                <name>Telemetry 37</name>
                <styleUrl>#modifiedtelemetry</styleUrl>
                <TimeSpan>
                  <begin>2026-09-01T16:15:23.623773+00:00</begin>
                  <end>2026-09-01T16:15:24.623773+00:00</end>
                </TimeSpan>
                <Point>
                  <coordinates>-80.5771757,37.19596070000001,0</coordinates>
                </Point>
              </Placemark>
              <Placemark>
                <name>Telemetry 38</name>
                <styleUrl>#modifiedtelemetry</styleUrl>
                <TimeSpan>
                  <begin>2026-09-01T16:15:24.623773+00:00</begin>
                  <end>2026-09-01T16:15:25.623773+00:00</end>
                </TimeSpan>
                <Point>
                  <coordinates>-80.5772937,37.19598200000001,0</coordinates>
                </Point>
              </Placemark>
              <Placemark>
                <name>Telemetry 39</name>
                <styleUrl>#modifiedtelemetry</styleUrl>
                <TimeSpan>
                  <begin>2026-09-01T16:15:25.623773+00:00</begin>
                  <end>2026-09-01T16:15:26.623773+00:00</end>
                </TimeSpan>
                <Point>
                  <coordinates>-80.5773326,37.1960942,0</coordinates>
                </Point>
              </Placemark>
              <Placemark>
                <name>Telemetry 40</name>
                <styleUrl>#modifiedtelemetry</styleUrl>
                <TimeSpan>
                  <begin>2026-09-01T16:15:26.623773+00:00</begin>
                  <end>2026-09-01T16:15:27.623773+00:00</end>
                </TimeSpan>
                <Point>
                  <coordinates>-80.577283,37.19619780000001,0</coordinates>
                </Point>
              </Placemark>
              <Placemark>
                <name>Telemetry 41</name>
                <styleUrl>#modifiedtelemetry</styleUrl>
                <TimeSpan>
                  <begin>2026-09-01T16:15:27.623773+00:00</begin>
                  <end>2026-09-01T16:15:28.623773+00:00</end>
                </TimeSpan>
                <Point>
                  <coordinates>-80.5772602,37.1963495,0</coordinates>
                </Point>
              </Placemark>
              <Placemark>
                <name>Telemetry 42</name>
                <styleUrl>#modifiedtelemetry</styleUrl>
                <TimeSpan>
                  <begin>2026-09-01T16:15:28.623773+00:00</begin>
                  <end>2026-09-01T16:15:29.623773+00:00</end>
                </TimeSpan>
                <Point>
                  <coordinates>-80.5772817,37.1964692,0</coordinates>
                </Point>
              </Placemark>
              <Placemark>
                <name>Telemetry 43</name>
                <styleUrl>#modifiedtelemetry</styleUrl>
                <TimeSpan>
                  <begin>2026-09-01T16:15:29.623773+00:00</begin>
                  <end>2026-09-01T16:15:30.623773+00:00</end>
                </TimeSpan>
                <Point>
                  <coordinates>-80.5773863,37.1965546,0</coordinates>
                </Point>
              </Placemark>
              <Placemark>
                <name>Telemetry 44</name>
                <styleUrl>#modifiedtelemetry</styleUrl>
                <TimeSpan>
                  <begin>2026-09-01T16:15:30.623773+00:00</begin>
                  <end>2026-09-01T16:15:31.623773+00:00</end>
                </TimeSpan>
                <Point>
                  <coordinates>-80.5775406,37.1965589,0</coordinates>
                </Point>
              </Placemark>
              <Placemark>
                <name>Telemetry 45</name>
                <styleUrl>#modifiedtelemetry</styleUrl>
                <TimeSpan>
                  <begin>2026-09-01T16:15:31.623773+00:00</begin>
                  <end>2026-09-01T16:15:32.623773+00:00</end>
                </TimeSpan>
                <Point>
                  <coordinates>-80.57763850000002,37.1965782,0</coordinates>
                </Point>
              </Placemark>
              <Placemark>
                <name>Telemetry 46</name>
                <styleUrl>#modifiedtelemetry</styleUrl>
                <TimeSpan>
                  <begin>2026-09-01T16:15:32.623773+00:00</begin>
                  <end>2026-09-01T16:15:33.623773+00:00</end>
                </TimeSpan>
                <Point>
                  <coordinates>-80.57763850000002,37.1966679,0</coordinates>
                </Point>
              </Placemark>
              <Placemark>
                <name>Telemetry 47</name>
                <styleUrl>#modifiedtelemetry</styleUrl>
                <TimeSpan>
                  <begin>2026-09-01T16:15:33.623773+00:00</begin>
                  <end>2026-09-01T16:15:34.623773+00:00</end>
                </TimeSpan>
                <Point>
                  <coordinates>-80.5775473,37.1967074,0</coordinates>
                </Point>
              </Placemark>
              <Placemark>
                <name>Telemetry 48</name>
                <styleUrl>#modifiedtelemetry</styleUrl>
                <TimeSpan>
                  <begin>2026-09-01T16:15:34.623773+00:00</begin>
                  <end>2026-09-01T16:15:35.623773+00:00</end>
                </TimeSpan>
                <Point>
                  <coordinates>-80.5773823,37.1966967,0</coordinates>
                </Point>
              </Placemark>
              <Placemark>
                <name>Telemetry 49</name>
                <styleUrl>#modifiedtelemetry</styleUrl>
                <TimeSpan>
                  <begin>2026-09-01T16:15:35.623773+00:00</begin>
                  <end>2026-09-01T16:15:36.623773+00:00</end>
                </TimeSpan>
                <Point>
                  <coordinates>-80.5773421,37.1966241,0</coordinates>
                </Point>
              </Placemark>
              <Placemark>
                <name>Telemetry 50</name>
                <styleUrl>#modifiedtelemetry</styleUrl>
                <TimeSpan>
                  <begin>2026-09-01T16:15:36.623773+00:00</begin>
                  <end>2026-09-01T16:15:37.623773+00:00</end>
                </TimeSpan>
                <Point>
                  <coordinates>-80.5773005,37.196528,0</coordinates>
                </Point>
              </Placemark>
              <Placemark>
                <name>Telemetry 51</name>
                <styleUrl>#modifiedtelemetry</styleUrl>
                <TimeSpan>
                  <begin>2026-09-01T16:15:37.623773+00:00</begin>
                  <end>2026-09-01T16:15:38.623773+00:00</end>
                </TimeSpan>
                <Point>
                  <coordinates>-80.5771557,37.1965055,0</coordinates>
                </Point>
              </Placemark>
              <Placemark>
                <name>Telemetry 52</name>
                <styleUrl>#modifiedtelemetry</styleUrl>
                <TimeSpan>
                  <begin>2026-09-01T16:15:38.623773+00:00</begin>
                  <end>2026-09-01T16:15:39.623773+00:00</end>
                </TimeSpan>
                <Point>
                  <coordinates>-80.5770457,37.19654400000001,0</coordinates>
                </Point>
              </Placemark>
              <Placemark>
                <name>Telemetry 53</name>
                <styleUrl>#modifiedtelemetry</styleUrl>
                <TimeSpan>
                  <begin>2026-09-01T16:15:39.623773+00:00</begin>
                  <end>2026-09-01T16:15:40.623773+00:00</end>
                </TimeSpan>
                <Point>
                  <coordinates>-80.5768834,37.19654500000001,0</coordinates>
                </Point>
              </Placemark>
              <Placemark>
                <name>Telemetry 54</name>
                <styleUrl>#modifiedtelemetry</styleUrl>
                <TimeSpan>
                  <begin>2026-09-01T16:15:40.623773+00:00</begin>
                  <end>2026-09-01T16:15:41.623773+00:00</end>
                </TimeSpan>
                <Point>
                  <coordinates>-80.5767869,37.1964831,0</coordinates>
                </Point>
              </Placemark>
              <Placemark>
                <name>Telemetry 55</name>
                <styleUrl>#modifiedtelemetry</styleUrl>
                <TimeSpan>
                  <begin>2026-09-01T16:15:41.623773+00:00</begin>
                  <end>2026-09-01T16:15:42.623773+00:00</end>
                </TimeSpan>
                <Point>
                  <coordinates>-80.5767547,37.1964083,0</coordinates>
                </Point>
              </Placemark>
              <Placemark>
                <name>Telemetry 56</name>
                <styleUrl>#modifiedtelemetry</styleUrl>
                <TimeSpan>
                  <begin>2026-09-01T16:15:42.623773+00:00</begin>
                  <end>2026-09-01T16:15:43.623773+00:00</end>
                </TimeSpan>
                <Point>
                  <coordinates>-80.5767587,37.1963228,0</coordinates>
                </Point>
              </Placemark>
              <Placemark>
                <name>Telemetry 57</name>
                <styleUrl>#modifiedtelemetry</styleUrl>
                <TimeSpan>
                  <begin>2026-09-01T16:15:43.623773+00:00</begin>
                  <end>2026-09-01T16:15:44.623773+00:00</end>
                </TimeSpan>
                <Point>
                  <coordinates>-80.5767587,37.1961893,0</coordinates>
                </Point>
              </Placemark>
              <Placemark>
                <name>Telemetry 58</name>
                <styleUrl>#modifiedtelemetry</styleUrl>
                <TimeSpan>
                  <begin>2026-09-01T16:15:44.623773+00:00</begin>
                  <end>2026-09-01T16:15:45.623773+00:00</end>
                </TimeSpan>
                <Point>
                  <coordinates>-80.5766836,37.1961348,0</coordinates>
                </Point>
              </Placemark>
              <Placemark>
                <name>Telemetry 59</name>
                <styleUrl>#modifiedtelemetry</styleUrl>
                <TimeSpan>
                  <begin>2026-09-01T16:15:45.623773+00:00</begin>
                  <end>2026-09-01T16:15:46.623773+00:00</end>
                </TimeSpan>
                <Point>
                  <coordinates>-80.5766836,37.1960205,0</coordinates>
                </Point>
              </Placemark>
              <Placemark>
                <name>Telemetry 60</name>
                <styleUrl>#modifiedtelemetry</styleUrl>
                <TimeSpan>
                  <begin>2026-09-01T16:15:46.623773+00:00</begin>
                  <end>2026-09-01T16:15:47.623773+00:00</end>
                </TimeSpan>
                <Point>
                  <coordinates>-80.5767896,37.1960077,0</coordinates>
                </Point>
              </Placemark>
              <Placemark>
                <name>Telemetry 61</name>
                <styleUrl>#modifiedtelemetry</styleUrl>
                <TimeSpan>
                  <begin>2026-09-01T16:15:47.623773+00:00</begin>
                  <end>2026-09-01T16:15:48.623773+00:00</end>
                </TimeSpan>
                <Point>
                  <coordinates>-80.5769277,37.1959671,0</coordinates>
                </Point>
              </Placemark>
              <Placemark>
                <name>Telemetry 62</name>
                <styleUrl>#modifiedtelemetry</styleUrl>
                <TimeSpan>
                  <begin>2026-09-01T16:15:48.623773+00:00</begin>
                  <end>2026-09-01T16:15:49.623773+00:00</end>
                </TimeSpan>
                <Point>
                  <coordinates>-80.5770806,37.1959051,0</coordinates>
                </Point>
              </Placemark>
              <Placemark>
                <name>Telemetry 63</name>
                <styleUrl>#modifiedtelemetry</styleUrl>
                <TimeSpan>
                  <begin>2026-09-01T16:15:49.623773+00:00</begin>
                  <end>2026-09-01T16:15:50.623773+00:00</end>
                </TimeSpan>
                <Point>
                  <coordinates>-80.5771999,37.195896600000005,0</coordinates>
                </Point>
              </Placemark>
            </Folder>
          </Folder>
        </Folder>
        <Folder>
          <name>Service Provider polling</name>
        </Folder>
        <Folder>
          <name>Service Provider polling</name>
        </Folder>
        <Folder>
          <name>Service Provider polling</name>
        </Folder>
        <Folder>
          <name>Service Provider polling</name>
        </Folder>
        <Folder>
          <name>Service Provider polling</name>
        </Folder>
        <Folder>
          <name>Verify operator notification</name>
        </Folder>
        <Folder>
          <name>Intermediate cleanup</name>
        </Folder>
        <Folder>
          <name>Retrieve pre-existing operator notification</name>
        </Folder>
        <Folder>
          <name>Injection</name>
          <Folder>
            <name>E124: uss1 interuss.automated_testing.rid.v1.injection.createTest</name>
            <Folder>
              <name>Test flight ee893d63-8e4a-45e6-a589-9cfb16ad858d</name>
              <Placemark>
                <name>Telemetry 0</name>
                <styleUrl>#modifiedtelemetry</styleUrl>
                <TimeSpan>
                  <begin>2026-09-01T16:14:57.279001+00:00</begin>
                  <end>2026-09-01T16:14:58.279001+00:00</end>
                </TimeSpan>
                <Point>
                  <coordinates>-80.57798081614081,37.197059404721635,0</coordinates>
                </Point>
              </Placemark>
              <Placemark>
                <name>Telemetry 1</name>
                <styleUrl>#modifiedtelemetry</styleUrl>
                <TimeSpan>
                  <begin>2026-09-01T16:14:58.279001+00:00</begin>
                  <end>2026-09-01T16:14:59.279001+00:00</end>
                </TimeSpan>
                <Point>
                  <coordinates>-80.57798798375362,37.197016214133484,0</coordinates>
                </Point>
              </Placemark>
              <Placemark>
                <name>Telemetry 2</name>
                <styleUrl>#modifiedtelemetry</styleUrl>
                <TimeSpan>
                  <begin>2026-09-01T16:14:59.279001+00:00</begin>
                  <end>2026-09-01T16:15:00.279001+00:00</end>
                </TimeSpan>
                <Point>
                  <coordinates>-80.57800212690604,37.196972734164305,0</coordinates>
                </Point>
              </Placemark>
              <Placemark>
                <name>Telemetry 3</name>
                <styleUrl>#modifiedtelemetry</styleUrl>
                <TimeSpan>
                  <begin>2026-09-01T16:15:00.279001+00:00</begin>
                  <end>2026-09-01T16:15:01.279001+00:00</end>
                </TimeSpan>
                <Point>
                  <coordinates>-80.57802342452034,37.196931703788785,0</coordinates>
                </Point>
              </Placemark>
              <Placemark>
                <name>Telemetry 4</name>
                <styleUrl>#modifiedtelemetry</styleUrl>
                <TimeSpan>
                  <begin>2026-09-01T16:15:01.279001+00:00</begin>
                  <end>2026-09-01T16:15:02.279001+00:00</end>
                </TimeSpan>
                <Point>
                  <coordinates>-80.57805344862881,37.19689368575391,0</coordinates>
                </Point>
              </Placemark>
              <Placemark>
                <name>Telemetry 5</name>
                <styleUrl>#modifiedtelemetry</styleUrl>
                <TimeSpan>
                  <begin>2026-09-01T16:15:02.279001+00:00</begin>
                  <end>2026-09-01T16:15:03.279001+00:00</end>
                </TimeSpan>
                <Point>
                  <coordinates>-80.57808720822365,37.19685213076737,0</coordinates>
                </Point>
              </Placemark>
              <Placemark>
                <name>Telemetry 6</name>
                <styleUrl>#modifiedtelemetry</styleUrl>
                <TimeSpan>
                  <begin>2026-09-01T16:15:03.279001+00:00</begin>
                  <end>2026-09-01T16:15:04.279001+00:00</end>
                </TimeSpan>
                <Point>
                  <coordinates>-80.57811722777369,37.19680923519623,0</coordinates>
                </Point>
              </Placemark>
              <Placemark>
                <name>Telemetry 7</name>
                <styleUrl>#modifiedtelemetry</styleUrl>
                <TimeSpan>
                  <begin>2026-09-01T16:15:04.279001+00:00</begin>
                  <end>2026-09-01T16:15:05.279001+00:00</end>
                </TimeSpan>
                <Point>
                  <coordinates>-80.5781323958596,37.1967658046547,0</coordinates>
                </Point>
              </Placemark>
              <Placemark>
                <name>Telemetry 8</name>
                <styleUrl>#modifiedtelemetry</styleUrl>
                <TimeSpan>
                  <begin>2026-09-01T16:15:05.279001+00:00</begin>
                  <end>2026-09-01T16:15:06.279001+00:00</end>
                </TimeSpan>
                <Point>
                  <coordinates>-80.57814392771789,37.19670166260832,0</coordinates>
                </Point>
              </Placemark>
              <Placemark>
                <name>Telemetry 9</name>
                <styleUrl>#modifiedtelemetry</styleUrl>
                <TimeSpan>
                  <begin>2026-09-01T16:15:06.279001+00:00</begin>
                  <end>2026-09-01T16:15:07.279001+00:00</end>
                </TimeSpan>
                <Point>
                  <coordinates>-80.57812974002694,37.19663489860375,0</coordinates>
                </Point>
              </Placemark>
              <Placemark>
                <name>Telemetry 10</name>
                <styleUrl>#modifiedtelemetry</styleUrl>
                <TimeSpan>
                  <begin>2026-09-01T16:15:07.279001+00:00</begin>
                  <end>2026-09-01T16:15:08.279001+00:00</end>
                </TimeSpan>
                <Point>
                  <coordinates>-80.57808680009781,37.19657292090538,0</coordinates>
                </Point>
              </Placemark>
              <Placemark>
                <name>Telemetry 11</name>
                <styleUrl>#modifiedtelemetry</styleUrl>
                <TimeSpan>
                  <begin>2026-09-01T16:15:08.279001+00:00</begin>
                  <end>2026-09-01T16:15:09.279001+00:00</end>
                </TimeSpan>
                <Point>
                  <coordinates>-80.57801685035301,37.19652877181478,0</coordinates>
                </Point>
              </Placemark>
              <Placemark>
                <name>Telemetry 12</name>
                <styleUrl>#modifiedtelemetry</styleUrl>
                <TimeSpan>
                  <begin>2026-09-01T16:15:09.279001+00:00</begin>
                  <end>2026-09-01T16:15:10.279001+00:00</end>
                </TimeSpan>
                <Point>
                  <coordinates>-80.57795541973255,37.19650790849303,0</coordinates>
                </Point>
              </Placemark>
              <Placemark>
                <name>Telemetry 13</name>
                <styleUrl>#modifiedtelemetry</styleUrl>
                <TimeSpan>
                  <begin>2026-09-01T16:15:10.279001+00:00</begin>
                  <end>2026-09-01T16:15:11.279001+00:00</end>
                </TimeSpan>
                <Point>
                  <coordinates>-80.57779490248247,37.19643592110631,0</coordinates>
                </Point>
              </Placemark>
              <Placemark>
                <name>Telemetry 14</name>
                <styleUrl>#modifiedtelemetry</styleUrl>
                <TimeSpan>
                  <begin>2026-09-01T16:15:11.279001+00:00</begin>
                  <end>2026-09-01T16:15:12.279001+00:00</end>
                </TimeSpan>
                <Point>
                  <coordinates>-80.57771381708879,37.19639543761661,0</coordinates>
                </Point>
              </Placemark>
              <Placemark>
                <name>Telemetry 15</name>
                <styleUrl>#modifiedtelemetry</styleUrl>
                <TimeSpan>
                  <begin>2026-09-01T16:15:12.279001+00:00</begin>
                  <end>2026-09-01T16:15:13.279001+00:00</end>
                </TimeSpan>
                <Point>
                  <coordinates>-80.5776456115435,37.19635960981006,0</coordinates>
                </Point>
              </Placemark>
              <Placemark>
                <name>Telemetry 16</name>
                <styleUrl>#modifiedtelemetry</styleUrl>
                <TimeSpan>
                  <begin>2026-09-01T16:15:13.279001+00:00</begin>
                  <end>2026-09-01T16:15:14.279001+00:00</end>
                </TimeSpan>
                <Point>
                  <coordinates>-80.57757190904874,37.19632841915715,0</coordinates>
                </Point>
              </Placemark>
              <Placemark>
                <name>Telemetry 17</name>
                <styleUrl>#modifiedtelemetry</styleUrl>
                <TimeSpan>
                  <begin>2026-09-01T16:15:14.279001+00:00</begin>
                  <end>2026-09-01T16:15:15.279001+00:00</end>
                </TimeSpan>
                <Point>
                  <coordinates>-80.57751114071674,37.19631735230622,0</coordinates>
                </Point>
              </Placemark>
              <Placemark>
                <name>Telemetry 18</name>
                <styleUrl>#modifiedtelemetry</styleUrl>
                <TimeSpan>
                  <begin>2026-09-01T16:15:15.279001+00:00</begin>
                  <end>2026-09-01T16:15:16.279001+00:00</end>
                </TimeSpan>
                <Point>
                  <coordinates>-80.57742677046657,37.19631370494702,0</coordinates>
                </Point>
              </Placemark>
              <Placemark>
                <name>Telemetry 19</name>
                <styleUrl>#modifiedtelemetry</styleUrl>
                <TimeSpan>
                  <begin>2026-09-01T16:15:16.279001+00:00</begin>
                  <end>2026-09-01T16:15:17.279001+00:00</end>
                </TimeSpan>
                <Point>
                  <coordinates>-80.5773706,37.1963054,0</coordinates>
                </Point>
              </Placemark>
              <Placemark>
                <name>Telemetry 20</name>
                <styleUrl>#modifiedtelemetry</styleUrl>
                <TimeSpan>
                  <begin>2026-09-01T16:15:17.279001+00:00</begin>
                  <end>2026-09-01T16:15:18.279001+00:00</end>
                </TimeSpan>
                <Point>
                  <coordinates>-80.5771453,37.1963577,0</coordinates>
                </Point>
              </Placemark>
              <Placemark>
                <name>Telemetry 21</name>
                <styleUrl>#modifiedtelemetry</styleUrl>
                <TimeSpan>
                  <begin>2026-09-01T16:15:18.279001+00:00</begin>
                  <end>2026-09-01T16:15:19.279001+00:00</end>
                </TimeSpan>
                <Point>
                  <coordinates>-80.5771265,37.1965735,0</coordinates>
                </Point>
              </Placemark>
              <Placemark>
                <name>Telemetry 22</name>
                <styleUrl>#modifiedtelemetry</styleUrl>
                <TimeSpan>
                  <begin>2026-09-01T16:15:19.279001+00:00</begin>
                  <end>2026-09-01T16:15:20.279001+00:00</end>
                </TimeSpan>
                <Point>
                  <coordinates>-80.57744590087025,37.19665029738701,0</coordinates>
                </Point>
              </Placemark>
              <Placemark>
                <name>Telemetry 23</name>
                <styleUrl>#modifiedtelemetry</styleUrl>
                <TimeSpan>
                  <begin>2026-09-01T16:15:20.279001+00:00</begin>
                  <end>2026-09-01T16:15:21.279001+00:00</end>
                </TimeSpan>
                <Point>
                  <coordinates>-80.5776442,37.1966013,0</coordinates>
                </Point>
              </Placemark>
              <Placemark>
                <name>Telemetry 24</name>
                <styleUrl>#modifiedtelemetry</styleUrl>
                <TimeSpan>
                  <begin>2026-09-01T16:15:21.279001+00:00</begin>
                  <end>2026-09-01T16:15:22.279001+00:00</end>
                </TimeSpan>
                <Point>
                  <coordinates>-80.57776806176655,37.1964375298218,0</coordinates>
                </Point>
              </Placemark>
              <Placemark>
                <name>Telemetry 25</name>
                <styleUrl>#modifiedtelemetry</styleUrl>
                <TimeSpan>
                  <begin>2026-09-01T16:15:22.279001+00:00</begin>
                  <end>2026-09-01T16:15:23.279001+00:00</end>
                </TimeSpan>
                <Point>
                  <coordinates>-80.57784172323511,37.1962376762061,0</coordinates>
                </Point>
              </Placemark>
              <Placemark>
                <name>Telemetry 26</name>
                <styleUrl>#modifiedtelemetry</styleUrl>
                <TimeSpan>
                  <begin>2026-09-01T16:15:23.279001+00:00</begin>
                  <end>2026-09-01T16:15:24.279001+00:00</end>
                </TimeSpan>
                <Point>
                  <coordinates>-80.5777311,37.1960563,0</coordinates>
                </Point>
              </Placemark>
              <Placemark>
                <name>Telemetry 27</name>
                <styleUrl>#modifiedtelemetry</styleUrl>
                <TimeSpan>
                  <begin>2026-09-01T16:15:24.279001+00:00</begin>
                  <end>2026-09-01T16:15:25.279001+00:00</end>
                </TimeSpan>
                <Point>
                  <coordinates>-80.57739321491916,37.19605837098315,0</coordinates>
                </Point>
              </Placemark>
              <Placemark>
                <name>Telemetry 28</name>
                <styleUrl>#modifiedtelemetry</styleUrl>
                <TimeSpan>
                  <begin>2026-09-01T16:15:25.279001+00:00</begin>
                  <end>2026-09-01T16:15:26.279001+00:00</end>
                </TimeSpan>
                <Point>
                  <coordinates>-80.5771357,37.1961151,0</coordinates>
                </Point>
              </Placemark>
              <Placemark>
                <name>Telemetry 29</name>
                <styleUrl>#modifiedtelemetry</styleUrl>
                <TimeSpan>
                  <begin>2026-09-01T16:15:26.279001+00:00</begin>
                  <end>2026-09-01T16:15:27.279001+00:00</end>
                </TimeSpan>
                <Point>
                  <coordinates>-80.5769627,37.1962283,0</coordinates>
                </Point>
              </Placemark>
              <Placemark>
                <name>Telemetry 30</name>
                <styleUrl>#modifiedtelemetry</styleUrl>
                <TimeSpan>
                  <begin>2026-09-01T16:15:27.279001+00:00</begin>
                  <end>2026-09-01T16:15:28.279001+00:00</end>
                </TimeSpan>
                <Point>
                  <coordinates>-80.5769184,37.1963885,0</coordinates>
                </Point>
              </Placemark>
              <Placemark>
                <name>Telemetry 31</name>
                <styleUrl>#modifiedtelemetry</styleUrl>
                <TimeSpan>
                  <begin>2026-09-01T16:15:28.279001+00:00</begin>
                  <end>2026-09-01T16:15:29.279001+00:00</end>
                </TimeSpan>
                <Point>
                  <coordinates>-80.5767347,37.1964356,0</coordinates>
                </Point>
              </Placemark>
              <Placemark>
                <name>Telemetry 32</name>
                <styleUrl>#modifiedtelemetry</styleUrl>
                <TimeSpan>
                  <begin>2026-09-01T16:15:29.279001+00:00</begin>
                  <end>2026-09-01T16:15:30.279001+00:00</end>
                </TimeSpan>
                <Point>
                  <coordinates>-80.5766366,37.1963538,0</coordinates>
                </Point>
              </Placemark>
              <Placemark>
                <name>Telemetry 33</name>
                <styleUrl>#modifiedtelemetry</styleUrl>
                <TimeSpan>
                  <begin>2026-09-01T16:15:30.279001+00:00</begin>
                  <end>2026-09-01T16:15:31.279001+00:00</end>
                </TimeSpan>
                <Point>
                  <coordinates>-80.5766634,37.1962096,0</coordinates>
                </Point>
              </Placemark>
              <Placemark>
                <name>Telemetry 34</name>
                <styleUrl>#modifiedtelemetry</styleUrl>
                <TimeSpan>
                  <begin>2026-09-01T16:15:31.279001+00:00</begin>
                  <end>2026-09-01T16:15:32.279001+00:00</end>
                </TimeSpan>
                <Point>
                  <coordinates>-80.5767707,37.1961284,0</coordinates>
                </Point>
              </Placemark>
              <Placemark>
                <name>Telemetry 35</name>
                <styleUrl>#modifiedtelemetry</styleUrl>
                <TimeSpan>
                  <begin>2026-09-01T16:15:32.279001+00:00</begin>
                  <end>2026-09-01T16:15:33.279001+00:00</end>
                </TimeSpan>
                <Point>
                  <coordinates>-80.5768887,37.1960493,0</coordinates>
                </Point>
              </Placemark>
              <Placemark>
                <name>Telemetry 36</name>
                <styleUrl>#modifiedtelemetry</styleUrl>
                <TimeSpan>
                  <begin>2026-09-01T16:15:33.279001+00:00</begin>
                  <end>2026-09-01T16:15:34.279001+00:00</end>
                </TimeSpan>
                <Point>
                  <coordinates>-80.5770684,37.1959745,0</coordinates>
                </Point>
              </Placemark>
              <Placemark>
                <name>Telemetry 37</name>
                <styleUrl>#modifiedtelemetry</styleUrl>
                <TimeSpan>
                  <begin>2026-09-01T16:15:34.279001+00:00</begin>
                  <end>2026-09-01T16:15:35.279001+00:00</end>
                </TimeSpan>
                <Point>
                  <coordinates>-80.5771757,37.19596070000001,0</coordinates>
                </Point>
              </Placemark>
              <Placemark>
                <name>Telemetry 38</name>
                <styleUrl>#modifiedtelemetry</styleUrl>
                <TimeSpan>
                  <begin>2026-09-01T16:15:35.279001+00:00</begin>
                  <end>2026-09-01T16:15:36.279001+00:00</end>
                </TimeSpan>
                <Point>
                  <coordinates>-80.5772937,37.19598200000001,0</coordinates>
                </Point>
              </Placemark>
              <Placemark>
                <name>Telemetry 39</name>
                <styleUrl>#modifiedtelemetry</styleUrl>
                <TimeSpan>
                  <begin>2026-09-01T16:15:36.279001+00:00</begin>
                  <end>2026-09-01T16:15:37.279001+00:00</end>
                </TimeSpan>
                <Point>
                  <coordinates>-80.5773326,37.1960942,0</coordinates>
                </Point>
              </Placemark>
              <Placemark>
                <name>Telemetry 40</name>
                <styleUrl>#modifiedtelemetry</styleUrl>
                <TimeSpan>
                  <begin>2026-09-01T16:15:37.279001+00:00</begin>
                  <end>2026-09-01T16:15:38.279001+00:00</end>
                </TimeSpan>
                <Point>
                  <coordinates>-80.577283,37.19619780000001,0</coordinates>
                </Point>
              </Placemark>
              <Placemark>
                <name>Telemetry 41</name>
                <styleUrl>#modifiedtelemetry</styleUrl>
                <TimeSpan>
                  <begin>2026-09-01T16:15:38.279001+00:00</begin>
                  <end>2026-09-01T16:15:39.279001+00:00</end>
                </TimeSpan>
                <Point>
                  <coordinates>-80.5772602,37.1963495,0</coordinates>
                </Point>
              </Placemark>
              <Placemark>
                <name>Telemetry 42</name>
                <styleUrl>#modifiedtelemetry</styleUrl>
                <TimeSpan>
                  <begin>2026-09-01T16:15:39.279001+00:00</begin>
                  <end>2026-09-01T16:15:40.279001+00:00</end>
                </TimeSpan>
                <Point>
                  <coordinates>-80.5772817,37.1964692,0</coordinates>
                </Point>
              </Placemark>
              <Placemark>
                <name>Telemetry 43</name>
                <styleUrl>#modifiedtelemetry</styleUrl>
                <TimeSpan>
                  <begin>2026-09-01T16:15:40.279001+00:00</begin>
                  <end>2026-09-01T16:15:41.279001+00:00</end>
                </TimeSpan>
                <Point>
                  <coordinates>-80.5773863,37.1965546,0</coordinates>
                </Point>
              </Placemark>
              <Placemark>
                <name>Telemetry 44</name>
                <styleUrl>#modifiedtelemetry</styleUrl>
                <TimeSpan>
                  <begin>2026-09-01T16:15:41.279001+00:00</begin>
                  <end>2026-09-01T16:15:42.279001+00:00</end>
                </TimeSpan>
                <Point>
                  <coordinates>-80.5775406,37.1965589,0</coordinates>
                </Point>
              </Placemark>
              <Placemark>
                <name>Telemetry 45</name>
                <styleUrl>#modifiedtelemetry</styleUrl>
                <TimeSpan>
                  <begin>2026-09-01T16:15:42.279001+00:00</begin>
                  <end>2026-09-01T16:15:43.279001+00:00</end>
                </TimeSpan>
                <Point>
                  <coordinates>-80.57763850000002,37.1965782,0</coordinates>
                </Point>
              </Placemark>
              <Placemark>
                <name>Telemetry 46</name>
                <styleUrl>#modifiedtelemetry</styleUrl>
                <TimeSpan>
                  <begin>2026-09-01T16:15:43.279001+00:00</begin>
                  <end>2026-09-01T16:15:44.279001+00:00</end>
                </TimeSpan>
                <Point>
                  <coordinates>-80.57763850000002,37.1966679,0</coordinates>
                </Point>
              </Placemark>
              <Placemark>
                <name>Telemetry 47</name>
                <styleUrl>#modifiedtelemetry</styleUrl>
                <TimeSpan>
                  <begin>2026-09-01T16:15:44.279001+00:00</begin>
                  <end>2026-09-01T16:15:45.279001+00:00</end>
                </TimeSpan>
                <Point>
                  <coordinates>-80.5775473,37.1967074,0</coordinates>
                </Point>
              </Placemark>
              <Placemark>
                <name>Telemetry 48</name>
                <styleUrl>#modifiedtelemetry</styleUrl>
                <TimeSpan>
                  <begin>2026-09-01T16:15:45.279001+00:00</begin>
                  <end>2026-09-01T16:15:46.279001+00:00</end>
                </TimeSpan>
                <Point>
                  <coordinates>-80.5773823,37.1966967,0</coordinates>
                </Point>
              </Placemark>
              <Placemark>
                <name>Telemetry 49</name>
                <styleUrl>#modifiedtelemetry</styleUrl>
                <TimeSpan>
                  <begin>2026-09-01T16:15:46.279001+00:00</begin>
                  <end>2026-09-01T16:15:47.279001+00:00</end>
                </TimeSpan>
                <Point>
                  <coordinates>-80.5773421,37.1966241,0</coordinates>
                </Point>
              </Placemark>
              <Placemark>
                <name>Telemetry 50</name>
                <styleUrl>#modifiedtelemetry</styleUrl>
                <TimeSpan>
                  <begin>2026-09-01T16:15:47.279001+00:00</begin>
                  <end>2026-09-01T16:15:48.279001+00:00</end>
                </TimeSpan>
                <Point>
                  <coordinates>-80.5773005,37.196528,0</coordinates>
                </Point>
              </Placemark>
              <Placemark>
                <name>Telemetry 51</name>
                <styleUrl>#modifiedtelemetry</styleUrl>
                <TimeSpan>
                  <begin>2026-09-01T16:15:48.279001+00:00</begin>
                  <end>2026-09-01T16:15:49.279001+00:00</end>
                </TimeSpan>
                <Point>
                  <coordinates>-80.5771557,37.1965055,0</coordinates>
                </Point>
              </Placemark>
              <Placemark>
                <name>Telemetry 52</name>
                <styleUrl>#modifiedtelemetry</styleUrl>
                <TimeSpan>
                  <begin>2026-09-01T16:15:49.279001+00:00</begin>
                  <end>2026-09-01T16:15:50.279001+00:00</end>
                </TimeSpan>
                <Point>
                  <coordinates>-80.5770457,37.19654400000001,0</coordinates>
                </Point>
              </Placemark>
              <Placemark>
                <name>Telemetry 53</name>
                <styleUrl>#modifiedtelemetry</styleUrl>
                <TimeSpan>
                  <begin>2026-09-01T16:15:50.279001+00:00</begin>
                  <end>2026-09-01T16:15:51.279001+00:00</end>
                </TimeSpan>
                <Point>
                  <coordinates>-80.5768834,37.19654500000001,0</coordinates>
                </Point>
              </Placemark>
              <Placemark>
                <name>Telemetry 54</name>
                <styleUrl>#modifiedtelemetry</styleUrl>
                <TimeSpan>
                  <begin>2026-09-01T16:15:51.279001+00:00</begin>
                  <end>2026-09-01T16:15:52.279001+00:00</end>
                </TimeSpan>
                <Point>
                  <coordinates>-80.5767869,37.1964831,0</coordinates>
                </Point>
              </Placemark>
              <Placemark>
                <name>Telemetry 55</name>
                <styleUrl>#modifiedtelemetry</styleUrl>
                <TimeSpan>
                  <begin>2026-09-01T16:15:52.279001+00:00</begin>
                  <end>2026-09-01T16:15:53.279001+00:00</end>
                </TimeSpan>
                <Point>
                  <coordinates>-80.5767547,37.1964083,0</coordinates>
                </Point>
              </Placemark>
              <Placemark>
                <name>Telemetry 56</name>
                <styleUrl>#modifiedtelemetry</styleUrl>
                <TimeSpan>
                  <begin>2026-09-01T16:15:53.279001+00:00</begin>
                  <end>2026-09-01T16:15:54.279001+00:00</end>
                </TimeSpan>
                <Point>
                  <coordinates>-80.5767587,37.1963228,0</coordinates>
                </Point>
              </Placemark>
              <Placemark>
                <name>Telemetry 57</name>
                <styleUrl>#modifiedtelemetry</styleUrl>
                <TimeSpan>
                  <begin>2026-09-01T16:15:54.279001+00:00</begin>
                  <end>2026-09-01T16:15:55.279001+00:00</end>
                </TimeSpan>
                <Point>
                  <coordinates>-80.5767587,37.1961893,0</coordinates>
                </Point>
              </Placemark>
              <Placemark>
                <name>Telemetry 58</name>
                <styleUrl>#modifiedtelemetry</styleUrl>
                <TimeSpan>
                  <begin>2026-09-01T16:15:55.279001+00:00</begin>
                  <end>2026-09-01T16:15:56.279001+00:00</end>
                </TimeSpan>
                <Point>
                  <coordinates>-80.5766836,37.1961348,0</coordinates>
                </Point>
              </Placemark>
              <Placemark>
                <name>Telemetry 59</name>
                <styleUrl>#modifiedtelemetry</styleUrl>
                <TimeSpan>
                  <begin>2026-09-01T16:15:56.279001+00:00</begin>
                  <end>2026-09-01T16:15:57.279001+00:00</end>
                </TimeSpan>
                <Point>
                  <coordinates>-80.5766836,37.1960205,0</coordinates>
                </Point>
              </Placemark>
              <Placemark>
                <name>Telemetry 60</name>
                <styleUrl>#modifiedtelemetry</styleUrl>
                <TimeSpan>
                  <begin>2026-09-01T16:15:57.279001+00:00</begin>
                  <end>2026-09-01T16:15:58.279001+00:00</end>
                </TimeSpan>
                <Point>
                  <coordinates>-80.5767896,37.1960077,0</coordinates>
                </Point>
              </Placemark>
              <Placemark>
                <name>Telemetry 61</name>
                <styleUrl>#modifiedtelemetry</styleUrl>
                <TimeSpan>
                  <begin>2026-09-01T16:15:58.279001+00:00</begin>
                  <end>2026-09-01T16:15:59.279001+00:00</end>
                </TimeSpan>
                <Point>
                  <coordinates>-80.5769277,37.1959671,0</coordinates>
                </Point>
              </Placemark>
              <Placemark>
                <name>Telemetry 62</name>
                <styleUrl>#modifiedtelemetry</styleUrl>
                <TimeSpan>
                  <begin>2026-09-01T16:15:59.279001+00:00</begin>
                  <end>2026-09-01T16:16:00.279001+00:00</end>
                </TimeSpan>
                <Point>
                  <coordinates>-80.5770806,37.1959051,0</coordinates>
                </Point>
              </Placemark>
              <Placemark>
                <name>Telemetry 63</name>
                <styleUrl>#modifiedtelemetry</styleUrl>
                <TimeSpan>
                  <begin>2026-09-01T16:16:00.279001+00:00</begin>
                  <end>2026-09-01T16:16:01.279001+00:00</end>
                </TimeSpan>
                <Point>
                  <coordinates>-80.5771999,37.195896600000005,0</coordinates>
                </Point>
              </Placemark>
            </Folder>
          </Folder>
        </Folder>
        <Folder>
          <name>Service Provider polling</name>
        </Folder>
        <Folder>
          <name>Service Provider polling</name>
        </Folder>
        <Folder>
          <name>Service Provider polling</name>
        </Folder>
        <Folder>
          <name>Service Provider polling</name>
        </Folder>
        <Folder>
          <name>Service Provider polling</name>
        </Folder>
        <Folder>
          <name>Verify operator notification</name>
        </Folder>
        <Folder>
          <name>Intermediate cleanup</name>
        </Folder>
        <Folder>
          <name>Retrieve pre-existing operator notification</name>
        </Folder>
        <Folder>
          <name>Injection</name>
          <Folder>
            <name>E144: uss1 interuss.automated_testing.rid.v1.injection.createTest</name>
            <Folder>
              <name>Test flight a8a677da-d2c1-45d5-844d-a28a066bddee</name>
              <Placemark>
                <name>Telemetry 0</name>
                <styleUrl>#modifiedtelemetry</styleUrl>
                <TimeSpan>
                  <begin>2026-09-01T16:15:07.888685+00:00</begin>
                  <end>2026-09-01T16:15:08.888685+00:00</end>
                </TimeSpan>
                <Point>
                  <coordinates>-80.57798081614081,37.197059404721635,0</coordinates>
                </Point>
              </Placemark>
              <Placemark>
                <name>Telemetry 1</name>
                <styleUrl>#modifiedtelemetry</styleUrl>
                <TimeSpan>
                  <begin>2026-09-01T16:15:08.888685+00:00</begin>
                  <end>2026-09-01T16:15:09.888685+00:00</end>
                </TimeSpan>
                <Point>
                  <coordinates>-80.57798798375362,37.197016214133484,0</coordinates>
                </Point>
              </Placemark>
              <Placemark>
                <name>Telemetry 2</name>
                <styleUrl>#modifiedtelemetry</styleUrl>
                <TimeSpan>
                  <begin>2026-09-01T16:15:09.888685+00:00</begin>
                  <end>2026-09-01T16:15:10.888685+00:00</end>
                </TimeSpan>
                <Point>
                  <coordinates>-80.57800212690604,37.196972734164305,0</coordinates>
                </Point>
              </Placemark>
              <Placemark>
                <name>Telemetry 3</name>
                <styleUrl>#modifiedtelemetry</styleUrl>
                <TimeSpan>
                  <begin>2026-09-01T16:15:10.888685+00:00</begin>
                  <end>2026-09-01T16:15:11.888685+00:00</end>
                </TimeSpan>
                <Point>
                  <coordinates>-80.57802342452034,37.196931703788785,0</coordinates>
                </Point>
              </Placemark>
              <Placemark>
                <name>Telemetry 4</name>
                <styleUrl>#modifiedtelemetry</styleUrl>
                <TimeSpan>
                  <begin>2026-09-01T16:15:11.888685+00:00</begin>
                  <end>2026-09-01T16:15:12.888685+00:00</end>
                </TimeSpan>
                <Point>
                  <coordinates>-80.57805344862881,37.19689368575391,0</coordinates>
                </Point>
              </Placemark>
              <Placemark>
                <name>Telemetry 5</name>
                <styleUrl>#modifiedtelemetry</styleUrl>
                <TimeSpan>
                  <begin>2026-09-01T16:15:12.888685+00:00</begin>
                  <end>2026-09-01T16:15:13.888685+00:00</end>
                </TimeSpan>
                <Point>
                  <coordinates>-80.57808720822365,37.19685213076737,0</coordinates>
                </Point>
              </Placemark>
              <Placemark>
                <name>Telemetry 6</name>
                <styleUrl>#modifiedtelemetry</styleUrl>
                <TimeSpan>
                  <begin>2026-09-01T16:15:13.888685+00:00</begin>
                  <end>2026-09-01T16:15:14.888685+00:00</end>
                </TimeSpan>
                <Point>
                  <coordinates>-80.57811722777369,37.19680923519623,0</coordinates>
                </Point>
              </Placemark>
              <Placemark>
                <name>Telemetry 7</name>
                <styleUrl>#modifiedtelemetry</styleUrl>
                <TimeSpan>
                  <begin>2026-09-01T16:15:14.888685+00:00</begin>
                  <end>2026-09-01T16:15:15.888685+00:00</end>
                </TimeSpan>
                <Point>
                  <coordinates>-80.5781323958596,37.1967658046547,0</coordinates>
                </Point>
              </Placemark>
              <Placemark>
                <name>Telemetry 8</name>
                <styleUrl>#modifiedtelemetry</styleUrl>
                <TimeSpan>
                  <begin>2026-09-01T16:15:15.888685+00:00</begin>
                  <end>2026-09-01T16:15:16.888685+00:00</end>
                </TimeSpan>
                <Point>
                  <coordinates>-80.57814392771789,37.19670166260832,0</coordinates>
                </Point>
              </Placemark>
              <Placemark>
                <name>Telemetry 9</name>
                <styleUrl>#modifiedtelemetry</styleUrl>
                <TimeSpan>
                  <begin>2026-09-01T16:15:16.888685+00:00</begin>
                  <end>2026-09-01T16:15:17.888685+00:00</end>
                </TimeSpan>
                <Point>
                  <coordinates>-80.57812974002694,37.19663489860375,0</coordinates>
                </Point>
              </Placemark>
              <Placemark>
                <name>Telemetry 10</name>
                <styleUrl>#modifiedtelemetry</styleUrl>
                <TimeSpan>
                  <begin>2026-09-01T16:15:17.888685+00:00</begin>
                  <end>2026-09-01T16:15:18.888685+00:00</end>
                </TimeSpan>
                <Point>
                  <coordinates>-80.57808680009781,37.19657292090538,0</coordinates>
                </Point>
              </Placemark>
              <Placemark>
                <name>Telemetry 11</name>
                <styleUrl>#modifiedtelemetry</styleUrl>
                <TimeSpan>
                  <begin>2026-09-01T16:15:18.888685+00:00</begin>
                  <end>2026-09-01T16:15:19.888685+00:00</end>
                </TimeSpan>
                <Point>
                  <coordinates>-80.57801685035301,37.19652877181478,0</coordinates>
                </Point>
              </Placemark>
              <Placemark>
                <name>Telemetry 12</name>
                <styleUrl>#modifiedtelemetry</styleUrl>
                <TimeSpan>
                  <begin>2026-09-01T16:15:19.888685+00:00</begin>
                  <end>2026-09-01T16:15:20.888685+00:00</end>
                </TimeSpan>
                <Point>
                  <coordinates>-80.57795541973255,37.19650790849303,0</coordinates>
                </Point>
              </Placemark>
              <Placemark>
                <name>Telemetry 13</name>
                <styleUrl>#modifiedtelemetry</styleUrl>
                <TimeSpan>
                  <begin>2026-09-01T16:15:20.888685+00:00</begin>
                  <end>2026-09-01T16:15:21.888685+00:00</end>
                </TimeSpan>
                <Point>
                  <coordinates>-80.57779490248247,37.19643592110631,0</coordinates>
                </Point>
              </Placemark>
              <Placemark>
                <name>Telemetry 14</name>
                <styleUrl>#modifiedtelemetry</styleUrl>
                <TimeSpan>
                  <begin>2026-09-01T16:15:21.888685+00:00</begin>
                  <end>2026-09-01T16:15:22.888685+00:00</end>
                </TimeSpan>
                <Point>
                  <coordinates>-80.57771381708879,37.19639543761661,0</coordinates>
                </Point>
              </Placemark>
              <Placemark>
                <name>Telemetry 15</name>
                <styleUrl>#modifiedtelemetry</styleUrl>
                <TimeSpan>
                  <begin>2026-09-01T16:15:22.888685+00:00</begin>
                  <end>2026-09-01T16:15:23.888685+00:00</end>
                </TimeSpan>
                <Point>
                  <coordinates>-80.5776456115435,37.19635960981006,0</coordinates>
                </Point>
              </Placemark>
              <Placemark>
                <name>Telemetry 16</name>
                <styleUrl>#modifiedtelemetry</styleUrl>
                <TimeSpan>
                  <begin>2026-09-01T16:15:23.888685+00:00</begin>
                  <end>2026-09-01T16:15:24.888685+00:00</end>
                </TimeSpan>
                <Point>
                  <coordinates>-80.57757190904874,37.19632841915715,0</coordinates>
                </Point>
              </Placemark>
              <Placemark>
                <name>Telemetry 17</name>
                <styleUrl>#modifiedtelemetry</styleUrl>
                <TimeSpan>
                  <begin>2026-09-01T16:15:24.888685+00:00</begin>
                  <end>2026-09-01T16:15:25.888685+00:00</end>
                </TimeSpan>
                <Point>
                  <coordinates>-80.57751114071674,37.19631735230622,0</coordinates>
                </Point>
              </Placemark>
              <Placemark>
                <name>Telemetry 18</name>
                <styleUrl>#modifiedtelemetry</styleUrl>
                <TimeSpan>
                  <begin>2026-09-01T16:15:25.888685+00:00</begin>
                  <end>2026-09-01T16:15:26.888685+00:00</end>
                </TimeSpan>
                <Point>
                  <coordinates>-80.57742677046657,37.19631370494702,0</coordinates>
                </Point>
              </Placemark>
              <Placemark>
                <name>Telemetry 19</name>
                <styleUrl>#modifiedtelemetry</styleUrl>
                <TimeSpan>
                  <begin>2026-09-01T16:15:26.888685+00:00</begin>
                  <end>2026-09-01T16:15:27.888685+00:00</end>
                </TimeSpan>
                <Point>
                  <coordinates>-80.5773706,37.1963054,0</coordinates>
                </Point>
              </Placemark>
              <Placemark>
                <name>Telemetry 20</name>
                <styleUrl>#modifiedtelemetry</styleUrl>
                <TimeSpan>
                  <begin>2026-09-01T16:15:27.888685+00:00</begin>
                  <end>2026-09-01T16:15:28.888685+00:00</end>
                </TimeSpan>
                <Point>
                  <coordinates>-80.5771453,37.1963577,0</coordinates>
                </Point>
              </Placemark>
              <Placemark>
                <name>Telemetry 21</name>
                <styleUrl>#modifiedtelemetry</styleUrl>
                <TimeSpan>
                  <begin>2026-09-01T16:15:28.888685+00:00</begin>
                  <end>2026-09-01T16:15:29.888685+00:00</end>
                </TimeSpan>
                <Point>
                  <coordinates>-80.5771265,37.1965735,0</coordinates>
                </Point>
              </Placemark>
              <Placemark>
                <name>Telemetry 22</name>
                <styleUrl>#modifiedtelemetry</styleUrl>
                <TimeSpan>
                  <begin>2026-09-01T16:15:29.888685+00:00</begin>
                  <end>2026-09-01T16:15:30.888685+00:00</end>
                </TimeSpan>
                <Point>
                  <coordinates>-80.57744590087025,37.19665029738701,0</coordinates>
                </Point>
              </Placemark>
              <Placemark>
                <name>Telemetry 23</name>
                <styleUrl>#modifiedtelemetry</styleUrl>
                <TimeSpan>
                  <begin>2026-09-01T16:15:30.888685+00:00</begin>
                  <end>2026-09-01T16:15:31.888685+00:00</end>
                </TimeSpan>
                <Point>
                  <coordinates>-80.5776442,37.1966013,0</coordinates>
                </Point>
              </Placemark>
              <Placemark>
                <name>Telemetry 24</name>
                <styleUrl>#modifiedtelemetry</styleUrl>
                <TimeSpan>
                  <begin>2026-09-01T16:15:31.888685+00:00</begin>
                  <end>2026-09-01T16:15:32.888685+00:00</end>
                </TimeSpan>
                <Point>
                  <coordinates>-80.57776806176655,37.1964375298218,0</coordinates>
                </Point>
              </Placemark>
              <Placemark>
                <name>Telemetry 25</name>
                <styleUrl>#modifiedtelemetry</styleUrl>
                <TimeSpan>
                  <begin>2026-09-01T16:15:32.888685+00:00</begin>
                  <end>2026-09-01T16:15:33.888685+00:00</end>
                </TimeSpan>
                <Point>
                  <coordinates>-80.57784172323511,37.1962376762061,0</coordinates>
                </Point>
              </Placemark>
              <Placemark>
                <name>Telemetry 26</name>
                <styleUrl>#modifiedtelemetry</styleUrl>
                <TimeSpan>
                  <begin>2026-09-01T16:15:33.888685+00:00</begin>
                  <end>2026-09-01T16:15:34.888685+00:00</end>
                </TimeSpan>
                <Point>
                  <coordinates>-80.5777311,37.1960563,0</coordinates>
                </Point>
              </Placemark>
              <Placemark>
                <name>Telemetry 27</name>
                <styleUrl>#modifiedtelemetry</styleUrl>
                <TimeSpan>
                  <begin>2026-09-01T16:15:34.888685+00:00</begin>
                  <end>2026-09-01T16:15:35.888685+00:00</end>
                </TimeSpan>
                <Point>
                  <coordinates>-80.57739321491916,37.19605837098315,0</coordinates>
                </Point>
              </Placemark>
              <Placemark>
                <name>Telemetry 28</name>
                <styleUrl>#modifiedtelemetry</styleUrl>
                <TimeSpan>
                  <begin>2026-09-01T16:15:35.888685+00:00</begin>
                  <end>2026-09-01T16:15:36.888685+00:00</end>
                </TimeSpan>
                <Point>
                  <coordinates>-80.5771357,37.1961151,0</coordinates>
                </Point>
              </Placemark>
              <Placemark>
                <name>Telemetry 29</name>
                <styleUrl>#modifiedtelemetry</styleUrl>
                <TimeSpan>
                  <begin>2026-09-01T16:15:36.888685+00:00</begin>
                  <end>2026-09-01T16:15:37.888685+00:00</end>
                </TimeSpan>
                <Point>
                  <coordinates>-80.5769627,37.1962283,0</coordinates>
                </Point>
              </Placemark>
              <Placemark>
                <name>Telemetry 30</name>
                <styleUrl>#modifiedtelemetry</styleUrl>
                <TimeSpan>
                  <begin>2026-09-01T16:15:37.888685+00:00</begin>
                  <end>2026-09-01T16:15:38.888685+00:00</end>
                </TimeSpan>
                <Point>
                  <coordinates>-80.5769184,37.1963885,0</coordinates>
                </Point>
              </Placemark>
              <Placemark>
                <name>Telemetry 31</name>
                <styleUrl>#modifiedtelemetry</styleUrl>
                <TimeSpan>
                  <begin>2026-09-01T16:15:38.888685+00:00</begin>
                  <end>2026-09-01T16:15:39.888685+00:00</end>
                </TimeSpan>
                <Point>
                  <coordinates>-80.5767347,37.1964356,0</coordinates>
                </Point>
              </Placemark>
              <Placemark>
                <name>Telemetry 32</name>
                <styleUrl>#modifiedtelemetry</styleUrl>
                <TimeSpan>
                  <begin>2026-09-01T16:15:39.888685+00:00</begin>
                  <end>2026-09-01T16:15:40.888685+00:00</end>
                </TimeSpan>
                <Point>
                  <coordinates>-80.5766366,37.1963538,0</coordinates>
                </Point>
              </Placemark>
              <Placemark>
                <name>Telemetry 33</name>
                <styleUrl>#modifiedtelemetry</styleUrl>
                <TimeSpan>
                  <begin>2026-09-01T16:15:40.888685+00:00</begin>
                  <end>2026-09-01T16:15:41.888685+00:00</end>
                </TimeSpan>
                <Point>
                  <coordinates>-80.5766634,37.1962096,0</coordinates>
                </Point>
              </Placemark>
              <Placemark>
                <name>Telemetry 34</name>
                <styleUrl>#modifiedtelemetry</styleUrl>
                <TimeSpan>
                  <begin>2026-09-01T16:15:41.888685+00:00</begin>
                  <end>2026-09-01T16:15:42.888685+00:00</end>
                </TimeSpan>
                <Point>
                  <coordinates>-80.5767707,37.1961284,0</coordinates>
                </Point>
              </Placemark>
              <Placemark>
                <name>Telemetry 35</name>
                <styleUrl>#modifiedtelemetry</styleUrl>
                <TimeSpan>
                  <begin>2026-09-01T16:15:42.888685+00:00</begin>
                  <end>2026-09-01T16:15:43.888685+00:00</end>
                </TimeSpan>
                <Point>
                  <coordinates>-80.5768887,37.1960493,0</coordinates>
                </Point>
              </Placemark>
              <Placemark>
                <name>Telemetry 36</name>
                <styleUrl>#modifiedtelemetry</styleUrl>
                <TimeSpan>
                  <begin>2026-09-01T16:15:43.888685+00:00</begin>
                  <end>2026-09-01T16:15:44.888685+00:00</end>
                </TimeSpan>
                <Point>
                  <coordinates>-80.5770684,37.1959745,0</coordinates>
                </Point>
              </Placemark>
              <Placemark>
                <name>Telemetry 37</name>
                <styleUrl>#modifiedtelemetry</styleUrl>
                <TimeSpan>
                  <begin>2026-09-01T16:15:44.888685+00:00</begin>
                  <end>2026-09-01T16:15:45.888685+00:00</end>
                </TimeSpan>
                <Point>
                  <coordinates>-80.5771757,37.19596070000001,0</coordinates>
                </Point>
              </Placemark>
              <Placemark>
                <name>Telemetry 38</name>
                <styleUrl>#modifiedtelemetry</styleUrl>
                <TimeSpan>
                  <begin>2026-09-01T16:15:45.888685+00:00</begin>
                  <end>2026-09-01T16:15:46.888685+00:00</end>
                </TimeSpan>
                <Point>
                  <coordinates>-80.5772937,37.19598200000001,0</coordinates>
                </Point>
              </Placemark>
              <Placemark>
                <name>Telemetry 39</name>
                <styleUrl>#modifiedtelemetry</styleUrl>
                <TimeSpan>
                  <begin>2026-09-01T16:15:46.888685+00:00</begin>
                  <end>2026-09-01T16:15:47.888685+00:00</end>
                </TimeSpan>
                <Point>
                  <coordinates>-80.5773326,37.1960942,0</coordinates>
                </Point>
              </Placemark>
              <Placemark>
                <name>Telemetry 40</name>
                <styleUrl>#modifiedtelemetry</styleUrl>
                <TimeSpan>
                  <begin>2026-09-01T16:15:47.888685+00:00</begin>
                  <end>2026-09-01T16:15:48.888685+00:00</end>
                </TimeSpan>
                <Point>
                  <coordinates>-80.577283,37.19619780000001,0</coordinates>
                </Point>
              </Placemark>
              <Placemark>
                <name>Telemetry 41</name>
                <styleUrl>#modifiedtelemetry</styleUrl>
                <TimeSpan>
                  <begin>2026-09-01T16:15:48.888685+00:00</begin>
                  <end>2026-09-01T16:15:49.888685+00:00</end>
                </TimeSpan>
                <Point>
                  <coordinates>-80.5772602,37.1963495,0</coordinates>
                </Point>
              </Placemark>
              <Placemark>
                <name>Telemetry 42</name>
                <styleUrl>#modifiedtelemetry</styleUrl>
                <TimeSpan>
                  <begin>2026-09-01T16:15:49.888685+00:00</begin>
                  <end>2026-09-01T16:15:50.888685+00:00</end>
                </TimeSpan>
                <Point>
                  <coordinates>-80.5772817,37.1964692,0</coordinates>
                </Point>
              </Placemark>
              <Placemark>
                <name>Telemetry 43</name>
                <styleUrl>#modifiedtelemetry</styleUrl>
                <TimeSpan>
                  <begin>2026-09-01T16:15:50.888685+00:00</begin>
                  <end>2026-09-01T16:15:51.888685+00:00</end>
                </TimeSpan>
                <Point>
                  <coordinates>-80.5773863,37.1965546,0</coordinates>
                </Point>
              </Placemark>
              <Placemark>
                <name>Telemetry 44</name>
                <styleUrl>#modifiedtelemetry</styleUrl>
                <TimeSpan>
                  <begin>2026-09-01T16:15:51.888685+00:00</begin>
                  <end>2026-09-01T16:15:52.888685+00:00</end>
                </TimeSpan>
                <Point>
                  <coordinates>-80.5775406,37.1965589,0</coordinates>
                </Point>
              </Placemark>
              <Placemark>
                <name>Telemetry 45</name>
                <styleUrl>#modifiedtelemetry</styleUrl>
                <TimeSpan>
                  <begin>2026-09-01T16:15:52.888685+00:00</begin>
                  <end>2026-09-01T16:15:53.888685+00:00</end>
                </TimeSpan>
                <Point>
                  <coordinates>-80.57763850000002,37.1965782,0</coordinates>
                </Point>
              </Placemark>
              <Placemark>
                <name>Telemetry 46</name>
                <styleUrl>#modifiedtelemetry</styleUrl>
                <TimeSpan>
                  <begin>2026-09-01T16:15:53.888685+00:00</begin>
                  <end>2026-09-01T16:15:54.888685+00:00</end>
                </TimeSpan>
                <Point>
                  <coordinates>-80.57763850000002,37.1966679,0</coordinates>
                </Point>
              </Placemark>
              <Placemark>
                <name>Telemetry 47</name>
                <styleUrl>#modifiedtelemetry</styleUrl>
                <TimeSpan>
                  <begin>2026-09-01T16:15:54.888685+00:00</begin>
                  <end>2026-09-01T16:15:55.888685+00:00</end>
                </TimeSpan>
                <Point>
                  <coordinates>-80.5775473,37.1967074,0</coordinates>
                </Point>
              </Placemark>
              <Placemark>
                <name>Telemetry 48</name>
                <styleUrl>#modifiedtelemetry</styleUrl>
                <TimeSpan>
                  <begin>2026-09-01T16:15:55.888685+00:00</begin>
                  <end>2026-09-01T16:15:56.888685+00:00</end>
                </TimeSpan>
                <Point>
                  <coordinates>-80.5773823,37.1966967,0</coordinates>
                </Point>
              </Placemark>
              <Placemark>
                <name>Telemetry 49</name>
                <styleUrl>#modifiedtelemetry</styleUrl>
                <TimeSpan>
                  <begin>2026-09-01T16:15:56.888685+00:00</begin>
                  <end>2026-09-01T16:15:57.888685+00:00</end>
                </TimeSpan>
                <Point>
                  <coordinates>-80.5773421,37.1966241,0</coordinates>
                </Point>
              </Placemark>
              <Placemark>
                <name>Telemetry 50</name>
                <styleUrl>#modifiedtelemetry</styleUrl>
                <TimeSpan>
                  <begin>2026-09-01T16:15:57.888685+00:00</begin>
                  <end>2026-09-01T16:15:58.888685+00:00</end>
                </TimeSpan>
                <Point>
                  <coordinates>-80.5773005,37.196528,0</coordinates>
                </Point>
              </Placemark>
              <Placemark>
                <name>Telemetry 51</name>
                <styleUrl>#modifiedtelemetry</styleUrl>
                <TimeSpan>
                  <begin>2026-09-01T16:15:58.888685+00:00</begin>
                  <end>2026-09-01T16:15:59.888685+00:00</end>
                </TimeSpan>
                <Point>
                  <coordinates>-80.5771557,37.1965055,0</coordinates>
                </Point>
              </Placemark>
              <Placemark>
                <name>Telemetry 52</name>
                <styleUrl>#modifiedtelemetry</styleUrl>
                <TimeSpan>
                  <begin>2026-09-01T16:15:59.888685+00:00</begin>
                  <end>2026-09-01T16:16:00.888685+00:00</end>
                </TimeSpan>
                <Point>
                  <coordinates>-80.5770457,37.19654400000001,0</coordinates>
                </Point>
              </Placemark>
              <Placemark>
                <name>Telemetry 53</name>
                <styleUrl>#modifiedtelemetry</styleUrl>
                <TimeSpan>
                  <begin>2026-09-01T16:16:00.888685+00:00</begin>
                  <end>2026-09-01T16:16:01.888685+00:00</end>
                </TimeSpan>
                <Point>
                  <coordinates>-80.5768834,37.19654500000001,0</coordinates>
                </Point>
              </Placemark>
              <Placemark>
                <name>Telemetry 54</name>
                <styleUrl>#modifiedtelemetry</styleUrl>
                <TimeSpan>
                  <begin>2026-09-01T16:16:01.888685+00:00</begin>
                  <end>2026-09-01T16:16:02.888685+00:00</end>
                </TimeSpan>
                <Point>
                  <coordinates>-80.5767869,37.1964831,0</coordinates>
                </Point>
              </Placemark>
              <Placemark>
                <name>Telemetry 55</name>
                <styleUrl>#modifiedtelemetry</styleUrl>
                <TimeSpan>
                  <begin>2026-09-01T16:16:02.888685+00:00</begin>
                  <end>2026-09-01T16:16:03.888685+00:00</end>
                </TimeSpan>
                <Point>
                  <coordinates>-80.5767547,37.1964083,0</coordinates>
                </Point>
              </Placemark>
              <Placemark>
                <name>Telemetry 56</name>
                <styleUrl>#modifiedtelemetry</styleUrl>
                <TimeSpan>
                  <begin>2026-09-01T16:16:03.888685+00:00</begin>
                  <end>2026-09-01T16:16:04.888685+00:00</end>
                </TimeSpan>
                <Point>
                  <coordinates>-80.5767587,37.1963228,0</coordinates>
                </Point>
              </Placemark>
              <Placemark>
                <name>Telemetry 57</name>
                <styleUrl>#modifiedtelemetry</styleUrl>
                <TimeSpan>
                  <begin>2026-09-01T16:16:04.888685+00:00</begin>
                  <end>2026-09-01T16:16:05.888685+00:00</end>
                </TimeSpan>
                <Point>
                  <coordinates>-80.5767587,37.1961893,0</coordinates>
                </Point>
              </Placemark>
              <Placemark>
                <name>Telemetry 58</name>
                <styleUrl>#modifiedtelemetry</styleUrl>
                <TimeSpan>
                  <begin>2026-09-01T16:16:05.888685+00:00</begin>
                  <end>2026-09-01T16:16:06.888685+00:00</end>
                </TimeSpan>
                <Point>
                  <coordinates>-80.5766836,37.1961348,0</coordinates>
                </Point>
              </Placemark>
              <Placemark>
                <name>Telemetry 59</name>
                <styleUrl>#modifiedtelemetry</styleUrl>
                <TimeSpan>
                  <begin>2026-09-01T16:16:06.888685+00:00</begin>
                  <end>2026-09-01T16:16:07.888685+00:00</end>
                </TimeSpan>
                <Point>
                  <coordinates>-80.5766836,37.1960205,0</coordinates>
                </Point>
              </Placemark>
              <Placemark>
                <name>Telemetry 60</name>
                <styleUrl>#modifiedtelemetry</styleUrl>
                <TimeSpan>
                  <begin>2026-09-01T16:16:07.888685+00:00</begin>
                  <end>2026-09-01T16:16:08.888685+00:00</end>
                </TimeSpan>
                <Point>
                  <coordinates>-80.5767896,37.1960077,0</coordinates>
                </Point>
              </Placemark>
              <Placemark>
                <name>Telemetry 61</name>
                <styleUrl>#modifiedtelemetry</styleUrl>
                <TimeSpan>
                  <begin>2026-09-01T16:16:08.888685+00:00</begin>
                  <end>2026-09-01T16:16:09.888685+00:00</end>
                </TimeSpan>
                <Point>
                  <coordinates>-80.5769277,37.1959671,0</coordinates>
                </Point>
              </Placemark>
              <Placemark>
                <name>Telemetry 62</name>
                <styleUrl>#modifiedtelemetry</styleUrl>
                <TimeSpan>
                  <begin>2026-09-01T16:16:09.888685+00:00</begin>
                  <end>2026-09-01T16:16:10.888685+00:00</end>
                </TimeSpan>
                <Point>
                  <coordinates>-80.5770806,37.1959051,0</coordinates>
                </Point>
              </Placemark>
              <Placemark>
                <name>Telemetry 63</name>
                <styleUrl>#modifiedtelemetry</styleUrl>
                <TimeSpan>
                  <begin>2026-09-01T16:16:10.888685+00:00</begin>
                  <end>2026-09-01T16:16:11.888685+00:00</end>
                </TimeSpan>
                <Point>
                  <coordinates>-80.5771999,37.195896600000005,0</coordinates>
                </Point>
              </Placemark>
            </Folder>
          </Folder>
        </Folder>
        <Folder>
          <name>Service Provider polling</name>
        </Folder>
        <Folder>
          <name>Service Provider polling</name>
        </Folder>
        <Folder>
          <name>Service Provider polling</name>
        </Folder>
        <Folder>
          <name>Service Provider polling</name>
        </Folder>
        <Folder>
          <name>Service Provider polling</name>
        </Folder>
        <Folder>
          <name>Verify operator notification</name>
        </Folder>
        <Folder>
          <name>Intermediate cleanup</name>
        </Folder>
        <Folder>
          <name>Retrieve pre-existing operator notification</name>
        </Folder>
        <Folder>
          <name>Injection</name>
          <Folder>
            <name>E164: uss1 interuss.automated_testing.rid.v1.injection.createTest</name>
            <Folder>
              <name>Test flight 886643b6-a3d8-4e95-8af2-5c37c9d49a8c</name>
              <Placemark>
                <name>Telemetry 0</name>
                <styleUrl>#modifiedtelemetry</styleUrl>
                <TimeSpan>
                  <begin>2026-09-01T16:15:18.528236+00:00</begin>
                  <end>2026-09-01T16:15:19.528236+00:00</end>
                </TimeSpan>
                <Point>
                  <coordinates>-80.57798081614081,37.197059404721635,0</coordinates>
                </Point>
              </Placemark>
              <Placemark>
                <name>Telemetry 1</name>
                <styleUrl>#modifiedtelemetry</styleUrl>
                <TimeSpan>
                  <begin>2026-09-01T16:15:19.528236+00:00</begin>
                  <end>2026-09-01T16:15:20.528236+00:00</end>
                </TimeSpan>
                <Point>
                  <coordinates>-80.57798798375362,37.197016214133484,0</coordinates>
                </Point>
              </Placemark>
              <Placemark>
                <name>Telemetry 2</name>
                <styleUrl>#modifiedtelemetry</styleUrl>
                <TimeSpan>
                  <begin>2026-09-01T16:15:20.528236+00:00</begin>
                  <end>2026-09-01T16:15:21.528236+00:00</end>
                </TimeSpan>
                <Point>
                  <coordinates>-80.57800212690604,37.196972734164305,0</coordinates>
                </Point>
              </Placemark>
              <Placemark>
                <name>Telemetry 3</name>
                <styleUrl>#modifiedtelemetry</styleUrl>
                <TimeSpan>
                  <begin>2026-09-01T16:15:21.528236+00:00</begin>
                  <end>2026-09-01T16:15:22.528236+00:00</end>
                </TimeSpan>
                <Point>
                  <coordinates>-80.57802342452034,37.196931703788785,0</coordinates>
                </Point>
              </Placemark>
              <Placemark>
                <name>Telemetry 4</name>
                <styleUrl>#modifiedtelemetry</styleUrl>
                <TimeSpan>
                  <begin>2026-09-01T16:15:22.528236+00:00</begin>
                  <end>2026-09-01T16:15:23.528236+00:00</end>
                </TimeSpan>
                <Point>
                  <coordinates>-80.57805344862881,37.19689368575391,0</coordinates>
                </Point>
              </Placemark>
              <Placemark>
                <name>Telemetry 5</name>
                <styleUrl>#modifiedtelemetry</styleUrl>
                <TimeSpan>
                  <begin>2026-09-01T16:15:23.528236+00:00</begin>
                  <end>2026-09-01T16:15:24.528236+00:00</end>
                </TimeSpan>
                <Point>
                  <coordinates>-80.57808720822365,37.19685213076737,0</coordinates>
                </Point>
              </Placemark>
              <Placemark>
                <name>Telemetry 6</name>
                <styleUrl>#modifiedtelemetry</styleUrl>
                <TimeSpan>
                  <begin>2026-09-01T16:15:24.528236+00:00</begin>
                  <end>2026-09-01T16:15:25.528236+00:00</end>
                </TimeSpan>
                <Point>
                  <coordinates>-80.57811722777369,37.19680923519623,0</coordinates>
                </Point>
              </Placemark>
              <Placemark>
                <name>Telemetry 7</name>
                <styleUrl>#modifiedtelemetry</styleUrl>
                <TimeSpan>
                  <begin>2026-09-01T16:15:25.528236+00:00</begin>
                  <end>2026-09-01T16:15:26.528236+00:00</end>
                </TimeSpan>
                <Point>
                  <coordinates>-80.5781323958596,37.1967658046547,0</coordinates>
                </Point>
              </Placemark>
              <Placemark>
                <name>Telemetry 8</name>
                <styleUrl>#modifiedtelemetry</styleUrl>
                <TimeSpan>
                  <begin>2026-09-01T16:15:26.528236+00:00</begin>
                  <end>2026-09-01T16:15:27.528236+00:00</end>
                </TimeSpan>
                <Point>
                  <coordinates>-80.57814392771789,37.19670166260832,0</coordinates>
                </Point>
              </Placemark>
              <Placemark>
                <name>Telemetry 9</name>
                <styleUrl>#modifiedtelemetry</styleUrl>
                <TimeSpan>
                  <begin>2026-09-01T16:15:27.528236+00:00</begin>
                  <end>2026-09-01T16:15:28.528236+00:00</end>
                </TimeSpan>
                <Point>
                  <coordinates>-80.57812974002694,37.19663489860375,0</coordinates>
                </Point>
              </Placemark>
              <Placemark>
                <name>Telemetry 10</name>
                <styleUrl>#modifiedtelemetry</styleUrl>
                <TimeSpan>
                  <begin>2026-09-01T16:15:28.528236+00:00</begin>
                  <end>2026-09-01T16:15:29.528236+00:00</end>
                </TimeSpan>
                <Point>
                  <coordinates>-80.57808680009781,37.19657292090538,0</coordinates>
                </Point>
              </Placemark>
              <Placemark>
                <name>Telemetry 11</name>
                <styleUrl>#modifiedtelemetry</styleUrl>
                <TimeSpan>
                  <begin>2026-09-01T16:15:29.528236+00:00</begin>
                  <end>2026-09-01T16:15:30.528236+00:00</end>
                </TimeSpan>
                <Point>
                  <coordinates>-80.57801685035301,37.19652877181478,0</coordinates>
                </Point>
              </Placemark>
              <Placemark>
                <name>Telemetry 12</name>
                <styleUrl>#modifiedtelemetry</styleUrl>
                <TimeSpan>
                  <begin>2026-09-01T16:15:30.528236+00:00</begin>
                  <end>2026-09-01T16:15:31.528236+00:00</end>
                </TimeSpan>
                <Point>
                  <coordinates>-80.57795541973255,37.19650790849303,0</coordinates>
                </Point>
              </Placemark>
              <Placemark>
                <name>Telemetry 13</name>
                <styleUrl>#modifiedtelemetry</styleUrl>
                <TimeSpan>
                  <begin>2026-09-01T16:15:31.528236+00:00</begin>
                  <end>2026-09-01T16:15:32.528236+00:00</end>
                </TimeSpan>
                <Point>
                  <coordinates>-80.57779490248247,37.19643592110631,0</coordinates>
                </Point>
              </Placemark>
              <Placemark>
                <name>Telemetry 14</name>
                <styleUrl>#modifiedtelemetry</styleUrl>
                <TimeSpan>
                  <begin>2026-09-01T16:15:32.528236+00:00</begin>
                  <end>2026-09-01T16:15:33.528236+00:00</end>
                </TimeSpan>
                <Point>
                  <coordinates>-80.57771381708879,37.19639543761661,0</coordinates>
                </Point>
              </Placemark>
              <Placemark>
                <name>Telemetry 15</name>
                <styleUrl>#modifiedtelemetry</styleUrl>
                <TimeSpan>
                  <begin>2026-09-01T16:15:33.528236+00:00</begin>
                  <end>2026-09-01T16:15:34.528236+00:00</end>
                </TimeSpan>
                <Point>
                  <coordinates>-80.5776456115435,37.19635960981006,0</coordinates>
                </Point>
              </Placemark>
              <Placemark>
                <name>Telemetry 16</name>
                <styleUrl>#modifiedtelemetry</styleUrl>
                <TimeSpan>
                  <begin>2026-09-01T16:15:34.528236+00:00</begin>
                  <end>2026-09-01T16:15:35.528236+00:00</end>
                </TimeSpan>
                <Point>
                  <coordinates>-80.57757190904874,37.19632841915715,0</coordinates>
                </Point>
              </Placemark>
              <Placemark>
                <name>Telemetry 17</name>
                <styleUrl>#modifiedtelemetry</styleUrl>
                <TimeSpan>
                  <begin>2026-09-01T16:15:35.528236+00:00</begin>
                  <end>2026-09-01T16:15:36.528236+00:00</end>
                </TimeSpan>
                <Point>
                  <coordinates>-80.57751114071674,37.19631735230622,0</coordinates>
                </Point>
              </Placemark>
              <Placemark>
                <name>Telemetry 18</name>
                <styleUrl>#modifiedtelemetry</styleUrl>
                <TimeSpan>
                  <begin>2026-09-01T16:15:36.528236+00:00</begin>
                  <end>2026-09-01T16:15:37.528236+00:00</end>
                </TimeSpan>
                <Point>
                  <coordinates>-80.57742677046657,37.19631370494702,0</coordinates>
                </Point>
              </Placemark>
              <Placemark>
                <name>Telemetry 19</name>
                <styleUrl>#modifiedtelemetry</styleUrl>
                <TimeSpan>
                  <begin>2026-09-01T16:15:37.528236+00:00</begin>
                  <end>2026-09-01T16:15:38.528236+00:00</end>
                </TimeSpan>
                <Point>
                  <coordinates>-80.5773706,37.1963054,0</coordinates>
                </Point>
              </Placemark>
              <Placemark>
                <name>Telemetry 20</name>
                <styleUrl>#modifiedtelemetry</styleUrl>
                <TimeSpan>
                  <begin>2026-09-01T16:15:38.528236+00:00</begin>
                  <end>2026-09-01T16:15:39.528236+00:00</end>
                </TimeSpan>
                <Point>
                  <coordinates>-80.5771453,37.1963577,0</coordinates>
                </Point>
              </Placemark>
              <Placemark>
                <name>Telemetry 21</name>
                <styleUrl>#modifiedtelemetry</styleUrl>
                <TimeSpan>
                  <begin>2026-09-01T16:15:39.528236+00:00</begin>
                  <end>2026-09-01T16:15:40.528236+00:00</end>
                </TimeSpan>
                <Point>
                  <coordinates>-80.5771265,37.1965735,0</coordinates>
                </Point>
              </Placemark>
              <Placemark>
                <name>Telemetry 22</name>
                <styleUrl>#modifiedtelemetry</styleUrl>
                <TimeSpan>
                  <begin>2026-09-01T16:15:40.528236+00:00</begin>
                  <end>2026-09-01T16:15:41.528236+00:00</end>
                </TimeSpan>
                <Point>
                  <coordinates>-80.57744590087025,37.19665029738701,0</coordinates>
                </Point>
              </Placemark>
              <Placemark>
                <name>Telemetry 23</name>
                <styleUrl>#modifiedtelemetry</styleUrl>
                <TimeSpan>
                  <begin>2026-09-01T16:15:41.528236+00:00</begin>
                  <end>2026-09-01T16:15:42.528236+00:00</end>
                </TimeSpan>
                <Point>
                  <coordinates>-80.5776442,37.1966013,0</coordinates>
                </Point>
              </Placemark>
              <Placemark>
                <name>Telemetry 24</name>
                <styleUrl>#modifiedtelemetry</styleUrl>
                <TimeSpan>
                  <begin>2026-09-01T16:15:42.528236+00:00</begin>
                  <end>2026-09-01T16:15:43.528236+00:00</end>
                </TimeSpan>
                <Point>
                  <coordinates>-80.57776806176655,37.1964375298218,0</coordinates>
                </Point>
              </Placemark>
              <Placemark>
                <name>Telemetry 25</name>
                <styleUrl>#modifiedtelemetry</styleUrl>
                <TimeSpan>
                  <begin>2026-09-01T16:15:43.528236+00:00</begin>
                  <end>2026-09-01T16:15:44.528236+00:00</end>
                </TimeSpan>
                <Point>
                  <coordinates>-80.57784172323511,37.1962376762061,0</coordinates>
                </Point>
              </Placemark>
              <Placemark>
                <name>Telemetry 26</name>
                <styleUrl>#modifiedtelemetry</styleUrl>
                <TimeSpan>
                  <begin>2026-09-01T16:15:44.528236+00:00</begin>
                  <end>2026-09-01T16:15:45.528236+00:00</end>
                </TimeSpan>
                <Point>
                  <coordinates>-80.5777311,37.1960563,0</coordinates>
                </Point>
              </Placemark>
              <Placemark>
                <name>Telemetry 27</name>
                <styleUrl>#modifiedtelemetry</styleUrl>
                <TimeSpan>
                  <begin>2026-09-01T16:15:45.528236+00:00</begin>
                  <end>2026-09-01T16:15:46.528236+00:00</end>
                </TimeSpan>
                <Point>
                  <coordinates>-80.57739321491916,37.19605837098315,0</coordinates>
                </Point>
              </Placemark>
              <Placemark>
                <name>Telemetry 28</name>
                <styleUrl>#modifiedtelemetry</styleUrl>
                <TimeSpan>
                  <begin>2026-09-01T16:15:46.528236+00:00</begin>
                  <end>2026-09-01T16:15:47.528236+00:00</end>
                </TimeSpan>
                <Point>
                  <coordinates>-80.5771357,37.1961151,0</coordinates>
                </Point>
              </Placemark>
              <Placemark>
                <name>Telemetry 29</name>
                <styleUrl>#modifiedtelemetry</styleUrl>
                <TimeSpan>
                  <begin>2026-09-01T16:15:47.528236+00:00</begin>
                  <end>2026-09-01T16:15:48.528236+00:00</end>
                </TimeSpan>
                <Point>
                  <coordinates>-80.5769627,37.1962283,0</coordinates>
                </Point>
              </Placemark>
              <Placemark>
                <name>Telemetry 30</name>
                <styleUrl>#modifiedtelemetry</styleUrl>
                <TimeSpan>
                  <begin>2026-09-01T16:15:48.528236+00:00</begin>
                  <end>2026-09-01T16:15:49.528236+00:00</end>
                </TimeSpan>
                <Point>
                  <coordinates>-80.5769184,37.1963885,0</coordinates>
                </Point>
              </Placemark>
              <Placemark>
                <name>Telemetry 31</name>
                <styleUrl>#modifiedtelemetry</styleUrl>
                <TimeSpan>
                  <begin>2026-09-01T16:15:49.528236+00:00</begin>
                  <end>2026-09-01T16:15:50.528236+00:00</end>
                </TimeSpan>
                <Point>
                  <coordinates>-80.5767347,37.1964356,0</coordinates>
                </Point>
              </Placemark>
              <Placemark>
                <name>Telemetry 32</name>
                <styleUrl>#modifiedtelemetry</styleUrl>
                <TimeSpan>
                  <begin>2026-09-01T16:15:50.528236+00:00</begin>
                  <end>2026-09-01T16:15:51.528236+00:00</end>
                </TimeSpan>
                <Point>
                  <coordinates>-80.5766366,37.1963538,0</coordinates>
                </Point>
              </Placemark>
              <Placemark>
                <name>Telemetry 33</name>
                <styleUrl>#modifiedtelemetry</styleUrl>
                <TimeSpan>
                  <begin>2026-09-01T16:15:51.528236+00:00</begin>
                  <end>2026-09-01T16:15:52.528236+00:00</end>
                </TimeSpan>
                <Point>
                  <coordinates>-80.5766634,37.1962096,0</coordinates>
                </Point>
              </Placemark>
              <Placemark>
                <name>Telemetry 34</name>
                <styleUrl>#modifiedtelemetry</styleUrl>
                <TimeSpan>
                  <begin>2026-09-01T16:15:52.528236+00:00</begin>
                  <end>2026-09-01T16:15:53.528236+00:00</end>
                </TimeSpan>
                <Point>
                  <coordinates>-80.5767707,37.1961284,0</coordinates>
                </Point>
              </Placemark>
              <Placemark>
                <name>Telemetry 35</name>
                <styleUrl>#modifiedtelemetry</styleUrl>
                <TimeSpan>
                  <begin>2026-09-01T16:15:53.528236+00:00</begin>
                  <end>2026-09-01T16:15:54.528236+00:00</end>
                </TimeSpan>
                <Point>
                  <coordinates>-80.5768887,37.1960493,0</coordinates>
                </Point>
              </Placemark>
              <Placemark>
                <name>Telemetry 36</name>
                <styleUrl>#modifiedtelemetry</styleUrl>
                <TimeSpan>
                  <begin>2026-09-01T16:15:54.528236+00:00</begin>
                  <end>2026-09-01T16:15:55.528236+00:00</end>
                </TimeSpan>
                <Point>
                  <coordinates>-80.5770684,37.1959745,0</coordinates>
                </Point>
              </Placemark>
              <Placemark>
                <name>Telemetry 37</name>
                <styleUrl>#modifiedtelemetry</styleUrl>
                <TimeSpan>
                  <begin>2026-09-01T16:15:55.528236+00:00</begin>
                  <end>2026-09-01T16:15:56.528236+00:00</end>
                </TimeSpan>
                <Point>
                  <coordinates>-80.5771757,37.19596070000001,0</coordinates>
                </Point>
              </Placemark>
              <Placemark>
                <name>Telemetry 38</name>
                <styleUrl>#modifiedtelemetry</styleUrl>
                <TimeSpan>
                  <begin>2026-09-01T16:15:56.528236+00:00</begin>
                  <end>2026-09-01T16:15:57.528236+00:00</end>
                </TimeSpan>
                <Point>
                  <coordinates>-80.5772937,37.19598200000001,0</coordinates>
                </Point>
              </Placemark>
              <Placemark>
                <name>Telemetry 39</name>
                <styleUrl>#modifiedtelemetry</styleUrl>
                <TimeSpan>
                  <begin>2026-09-01T16:15:57.528236+00:00</begin>
                  <end>2026-09-01T16:15:58.528236+00:00</end>
                </TimeSpan>
                <Point>
                  <coordinates>-80.5773326,37.1960942,0</coordinates>
                </Point>
              </Placemark>
              <Placemark>
                <name>Telemetry 40</name>
                <styleUrl>#modifiedtelemetry</styleUrl>
                <TimeSpan>
                  <begin>2026-09-01T16:15:58.528236+00:00</begin>
                  <end>2026-09-01T16:15:59.528236+00:00</end>
                </TimeSpan>
                <Point>
                  <coordinates>-80.577283,37.19619780000001,0</coordinates>
                </Point>
              </Placemark>
              <Placemark>
                <name>Telemetry 41</name>
                <styleUrl>#modifiedtelemetry</styleUrl>
                <TimeSpan>
                  <begin>2026-09-01T16:15:59.528236+00:00</begin>
                  <end>2026-09-01T16:16:00.528236+00:00</end>
                </TimeSpan>
                <Point>
                  <coordinates>-80.5772602,37.1963495,0</coordinates>
                </Point>
              </Placemark>
              <Placemark>
                <name>Telemetry 42</name>
                <styleUrl>#modifiedtelemetry</styleUrl>
                <TimeSpan>
                  <begin>2026-09-01T16:16:00.528236+00:00</begin>
                  <end>2026-09-01T16:16:01.528236+00:00</end>
                </TimeSpan>
                <Point>
                  <coordinates>-80.5772817,37.1964692,0</coordinates>
                </Point>
              </Placemark>
              <Placemark>
                <name>Telemetry 43</name>
                <styleUrl>#modifiedtelemetry</styleUrl>
                <TimeSpan>
                  <begin>2026-09-01T16:16:01.528236+00:00</begin>
                  <end>2026-09-01T16:16:02.528236+00:00</end>
                </TimeSpan>
                <Point>
                  <coordinates>-80.5773863,37.1965546,0</coordinates>
                </Point>
              </Placemark>
              <Placemark>
                <name>Telemetry 44</name>
                <styleUrl>#modifiedtelemetry</styleUrl>
                <TimeSpan>
                  <begin>2026-09-01T16:16:02.528236+00:00</begin>
                  <end>2026-09-01T16:16:03.528236+00:00</end>
                </TimeSpan>
                <Point>
                  <coordinates>-80.5775406,37.1965589,0</coordinates>
                </Point>
              </Placemark>
              <Placemark>
                <name>Telemetry 45</name>
                <styleUrl>#modifiedtelemetry</styleUrl>
                <TimeSpan>
                  <begin>2026-09-01T16:16:03.528236+00:00</begin>
                  <end>2026-09-01T16:16:04.528236+00:00</end>
                </TimeSpan>
                <Point>
                  <coordinates>-80.57763850000002,37.1965782,0</coordinates>
                </Point>
              </Placemark>
              <Placemark>
                <name>Telemetry 46</name>
                <styleUrl>#modifiedtelemetry</styleUrl>
                <TimeSpan>
                  <begin>2026-09-01T16:16:04.528236+00:00</begin>
                  <end>2026-09-01T16:16:05.528236+00:00</end>
                </TimeSpan>
                <Point>
                  <coordinates>-80.57763850000002,37.1966679,0</coordinates>
                </Point>
              </Placemark>
              <Placemark>
                <name>Telemetry 47</name>
                <styleUrl>#modifiedtelemetry</styleUrl>
                <TimeSpan>
                  <begin>2026-09-01T16:16:05.528236+00:00</begin>
                  <end>2026-09-01T16:16:06.528236+00:00</end>
                </TimeSpan>
                <Point>
                  <coordinates>-80.5775473,37.1967074,0</coordinates>
                </Point>
              </Placemark>
              <Placemark>
                <name>Telemetry 48</name>
                <styleUrl>#modifiedtelemetry</styleUrl>
                <TimeSpan>
                  <begin>2026-09-01T16:16:06.528236+00:00</begin>
                  <end>2026-09-01T16:16:07.528236+00:00</end>
                </TimeSpan>
                <Point>
                  <coordinates>-80.5773823,37.1966967,0</coordinates>
                </Point>
              </Placemark>
              <Placemark>
                <name>Telemetry 49</name>
                <styleUrl>#modifiedtelemetry</styleUrl>
                <TimeSpan>
                  <begin>2026-09-01T16:16:07.528236+00:00</begin>
                  <end>2026-09-01T16:16:08.528236+00:00</end>
                </TimeSpan>
                <Point>
                  <coordinates>-80.5773421,37.1966241,0</coordinates>
                </Point>
              </Placemark>
              <Placemark>
                <name>Telemetry 50</name>
                <styleUrl>#modifiedtelemetry</styleUrl>
                <TimeSpan>
                  <begin>2026-09-01T16:16:08.528236+00:00</begin>
                  <end>2026-09-01T16:16:09.528236+00:00</end>
                </TimeSpan>
                <Point>
                  <coordinates>-80.5773005,37.196528,0</coordinates>
                </Point>
              </Placemark>
              <Placemark>
                <name>Telemetry 51</name>
                <styleUrl>#modifiedtelemetry</styleUrl>
                <TimeSpan>
                  <begin>2026-09-01T16:16:09.528236+00:00</begin>
                  <end>2026-09-01T16:16:10.528236+00:00</end>
                </TimeSpan>
                <Point>
                  <coordinates>-80.5771557,37.1965055,0</coordinates>
                </Point>
              </Placemark>
              <Placemark>
                <name>Telemetry 52</name>
                <styleUrl>#modifiedtelemetry</styleUrl>
                <TimeSpan>
                  <begin>2026-09-01T16:16:10.528236+00:00</begin>
                  <end>2026-09-01T16:16:11.528236+00:00</end>
                </TimeSpan>
                <Point>
                  <coordinates>-80.5770457,37.19654400000001,0</coordinates>
                </Point>
              </Placemark>
              <Placemark>
                <name>Telemetry 53</name>
                <styleUrl>#modifiedtelemetry</styleUrl>
                <TimeSpan>
                  <begin>2026-09-01T16:16:11.528236+00:00</begin>
                  <end>2026-09-01T16:16:12.528236+00:00</end>
                </TimeSpan>
                <Point>
                  <coordinates>-80.5768834,37.19654500000001,0</coordinates>
                </Point>
              </Placemark>
              <Placemark>
                <name>Telemetry 54</name>
                <styleUrl>#modifiedtelemetry</styleUrl>
                <TimeSpan>
                  <begin>2026-09-01T16:16:12.528236+00:00</begin>
                  <end>2026-09-01T16:16:13.528236+00:00</end>
                </TimeSpan>
                <Point>
                  <coordinates>-80.5767869,37.1964831,0</coordinates>
                </Point>
              </Placemark>
              <Placemark>
                <name>Telemetry 55</name>
                <styleUrl>#modifiedtelemetry</styleUrl>
                <TimeSpan>
                  <begin>2026-09-01T16:16:13.528236+00:00</begin>
                  <end>2026-09-01T16:16:14.528236+00:00</end>
                </TimeSpan>
                <Point>
                  <coordinates>-80.5767547,37.1964083,0</coordinates>
                </Point>
              </Placemark>
              <Placemark>
                <name>Telemetry 56</name>
                <styleUrl>#modifiedtelemetry</styleUrl>
                <TimeSpan>
                  <begin>2026-09-01T16:16:14.528236+00:00</begin>
                  <end>2026-09-01T16:16:15.528236+00:00</end>
                </TimeSpan>
                <Point>
                  <coordinates>-80.5767587,37.1963228,0</coordinates>
                </Point>
              </Placemark>
              <Placemark>
                <name>Telemetry 57</name>
                <styleUrl>#modifiedtelemetry</styleUrl>
                <TimeSpan>
                  <begin>2026-09-01T16:16:15.528236+00:00</begin>
                  <end>2026-09-01T16:16:16.528236+00:00</end>
                </TimeSpan>
                <Point>
                  <coordinates>-80.5767587,37.1961893,0</coordinates>
                </Point>
              </Placemark>
              <Placemark>
                <name>Telemetry 58</name>
                <styleUrl>#modifiedtelemetry</styleUrl>
                <TimeSpan>
                  <begin>2026-09-01T16:16:16.528236+00:00</begin>
                  <end>2026-09-01T16:16:17.528236+00:00</end>
                </TimeSpan>
                <Point>
                  <coordinates>-80.5766836,37.1961348,0</coordinates>
                </Point>
              </Placemark>
              <Placemark>
                <name>Telemetry 59</name>
                <styleUrl>#modifiedtelemetry</styleUrl>
                <TimeSpan>
                  <begin>2026-09-01T16:16:17.528236+00:00</begin>
                  <end>2026-09-01T16:16:18.528236+00:00</end>
                </TimeSpan>
                <Point>
                  <coordinates>-80.5766836,37.1960205,0</coordinates>
                </Point>
              </Placemark>
              <Placemark>
                <name>Telemetry 60</name>
                <styleUrl>#modifiedtelemetry</styleUrl>
                <TimeSpan>
                  <begin>2026-09-01T16:16:18.528236+00:00</begin>
                  <end>2026-09-01T16:16:19.528236+00:00</end>
                </TimeSpan>
                <Point>
                  <coordinates>-80.5767896,37.1960077,0</coordinates>
                </Point>
              </Placemark>
              <Placemark>
                <name>Telemetry 61</name>
                <styleUrl>#modifiedtelemetry</styleUrl>
                <TimeSpan>
                  <begin>2026-09-01T16:16:19.528236+00:00</begin>
                  <end>2026-09-01T16:16:20.528236+00:00</end>
                </TimeSpan>
                <Point>
                  <coordinates>-80.5769277,37.1959671,0</coordinates>
                </Point>
              </Placemark>
              <Placemark>
                <name>Telemetry 62</name>
                <styleUrl>#modifiedtelemetry</styleUrl>
                <TimeSpan>
                  <begin>2026-09-01T16:16:20.528236+00:00</begin>
                  <end>2026-09-01T16:16:21.528236+00:00</end>
                </TimeSpan>
                <Point>
                  <coordinates>-80.5770806,37.1959051,0</coordinates>
                </Point>
              </Placemark>
              <Placemark>
                <name>Telemetry 63</name>
                <styleUrl>#modifiedtelemetry</styleUrl>
                <TimeSpan>
                  <begin>2026-09-01T16:16:21.528236+00:00</begin>
                  <end>2026-09-01T16:16:22.528236+00:00</end>
                </TimeSpan>
                <Point>
                  <coordinates>-80.5771999,37.195896600000005,0</coordinates>
                </Point>
              </Placemark>
            </Folder>
          </Folder>
        </Folder>
        <Folder>
          <name>Service Provider polling</name>
        </Folder>
        <Folder>
          <name>Service Provider polling</name>
        </Folder>
        <Folder>
          <name>Service Provider polling</name>
        </Folder>
        <Folder>
          <name>Service Provider polling</name>
        </Folder>
        <Folder>
          <name>Service Provider polling</name>
        </Folder>
        <Folder>
          <name>Verify operator notification</name>
        </Folder>
        <Folder>
          <name>Intermediate cleanup</name>
        </Folder>
      </Folder>
      <Folder>
        <name/>
        <Folder>
          <name>Cleanup</name>
        </Folder>
      </Folder>
    </Folder>
  </Document>
</kml>
