<kml xmlns="http://www.opengis.net/kml/2.2" xmlns:atom="http://www.w3.org/2005/Atom" xmlns:gx="http://www.google.com/kml/ext/2.2">
  <Document>
    <Style id="QueryArea">
      <LineStyle>
        <color>ffc0c000</color>
        <width>3</width>
      </LineStyle>
      <PolyStyle>
        <color>80ffffaa</color>
      </PolyStyle>
    </Style>
    <Style id="F3548v21Accepted">
      <LineStyle>
        <color>ff00c000</color>
        <width>3</width>
      </LineStyle>
      <PolyStyle>
        <color>80c0c0c0</color>
      </PolyStyle>
    </Style>
    <Style id="F3548v21Activated">
      <LineStyle>
        <color>ff00c000</color>
        <width>3</width>
      </LineStyle>
      <PolyStyle>
        <color>8000ff00</color>
      </PolyStyle>
    </Style>
    <Style id="F3548v21Nonconforming">
      <LineStyle>
        <color>ff00ffff</color>
        <width>5</width>
      </LineStyle>
      <PolyStyle>
        <color>8000ffff</color>
      </PolyStyle>
    </Style>
    <Style id="F3548v21Contingent">
      <LineStyle>
        <color>ff0000ff</color>
        <width>5</width>
      </LineStyle>
      <PolyStyle>
        <color>80ff0000ff</color>
      </PolyStyle>
    </Style>
    <Style id="F3548v21AcceptedFuture">
      <LineStyle>
        <color>80c0c0c0</color>
        <width>1</width>
      </LineStyle>
      <PolyStyle>
        <color>00000000</color>
      </PolyStyle>
    </Style>
    <Style id="F3548v21ActivatedFuture">
      <LineStyle>
        <color>8040c040</color>
        <width>1</width>
      </LineStyle>
      <PolyStyle>
        <color>00000000</color>
      </PolyStyle>
    </Style>
    <Style id="F3548v21NonconformingFuture">
      <LineStyle>
        <color>8000ffff</color>
        <width>1</width>
      </LineStyle>
      <PolyStyle>
        <color>00000000</color>
      </PolyStyle>
    </Style>
    <Style id="F3548v21ContingentFuture">
      <LineStyle>
        <color>80ff0000ff</color>
        <width>1</width>
      </LineStyle>
      <PolyStyle>
        <color>00000000</color>
      </PolyStyle>
    </Style>
    <Style id="Planned_Nominal">
      <LineStyle>
        <color>ff00c000</color>
        <width>3</width>
      </LineStyle>
      <PolyStyle>
        <color>80808080</color>
      </PolyStyle>
    </Style>
    <Style id="InUse_Nominal">
      <LineStyle>
        <color>ff00c000</color>
        <width>3</width>
      </LineStyle>
      <PolyStyle>
        <color>8000ff00</color>
      </PolyStyle>
    </Style>
    <Style id="InUse_OffNominal">
      <LineStyle>
        <color>ff00ffff</color>
        <width>5</width>
      </LineStyle>
      <PolyStyle>
        <color>8000ff00</color>
      </PolyStyle>
    </Style>
    <Style id="InUse_Contingent">
      <LineStyle>
        <color>ff0000ff</color>
        <width>5</width>
      </LineStyle>
      <PolyStyle>
        <color>8000ff00</color>
      </PolyStyle>
    </Style>
    <Style id="unmodifiedtelemetry">
      <IconStyle>
        <scale>1.4</scale>
        <Icon>
          <href>http://maps.google.com/mapfiles/kml/shapes/placemark_circle.png</href>
        </Icon>
      </IconStyle>
    </Style>
    <Style id="modifiedtelemetry">
      <IconStyle>
        <scale>1.4</scale>
        <Icon>
          <href>http://maps.google.com/mapfiles/kml/shapes/placemark_square.png</href>
        </Icon>
      </IconStyle>
    </Style>
    <Style id="aircraft">
      <IconStyle>
        <scale>1.4</scale>
        <Icon>
          <href>http://maps.google.com/mapfiles/kml/shapes/airports.png</href>
        </Icon>
      </IconStyle>
    </Style>
    <Folder>
      <name>ASTM NetRID Service Provider operator notification on missing fields</name>
      <Folder>
        <name>Missing fields flight</name>
        <Folder>
          <name>Retrieve pre-existing operator notification</name>
        </Folder>
        <Folder>
          <name>Injection</name>
          <Folder>
            <name>E4: uss2 interuss.automated_testing.rid.v1.injection.createTest</name>
            <Folder>
              <name>Test flight 35fa0688-7afe-45b0-abf0-6f0f036f89ea</name>
              <Placemark>
                <name>Telemetry 0</name>
                <styleUrl>#modifiedtelemetry</styleUrl>
                <TimeSpan>
                  <begin>2026-09-01T16:14:23.954869+00:00</begin>
                  <end>2026-09-01T16:14:24.954869+00:00</end>
                </TimeSpan>
                <Point>
                  <coordinates>-80.57798081614081,37.197059404721635,0</coordinates>
                </Point>
              </Placemark>
              <Placemark>
                <name>Telemetry 1</name>
                <styleUrl>#modifiedtelemetry</styleUrl>
                <TimeSpan>
                  <begin>2026-09-01T16:14:24.954869+00:00</begin>
                  <end>2026-09-01T16:14:25.954869+00:00</end>
                </TimeSpan>
                <Point>
                  <coordinates>-80.57798798375362,37.197016214133484,0</coordinates>
                </Point>
              </Placemark>
              <Placemark>
                <name>Telemetry 2</name>
                <styleUrl>#modifiedtelemetry</styleUrl>
                <TimeSpan>
                  <begin>2026-09-01T16:14:25.954869+00:00</begin>
                  <end>2026-09-01T16:14:26.954869+00:00</end>
                </TimeSpan>
                <Point>
                  <coordinates>-80.57800212690604,37.196972734164305,0</coordinates>
                </Point>
              </Placemark>
              <Placemark>
                <name>Telemetry 3</name>
                <styleUrl>#modifiedtelemetry</styleUrl>
                <TimeSpan>
                  <begin>2026-09-01T16:14:26.954869+00:00</begin>
                  <end>2026-09-01T16:14:27.954869+00:00</end>
                </TimeSpan>
                <Point>
                  <coordinates>-80.57802342452034,37.196931703788785,0</coordinates>
                </Point>
              </Placemark>
              <Placemark>
                <name>Telemetry 4</name>
                <styleUrl>#modifiedtelemetry</styleUrl>
                <TimeSpan>
                  <begin>2026-09-01T16:14:27.954869+00:00</begin>
                  <end>2026-09-01T16:14:28.954869+00:00</end>
                </TimeSpan>
                <Point>
                  <coordinates>-80.57805344862881,37.19689368575391,0</coordinates>
                </Point>
              </Placemark>
              <Placemark>
                <name>Telemetry 5</name>
                <styleUrl>#modifiedtelemetry</styleUrl>
                <TimeSpan>
                  <begin>2026-09-01T16:14:28.954869+00:00</begin>
                  <end>2026-09-01T16:14:29.954869+00:00</end>
                </TimeSpan>
                <Point>
                  <coordinates>-80.57808720822365,37.19685213076737,0</coordinates>
                </Point>
              </Placemark>
              <Placemark>
                <name>Telemetry 6</name>
                <styleUrl>#modifiedtelemetry</styleUrl>
                <TimeSpan>
                  <begin>2026-09-01T16:14:29.954869+00:00</begin>
                  <end>2026-09-01T16:14:30.954869+00:00</end>
                </TimeSpan>
                <Point>
                  <coordinates>-80.57811722777369,37.19680923519623,0</coordinates>
                </Point>
              </Placemark>
              <Placemark>
                <name>Telemetry 7</name>
                <styleUrl>#modifiedtelemetry</styleUrl>
                <TimeSpan>
                  <begin>2026-09-01T16:14:30.954869+00:00</begin>
                  <end>2026-09-01T16:14:31.954869+00:00</end>
                </TimeSpan>
                <Point>
                  <coordinates>-80.5781323958596,37.1967658046547,0</coordinates>
                </Point>
              </Placemark>
              <Placemark>
                <name>Telemetry 8</name>
                <styleUrl>#modifiedtelemetry</styleUrl>
                <TimeSpan>
                  <begin>2026-09-01T16:14:31.954869+00:00</begin>
                  <end>2026-09-01T16:14:32.954869+00:00</end>
                </TimeSpan>
                <Point>
                  <coordinates>-80.57814392771789,37.19670166260832,0</coordinates>
                </Point>
              </Placemark>
              <Placemark>
                <name>Telemetry 9</name>
                <styleUrl>#modifiedtelemetry</styleUrl>
                <TimeSpan>
                  <begin>2026-09-01T16:14:32.954869+00:00</begin>
                  <end>2026-09-01T16:14:33.954869+00:00</end>
                </TimeSpan>
                <Point>
                  <coordinates>-80.57812974002694,37.19663489860375,0</coordinates>
                </Point>
              </Placemark>
              <Placemark>
                <name>Telemetry 10</name>
                <styleUrl>#modifiedtelemetry</styleUrl>
                <TimeSpan>
                  <begin>2026-09-01T16:14:33.954869+00:00</begin>
                  <end>2026-09-01T16:14:34.954869+00:00</end>
                </TimeSpan>
                <Point>
                  <coordinates>-80.57808680009781,37.19657292090538,0</coordinates>
                </Point>
              </Placemark>
              <Placemark>
                <name>Telemetry 11</name>
                <styleUrl>#modifiedtelemetry</styleUrl>
                <TimeSpan>
                  <begin>2026-09-01T16:14:34.954869+00:00</begin>
                  <end>2026-09-01T16:14:35.954869+00:00</end>
                </TimeSpan>
                <Point>
                  <coordinates>-80.57801685035301,37.19652877181478,0</coordinates>
                </Point>
              </Placemark>
              <Placemark>
                <name>Telemetry 12</name>
                <styleUrl>#modifiedtelemetry</styleUrl>
                <TimeSpan>
                  <begin>2026-09-01T16:14:35.954869+00:00</begin>
                  <end>2026-09-01T16:14:36.954869+00:00</end>
                </TimeSpan>
                <Point>
                  <coordinates>-80.57795541973255,37.19650790849303,0</coordinates>
                </Point>
              </Placemark>
              <Placemark>
                <name>Telemetry 13</name>
                <styleUrl>#modifiedtelemetry</styleUrl>
                <TimeSpan>
                  <begin>2026-09-01T16:14:36.954869+00:00</begin>
                  <end>2026-09-01T16:14:37.954869+00:00</end>
                </TimeSpan>
                <Point>
                  <coordinates>-80.57779490248247,37.19643592110631,0</coordinates>
                </Point>
              </Placemark>
              <Placemark>
                <name>Telemetry 14</name>
                <styleUrl>#modifiedtelemetry</styleUrl>
                <TimeSpan>
                  <begin>2026-09-01T16:14:37.954869+00:00</begin>
                  <end>2026-09-01T16:14:38.954869+00:00</end>
                </TimeSpan>
                <Point>
                  <coordinates>-80.57771381708879,37.19639543761661,0</coordinates>
                </Point>
              </Placemark>
              <Placemark>
                <name>Telemetry 15</name>
                <styleUrl>#modifiedtelemetry</styleUrl>
                <TimeSpan>
                  <begin>2026-09-01T16:14:38.954869+00:00</begin>
                  <end>2026-09-01T16:14:39.954869+00:00</end>
                </TimeSpan>
                <Point>
                  <coordinates>-80.5776456115435,37.19635960981006,0</coordinates>
                </Point>
              </Placemark>
              <Placemark>
                <name>Telemetry 16</name>
                <styleUrl>#modifiedtelemetry</styleUrl>
                <TimeSpan>
                  <begin>2026-09-01T16:14:39.954869+00:00</begin>
                  <end>2026-09-01T16:14:40.954869+00:00</end>
                </TimeSpan>
                <Point>
                  <coordinates>-80.57757190904874,37.19632841915715,0</coordinates>
                </Point>
              </Placemark>
              <Placemark>
                <name>Telemetry 17</name>
                <styleUrl>#modifiedtelemetry</styleUrl>
                <TimeSpan>
                  <begin>2026-09-01T16:14:40.954869+00:00</begin>
                  <end>2026-09-01T16:14:41.954869+00:00</end>
                </TimeSpan>
                <Point>
                  <coordinates>-80.57751114071674,37.19631735230622,0</coordinates>
                </Point>
              </Placemark>
              <Placemark>
                <name>Telemetry 18</name>
                <styleUrl>#modifiedtelemetry</styleUrl>
                <TimeSpan>
                  <begin>2026-09-01T16:14:41.954869+00:00</begin>
                  <end>2026-09-01T16:14:42.954869+00:00</end>
                </TimeSpan>
                <Point>
                  <coordinates>-80.57742677046657,37.19631370494702,0</coordinates>
                </Point>
              </Placemark>
              <Placemark>
                <name>Telemetry 19</name>
                <styleUrl>#modifiedtelemetry</styleUrl>
                <TimeSpan>
                  <begin>2026-09-01T16:14:42.954869+00:00</begin>
                  <end>2026-09-01T16:14:43.954869+00:00</end>
                </TimeSpan>
                <Point>
                  <coordinates>-80.5773706,37.1963054,0</coordinates>
                </Point>
              </Placemark>
              <Placemark>
                <name>Telemetry 20</name>
                <styleUrl>#modifiedtelemetry</styleUrl>
                <TimeSpan>
                  <begin>2026-09-01T16:14:43.954869+00:00</begin>
                  <end>2026-09-01T16:14:44.954869+00:00</end>
                </TimeSpan>
                <Point>
                  <coordinates>-80.5771453,37.1963577,0</coordinates>
                </Point>
              </Placemark>
              <Placemark>
                <name>Telemetry 21</name>
                <styleUrl>#modifiedtelemetry</styleUrl>
                <TimeSpan>
                  <begin>2026-09-01T16:14:44.954869+00:00</begin>
                  <end>2026-09-01T16:14:45.954869+00:00</end>
                </TimeSpan>
                <Point>
                  <coordinates>-80.5771265,37.1965735,0</coordinates>
                </Point>
              </Placemark>
              <Placemark>
                <name>Telemetry 22</name>
                <styleUrl>#modifiedtelemetry</styleUrl>
                <TimeSpan>
                  <begin>2026-09-01T16:14:45.954869+00:00</begin>
                  <end>2026-09-01T16:14:46.954869+00:00</end>
                </TimeSpan>
                <Point>
                  <coordinates>-80.57744590087025,37.19665029738701,0</coordinates>
                </Point>
              </Placemark>
              <Placemark>
                <name>Telemetry 23</name>
                <styleUrl>#modifiedtelemetry</styleUrl>
                <TimeSpan>
                  <begin>2026-09-01T16:14:46.954869+00:00</begin>
                  <end>2026-09-01T16:14:47.954869+00:00</end>
                </TimeSpan>
                <Point>
                  <coordinates>-80.5776442,37.1966013,0</coordinates>
                </Point>
              </Placemark>
              <Placemark>
                <name>Telemetry 24</name>
                <styleUrl>#modifiedtelemetry</styleUrl>
                <TimeSpan>
                  <begin>2026-09-01T16:14:47.954869+00:00</begin>
                  <end>2026-09-01T16:14:48.954869+00:00</end>
                </TimeSpan>
                <Point>
                  <coordinates>-80.57776806176655,37.1964375298218,0</coordinates>
                </Point>
              </Placemark>
              <Placemark>
                <name>Telemetry 25</name>
                <styleUrl>#modifiedtelemetry</styleUrl>
                <TimeSpan>
                  <begin>2026-09-01T16:14:48.954869+00:00</begin>
                  <end>2026-09-01T16:14:49.954869+00:00</end>
                </TimeSpan>
                <Point>
                  <coordinates>-80.57784172323511,37.1962376762061,0</coordinates>
                </Point>
              </Placemark>
              <Placemark>
                <name>Telemetry 26</name>
                <styleUrl>#modifiedtelemetry</styleUrl>
                <TimeSpan>
                  <begin>2026-09-01T16:14:49.954869+00:00</begin>
                  <end>2026-09-01T16:14:50.954869+00:00</end>
                </TimeSpan>
                <Point>
                  <coordinates>-80.5777311,37.1960563,0</coordinates>
                </Point>
              </Placemark>
              <Placemark>
                <name>Telemetry 27</name>
                <styleUrl>#modifiedtelemetry</styleUrl>
                <TimeSpan>
                  <begin>2026-09-01T16:14:50.954869+00:00</begin>
                  <end>2026-09-01T16:14:51.954869+00:00</end>
                </TimeSpan>
                <Point>
                  <coordinates>-80.57739321491916,37.19605837098315,0</coordinates>
                </Point>
              </Placemark>
              <Placemark>
                <name>Telemetry 28</name>
                <styleUrl>#modifiedtelemetry</styleUrl>
                <TimeSpan>
                  <begin>2026-09-01T16:14:51.954869+00:00</begin>
                  <end>2026-09-01T16:14:52.954869+00:00</end>
                </TimeSpan>
                <Point>
                  <coordinates>-80.5771357,37.1961151,0</coordinates>
                </Point>
              </Placemark>
              <Placemark>
                <name>Telemetry 29</name>
                <styleUrl>#modifiedtelemetry</styleUrl>
                <TimeSpan>
                  <begin>2026-09-01T16:14:52.954869+00:00</begin>
                  <end>2026-09-01T16:14:53.954869+00:00</end>
                </TimeSpan>
                <Point>
                  <coordinates>-80.5769627,37.1962283,0</coordinates>
                </Point>
              </Placemark>
              <Placemark>
                <name>Telemetry 30</name>
                <styleUrl>#modifiedtelemetry</styleUrl>
                <TimeSpan>
                  <begin>2026-09-01T16:14:53.954869+00:00</begin>
                  <end>2026-09-01T16:14:54.954869+00:00</end>
                </TimeSpan>
                <Point>
                  <coordinates>-80.5769184,37.1963885,0</coordinates>
                </Point>
              </Placemark>
              <Placemark>
                <name>Telemetry 31</name>
                <styleUrl>#modifiedtelemetry</styleUrl>
                <TimeSpan>
                  <begin>2026-09-01T16:14:54.954869+00:00</begin>
                  <end>2026-09-01T16:14:55.954869+00:00</end>
                </TimeSpan>
                <Point>
                  <coordinates>-80.5767347,37.1964356,0</coordinates>
                </Point>
              </Placemark>
              <Placemark>
                <name>Telemetry 32</name>
                <styleUrl>#modifiedtelemetry</styleUrl>
                <TimeSpan>
                  <begin>2026-09-01T16:14:55.954869+00:00</begin>
                  <end>2026-09-01T16:14:56.954869+00:00</end>
                </TimeSpan>
                <Point>
                  <coordinates>-80.5766366,37.1963538,0</coordinates>
                </Point>
              </Placemark>
              <Placemark>
                <name>Telemetry 33</name>
                <styleUrl>#modifiedtelemetry</styleUrl>
                <TimeSpan>
                  <begin>2026-09-01T16:14:56.954869+00:00</begin>
                  <end>2026-09-01T16:14:57.954869+00:00</end>
                </TimeSpan>
                <Point>
                  <coordinates>-80.5766634,37.1962096,0</coordinates>
                </Point>
              </Placemark>
              <Placemark>
                <name>Telemetry 34</name>
                <styleUrl>#modifiedtelemetry</styleUrl>
                <TimeSpan>
                  <begin>2026-09-01T16:14:57.954869+00:00</begin>
                  <end>2026-09-01T16:14:58.954869+00:00</end>
                </TimeSpan>
                <Point>
                  <coordinates>-80.5767707,37.1961284,0</coordinates>
                </Point>
              </Placemark>
              <Placemark>
                <name>Telemetry 35</name>
                <styleUrl>#modifiedtelemetry</styleUrl>
                <TimeSpan>
                  <begin>2026-09-01T16:14:58.954869+00:00</begin>
                  <end>2026-09-01T16:14:59.954869+00:00</end>
                </TimeSpan>
                <Point>
                  <coordinates>-80.5768887,37.1960493,0</coordinates>
                </Point>
              </Placemark>
              <Placemark>
                <name>Telemetry 36</name>
                <styleUrl>#modifiedtelemetry</styleUrl>
                <TimeSpan>
                  <begin>2026-09-01T16:14:59.954869+00:00</begin>
                  <end>2026-09-01T16:15:00.954869+00:00</end>
                </TimeSpan>
                <Point>
                  <coordinates>-80.5770684,37.1959745,0</coordinates>
                </Point>
              </Placemark>
              <Placemark>
                <name>Telemetry 37</name>
                <styleUrl>#modifiedtelemetry</styleUrl>
                <TimeSpan>
                  <begin>2026-09-01T16:15:00.954869+00:00</begin>
                  <end>2026-09-01T16:15:01.954869+00:00</end>
                </TimeSpan>
                <Point>
                  <coordinates>-80.5771757,37.19596070000001,0</coordinates>
                </Point>
              </Placemark>
              <Placemark>
                <name>Telemetry 38</name>
                <styleUrl>#modifiedtelemetry</styleUrl>
                <TimeSpan>
                  <begin>2026-09-01T16:15:01.954869+00:00</begin>
                  <end>2026-09-01T16:15:02.954869+00:00</end>
                </TimeSpan>
                <Point>
                  <coordinates>-80.5772937,37.19598200000001,0</coordinates>
                </Point>
              </Placemark>
              <Placemark>
                <name>Telemetry 39</name>
                <styleUrl>#modifiedtelemetry</styleUrl>
                <TimeSpan>
                  <begin>2026-09-01T16:15:02.954869+00:00</begin>
                  <end>2026-09-01T16:15:03.954869+00:00</end>
                </TimeSpan>
                <Point>
                  <coordinates>-80.5773326,37.1960942,0</coordinates>
                </Point>
              </Placemark>
              <Placemark>
                <name>Telemetry 40</name>
                <styleUrl>#modifiedtelemetry</styleUrl>
                <TimeSpan>
                  <begin>2026-09-01T16:15:03.954869+00:00</begin>
                  <end>2026-09-01T16:15:04.954869+00:00</end>
                </TimeSpan>
                <Point>
                  <coordinates>-80.577283,37.19619780000001,0</coordinates>
                </Point>
              </Placemark>
              <Placemark>
                <name>Telemetry 41</name>
                <styleUrl>#modifiedtelemetry</styleUrl>
                <TimeSpan>
                  <begin>2026-09-01T16:15:04.954869+00:00</begin>
                  <end>2026-09-01T16:15:05.954869+00:00</end>
                </TimeSpan>
                <Point>
                  <coordinates>-80.5772602,37.1963495,0</coordinates>
                </Point>
              </Placemark>
              <Placemark>
                <name>Telemetry 42</name>
                <styleUrl>#modifiedtelemetry</styleUrl>
                <TimeSpan>
                  <begin>2026-09-01T16:15:05.954869+00:00</begin>
                  <end>2026-09-01T16:15:06.954869+00:00</end>
                </TimeSpan>
                <Point>
                  <coordinates>-80.5772817,37.1964692,0</coordinates>
                </Point>
              </Placemark>
              <Placemark>
                <name>Telemetry 43</name>
                <styleUrl>#modifiedtelemetry</styleUrl>
                <TimeSpan>
                  <begin>2026-09-01T16:15:06.954869+00:00</begin>
                  <end>2026-09-01T16:15:07.954869+00:00</end>
                </TimeSpan>
                <Point>
                  <coordinates>-80.5773863,37.1965546,0</coordinates>
                </Point>
              </Placemark>
              <Placemark>
                <name>Telemetry 44</name>
                <styleUrl>#modifiedtelemetry</styleUrl>
                <TimeSpan>
                  <begin>2026-09-01T16:15:07.954869+00:00</begin>
                  <end>2026-09-01T16:15:08.954869+00:00</end>
                </TimeSpan>
                <Point>
                  <coordinates>-80.5775406,37.1965589,0</coordinates>
                </Point>
              </Placemark>
              <Placemark>
                <name>Telemetry 45</name>
                <styleUrl>#modifiedtelemetry</styleUrl>
                <TimeSpan>
                  <begin>2026-09-01T16:15:08.954869+00:00</begin>
                  <end>2026-09-01T16:15:09.954869+00:00</end>
                </TimeSpan>
                <Point>
                  <coordinates>-80.57763850000002,37.1965782,0</coordinates>
                </Point>
              </Placemark>
              <Placemark>
                <name>Telemetry 46</name>
                <styleUrl>#modifiedtelemetry</styleUrl>
                <TimeSpan>
                  <begin>2026-09-01T16:15:09.954869+00:00</begin>
                  <end>2026-09-01T16:15:10.954869+00:00</end>
                </TimeSpan>
                <Point>
                  <coordinates>-80.57763850000002,37.1966679,0</coordinates>
                </Point>
              </Placemark>
              <Placemark>
                <name>Telemetry 47</name>
                <styleUrl>#modifiedtelemetry</styleUrl>
                <TimeSpan>
                  <begin>2026-09-01T16:15:10.954869+00:00</begin>
                  <end>2026-09-01T16:15:11.954869+00:00</end>
                </TimeSpan>
                <Point>
                  <coordinates>-80.5775473,37.1967074,0</coordinates>
                </Point>
              </Placemark>
              <Placemark>
                <name>Telemetry 48</name>
                <styleUrl>#modifiedtelemetry</styleUrl>
                <TimeSpan>
                  <begin>2026-09-01T16:15:11.954869+00:00</begin>
                  <end>2026-09-01T16:15:12.954869+00:00</end>
                </TimeSpan>
                <Point>
                  <coordinates>-80.5773823,37.1966967,0</coordinates>
                </Point>
              </Placemark>
              <Placemark>
                <name>Telemetry 49</name>
                <styleUrl>#modifiedtelemetry</styleUrl>
                <TimeSpan>
                  <begin>2026-09-01T16:15:12.954869+00:00</begin>
                  <end>2026-09-01T16:15:13.954869+00:00</end>
                </TimeSpan>
                <Point>
                  <coordinates>-80.5773421,37.1966241,0</coordinates>
                </Point>
              </Placemark>
              <Placemark>
                <name>Telemetry 50</name>
                <styleUrl>#modifiedtelemetry</styleUrl>
                <TimeSpan>
                  <begin>2026-09-01T16:15:13.954869+00:00</begin>
                  <end>2026-09-01T16:15:14.954869+00:00</end>
                </TimeSpan>
                <Point>
                  <coordinates>-80.5773005,37.196528,0</coordinates>
                </Point>
              </Placemark>
              <Placemark>
                <name>Telemetry 51</name>
                <styleUrl>#modifiedtelemetry</styleUrl>
                <TimeSpan>
                  <begin>2026-09-01T16:15:14.954869+00:00</begin>
                  <end>2026-09-01T16:15:15.954869+00:00</end>
                </TimeSpan>
                <Point>
                  <coordinates>-80.5771557,37.1965055,0</coordinates>
                </Point>
              </Placemark>
              <Placemark>
                <name>Telemetry 52</name>
                <styleUrl>#modifiedtelemetry</styleUrl>
                <TimeSpan>
                  <begin>2026-09-01T16:15:15.954869+00:00</begin>
                  <end>2026-09-01T16:15:16.954869+00:00</end>
                </TimeSpan>
                <Point>
                  <coordinates>-80.5770457,37.19654400000001,0</coordinates>
                </Point>
              </Placemark>
              <Placemark>
                <name>Telemetry 53</name>
                <styleUrl>#modifiedtelemetry</styleUrl>
                <TimeSpan>
                  <begin>2026-09-01T16:15:16.954869+00:00</begin>
                  <end>2026-09-01T16:15:17.954869+00:00</end>
                </TimeSpan>
                <Point>
                  <coordinates>-80.5768834,37.19654500000001,0</coordinates>
                </Point>
              </Placemark>
              <Placemark>
                <name>Telemetry 54</name>
                <styleUrl>#modifiedtelemetry</styleUrl>
                <TimeSpan>
                  <begin>2026-09-01T16:15:17.954869+00:00</begin>
                  <end>2026-09-01T16:15:18.954869+00:00</end>
                </TimeSpan>
                <Point>
                  <coordinates>-80.5767869,37.1964831,0</coordinates>
                </Point>
              </Placemark>
              <Placemark>
                <name>Telemetry 55</name>
                <styleUrl>#modifiedtelemetry</styleUrl>
                <TimeSpan>
                  <begin>2026-09-01T16:15:18.954869+00:00</begin>
                  <end>2026-09-01T16:15:19.954869+00:00</end>
                </TimeSpan>
                <Point>
                  <coordinates>-80.5767547,37.1964083,0</coordinates>
                </Point>
              </Placemark>
              <Placemark>
                <name>Telemetry 56</name>
                <styleUrl>#modifiedtelemetry</styleUrl>
                <TimeSpan>
                  <begin>2026-09-01T16:15:19.954869+00:00</begin>
                  <end>2026-09-01T16:15:20.954869+00:00</end>
                </TimeSpan>
                <Point>
                  <coordinates>-80.5767587,37.1963228,0</coordinates>
                </Point>
              </Placemark>
              <Placemark>
                <name>Telemetry 57</name>
                <styleUrl>#modifiedtelemetry</styleUrl>
                <TimeSpan>
                  <begin>2026-09-01T16:15:20.954869+00:00</begin>
                  <end>2026-09-01T16:15:21.954869+00:00</end>
                </TimeSpan>
                <Point>
                  <coordinates>-80.5767587,37.1961893,0</coordinates>
                </Point>
              </Placemark>
              <Placemark>
                <name>Telemetry 58</name>
                <styleUrl>#modifiedtelemetry</styleUrl>
                <TimeSpan>
                  <begin>2026-09-01T16:15:21.954869+00:00</begin>
                  <end>2026-09-01T16:15:22.954869+00:00</end>
                </TimeSpan>
                <Point>
                  <coordinates>-80.5766836,37.1961348,0</coordinates>
                </Point>
              </Placemark>
              <Placemark>
                <name>Telemetry 59</name>
                <styleUrl>#modifiedtelemetry</styleUrl>
                <TimeSpan>
                  <begin>2026-09-01T16:15:22.954869+00:00</begin>
                  <end>2026-09-01T16:15:23.954869+00:00</end>
                </TimeSpan>
                <Point>
                  <coordinates>-80.5766836,37.1960205,0</coordinates>
                </Point>
              </Placemark>
              <Placemark>
                <name>Telemetry 60</name>
                <styleUrl>#modifiedtelemetry</styleUrl>
                <TimeSpan>
                  <begin>2026-09-01T16:15:23.954869+00:00</begin>
                  <end>2026-09-01T16:15:24.954869+00:00</end>
                </TimeSpan>
                <Point>
                  <coordinates>-80.5767896,37.1960077,0</coordinates>
                </Point>
              </Placemark>
              <Placemark>
                <name>Telemetry 61</name>
                <styleUrl>#modifiedtelemetry</styleUrl>
                <TimeSpan>
                  <begin>2026-09-01T16:15:24.954869+00:00</begin>
                  <end>2026-09-01T16:15:25.954869+00:00</end>
                </TimeSpan>
                <Point>
                  <coordinates>-80.5769277,37.1959671,0</coordinates>
                </Point>
              </Placemark>
              <Placemark>
                <name>Telemetry 62</name>
                <styleUrl>#modifiedtelemetry</styleUrl>
                <TimeSpan>
                  <begin>2026-09-01T16:15:25.954869+00:00</begin>
                  <end>2026-09-01T16:15:26.954869+00:00</end>
                </TimeSpan>
                <Point>
                  <coordinates>-80.5770806,37.1959051,0</coordinates>
                </Point>
              </Placemark>
              <Placemark>
                <name>Telemetry 63</name>
                <styleUrl>#modifiedtelemetry</styleUrl>
                <TimeSpan>
                  <begin>2026-09-01T16:15:26.954869+00:00</begin>
                  <end>2026-09-01T16:15:27.954869+00:00</end>
                </TimeSpan>
                <Point>
                  <coordinates>-80.5771999,37.195896600000005,0</coordinates>
                </Point>
              </Placemark>
            </Folder>
          </Folder>
        </Folder>
        <Folder>
          <name>Service Provider polling</name>
        </Folder>
        <Folder>
          <name>Service Provider polling</name>
        </Folder>
        <Folder>
          <name>Service Provider polling</name>
        </Folder>
        <Folder>
          <name>Service Provider polling</name>
        </Folder>
        <Folder>
          <name>Service Provider polling</name>
        </Folder>
        <Folder>
          <name>Verify operator notification</name>
        </Folder>
        <Folder>
          <name>Intermediate cleanup</name>
        </Folder>
        <Folder>
          <name>Retrieve pre-existing operator notification</name>
        </Folder>
        <Folder>
          <name>Injection</name>
          <Folder>
            <name>E24: uss2 interuss.automated_testing.rid.v1.injection.createTest</name>
            <Folder>
              <name>Test flight 31977882-59e7-4e46-895b-71924cb7e963</name>
              <Placemark>
                <name>Telemetry 0</name>
                <styleUrl>#modifiedtelemetry</styleUrl>
                <TimeSpan>
                  <begin>2026-09-01T16:14:34.474311+00:00</begin>
                  <end>2026-09-01T16:14:35.474311+00:00</end>
                </TimeSpan>
                <Point>
                  <coordinates>-80.57798081614081,37.197059404721635,0</coordinates>
                </Point>
              </Placemark>
              <Placemark>
                <name>Telemetry 1</name>
                <styleUrl>#modifiedtelemetry</styleUrl>
                <TimeSpan>
                  <begin>2026-09-01T16:14:35.474311+00:00</begin>
                  <end>2026-09-01T16:14:36.474311+00:00</end>
                </TimeSpan>
                <Point>
                  <coordinates>-80.57798798375362,37.197016214133484,0</coordinates>
                </Point>
              </Placemark>
              <Placemark>
                <name>Telemetry 2</name>
                <styleUrl>#modifiedtelemetry</styleUrl>
                <TimeSpan>
                  <begin>2026-09-01T16:14:36.474311+00:00</begin>
                  <end>2026-09-01T16:14:37.474311+00:00</end>
                </TimeSpan>
                <Point>
                  <coordinates>-80.57800212690604,37.196972734164305,0</coordinates>
                </Point>
              </Placemark>
              <Placemark>
                <name>Telemetry 3</name>
                <styleUrl>#modifiedtelemetry</styleUrl>
                <TimeSpan>
                  <begin>2026-09-01T16:14:37.474311+00:00</begin>
                  <end>2026-09-01T16:14:38.474311+00:00</end>
                </TimeSpan>
                <Point>
                  <coordinates>-80.57802342452034,37.196931703788785,0</coordinates>
                </Point>
              </Placemark>
              <Placemark>
                <name>Telemetry 4</name>
                <styleUrl>#modifiedtelemetry</styleUrl>
                <TimeSpan>
                  <begin>2026-09-01T16:14:38.474311+00:00</begin>
                  <end>2026-09-01T16:14:39.474311+00:00</end>
                </TimeSpan>
                <Point>
                  <coordinates>-80.57805344862881,37.19689368575391,0</coordinates>
                </Point>
              </Placemark>
              <Placemark>
                <name>Telemetry 5</name>
                <styleUrl>#modifiedtelemetry</styleUrl>
                <TimeSpan>
                  <begin>2026-09-01T16:14:39.474311+00:00</begin>
                  <end>2026-09-01T16:14:40.474311+00:00</end>
                </TimeSpan>
                <Point>
                  <coordinates>-80.57808720822365,37.19685213076737,0</coordinates>
                </Point>
              </Placemark>
              <Placemark>
                <name>Telemetry 6</name>
                <styleUrl>#modifiedtelemetry</styleUrl>
                <TimeSpan>
                  <begin>2026-09-01T16:14:40.474311+00:00</begin>
                  <end>2026-09-01T16:14:41.474311+00:00</end>
                </TimeSpan>
                <Point>
                  <coordinates>-80.57811722777369,37.19680923519623,0</coordinates>
                </Point>
              </Placemark>
              <Placemark>
                <name>Telemetry 7</name>
                <styleUrl>#modifiedtelemetry</styleUrl>
                <TimeSpan>
                  <begin>2026-09-01T16:14:41.474311+00:00</begin>
                  <end>2026-09-01T16:14:42.474311+00:00</end>
                </TimeSpan>
                <Point>
                  <coordinates>-80.5781323958596,37.1967658046547,0</coordinates>
                </Point>
              </Placemark>
              <Placemark>
                <name>Telemetry 8</name>
                <styleUrl>#modifiedtelemetry</styleUrl>
                <TimeSpan>
                  <begin>2026-09-01T16:14:42.474311+00:00</begin>
                  <end>2026-09-01T16:14:43.474311+00:00</end>
                </TimeSpan>
                <Point>
                  <coordinates>-80.57814392771789,37.19670166260832,0</coordinates>
                </Point>
              </Placemark>
              <Placemark>
                <name>Telemetry 9</name>
                <styleUrl>#modifiedtelemetry</styleUrl>
                <TimeSpan>
                  <begin>2026-09-01T16:14:43.474311+00:00</begin>
                  <end>2026-09-01T16:14:44.474311+00:00</end>
                </TimeSpan>
                <Point>
                  <coordinates>-80.57812974002694,37.19663489860375,0</coordinates>
                </Point>
              </Placemark>
              <Placemark>
                <name>Telemetry 10</name>
                <styleUrl>#modifiedtelemetry</styleUrl>
                <TimeSpan>
                  <begin>2026-09-01T16:14:44.474311+00:00</begin>
                  <end>2026-09-01T16:14:45.474311+00:00</end>
                </TimeSpan>
                <Point>
                  <coordinates>-80.57808680009781,37.19657292090538,0</coordinates>
                </Point>
              </Placemark>
              <Placemark>
                <name>Telemetry 11</name>
                <styleUrl>#modifiedtelemetry</styleUrl>
                <TimeSpan>
                  <begin>2026-09-01T16:14:45.474311+00:00</begin>
                  <end>2026-09-01T16:14:46.474311+00:00</end>
                </TimeSpan>
                <Point>
                  <coordinates>-80.57801685035301,37.19652877181478,0</coordinates>
                </Point>
              </Placemark>
              <Placemark>
                <name>Telemetry 12</name>
                <styleUrl>#modifiedtelemetry</styleUrl>
                <TimeSpan>
                  <begin>2026-09-01T16:14:46.474311+00:00</begin>
                  <end>2026-09-01T16:14:47.474311+00:00</end>
                </TimeSpan>
                <Point>
                  <coordinates>-80.57795541973255,37.19650790849303,0</coordinates>
                </Point>
              </Placemark>
              <Placemark>
                <name>Telemetry 13</name>
                <styleUrl>#modifiedtelemetry</styleUrl>
                <TimeSpan>
                  <begin>2026-09-01T16:14:47.474311+00:00</begin>
                  <end>2026-09-01T16:14:48.474311+00:00</end>
                </TimeSpan>
                <Point>
                  <coordinates>-80.57779490248247,37.19643592110631,0</coordinates>
                </Point>
              </Placemark>
              <Placemark>
                <name>Telemetry 14</name>
                <styleUrl>#modifiedtelemetry</styleUrl>
                <TimeSpan>
                  <begin>2026-09-01T16:14:48.474311+00:00</begin>
                  <end>2026-09-01T16:14:49.474311+00:00</end>
                </TimeSpan>
                <Point>
                  <coordinates>-80.57771381708879,37.19639543761661,0</coordinates>
                </Point>
              </Placemark>
              <Placemark>
                <name>Telemetry 15</name>
                <styleUrl>#modifiedtelemetry</styleUrl>
                <TimeSpan>
                  <begin>2026-09-01T16:14:49.474311+00:00</begin>
                  <end>2026-09-01T16:14:50.474311+00:00</end>
                </TimeSpan>
                <Point>
                  <coordinates>-80.5776456115435,37.19635960981006,0</coordinates>
                </Point>
              </Placemark>
              <Placemark>
                <name>Telemetry 16</name>
                <styleUrl>#modifiedtelemetry</styleUrl>
                <TimeSpan>
                  <begin>2026-09-01T16:14:50.474311+00:00</begin>
                  <end>2026-09-01T16:14:51.474311+00:00</end>
                </TimeSpan>
                <Point>
                  <coordinates>-80.57757190904874,37.19632841915715,0</coordinates>
                </Point>
              </Placemark>
              <Placemark>
                <name>Telemetry 17</name>
                <styleUrl>#modifiedtelemetry</styleUrl>
                <TimeSpan>
                  <begin>2026-09-01T16:14:51.474311+00:00</begin>
                  <end>2026-09-01T16:14:52.474311+00:00</end>
                </TimeSpan>
                <Point>
                  <coordinates>-80.57751114071674,37.19631735230622,0</coordinates>
                </Point>
              </Placemark>
              <Placemark>
                <name>Telemetry 18</name>
                <styleUrl>#modifiedtelemetry</styleUrl>
                <TimeSpan>
                  <begin>2026-09-01T16:14:52.474311+00:00</begin>
                  <end>2026-09-01T16:14:53.474311+00:00</end>
                </TimeSpan>
                <Point>
                  <coordinates>-80.57742677046657,37.19631370494702,0</coordinates>
                </Point>
              </Placemark>
              <Placemark>
                <name>Telemetry 19</name>
                <styleUrl>#modifiedtelemetry</styleUrl>
                <TimeSpan>
                  <begin>2026-09-01T16:14:53.474311+00:00</begin>
                  <end>2026-09-01T16:14:54.474311+00:00</end>
                </TimeSpan>
                <Point>
                  <coordinates>-80.5773706,37.1963054,0</coordinates>
                </Point>
              </Placemark>
              <Placemark>
                <name>Telemetry 20</name>
                <styleUrl>#modifiedtelemetry</styleUrl>
                <TimeSpan>
                  <begin>2026-09-01T16:14:54.474311+00:00</begin>
                  <end>2026-09-01T16:14:55.474311+00:00</end>
                </TimeSpan>
                <Point>
                  <coordinates>-80.5771453,37.1963577,0</coordinates>
                </Point>
              </Placemark>
              <Placemark>
                <name>Telemetry 21</name>
                <styleUrl>#modifiedtelemetry</styleUrl>
                <TimeSpan>
                  <begin>2026-09-01T16:14:55.474311+00:00</begin>
                  <end>2026-09-01T16:14:56.474311+00:00</end>
                </TimeSpan>
                <Point>
                  <coordinates>-80.5771265,37.1965735,0</coordinates>
                </Point>
              </Placemark>
              <Placemark>
                <name>Telemetry 22</name>
                <styleUrl>#modifiedtelemetry</styleUrl>
                <TimeSpan>
                  <begin>2026-09-01T16:14:56.474311+00:00</begin>
                  <end>2026-09-01T16:14:57.474311+00:00</end>
                </TimeSpan>
                <Point>
                  <coordinates>-80.57744590087025,37.19665029738701,0</coordinates>
                </Point>
              </Placemark>
              <Placemark>
                <name>Telemetry 23</name>
                <styleUrl>#modifiedtelemetry</styleUrl>
                <TimeSpan>
                  <begin>2026-09-01T16:14:57.474311+00:00</begin>
                  <end>2026-09-01T16:14:58.474311+00:00</end>
                </TimeSpan>
                <Point>
                  <coordinates>-80.5776442,37.1966013,0</coordinates>
                </Point>
              </Placemark>
              <Placemark>
                <name>Telemetry 24</name>
                <styleUrl>#modifiedtelemetry</styleUrl>
                <TimeSpan>
                  <begin>2026-09-01T16:14:58.474311+00:00</begin>
                  <end>2026-09-01T16:14:59.474311+00:00</end>
                </TimeSpan>
                <Point>
                  <coordinates>-80.57776806176655,37.1964375298218,0</coordinates>
                </Point>
              </Placemark>
              <Placemark>
                <name>Telemetry 25</name>
                <styleUrl>#modifiedtelemetry</styleUrl>
                <TimeSpan>
                  <begin>2026-09-01T16:14:59.474311+00:00</begin>
                  <end>2026-09-01T16:15:00.474311+00:00</end>
                </TimeSpan>
                <Point>
                  <coordinates>-80.57784172323511,37.1962376762061,0</coordinates>
                </Point>
              </Placemark>
              <Placemark>
                <name>Telemetry 26</name>
                <styleUrl>#modifiedtelemetry</styleUrl>
                <TimeSpan>
                  <begin>2026-09-01T16:15:00.474311+00:00</begin>
                  <end>2026-09-01T16:15:01.474311+00:00</end>
                </TimeSpan>
                <Point>
                  <coordinates>-80.5777311,37.1960563,0</coordinates>
                </Point>
              </Placemark>
              <Placemark>
                <name>Telemetry 27</name>
                <styleUrl>#modifiedtelemetry</styleUrl>
                <TimeSpan>
                  <begin>2026-09-01T16:15:01.474311+00:00</begin>
                  <end>2026-09-01T16:15:02.474311+00:00</end>
                </TimeSpan>
                <Point>
                  <coordinates>-80.57739321491916,37.19605837098315,0</coordinates>
                </Point>
              </Placemark>
              <Placemark>
                <name>Telemetry 28</name>
                <styleUrl>#modifiedtelemetry</styleUrl>
                <TimeSpan>
                  <begin>2026-09-01T16:15:02.474311+00:00</begin>
                  <end>2026-09-01T16:15:03.474311+00:00</end>
                </TimeSpan>
                <Point>
                  <coordinates>-80.5771357,37.1961151,0</coordinates>
                </Point>
              </Placemark>
              <Placemark>
                <name>Telemetry 29</name>
                <styleUrl>#modifiedtelemetry</styleUrl>
                <TimeSpan>
                  <begin>2026-09-01T16:15:03.474311+00:00</begin>
                  <end>2026-09-01T16:15:04.474311+00:00</end>
                </TimeSpan>
                <Point>
                  <coordinates>-80.5769627,37.1962283,0</coordinates>
                </Point>
              </Placemark>
              <Placemark>
                <name>Telemetry 30</name>
                <styleUrl>#modifiedtelemetry</styleUrl>
                <TimeSpan>
                  <begin>2026-09-01T16:15:04.474311+00:00</begin>
                  <end>2026-09-01T16:15:05.474311+00:00</end>
                </TimeSpan>
                <Point>
                  <coordinates>-80.5769184,37.1963885,0</coordinates>
                </Point>
              </Placemark>
              <Placemark>
                <name>Telemetry 31</name>
                <styleUrl>#modifiedtelemetry</styleUrl>
                <TimeSpan>
                  <begin>2026-09-01T16:15:05.474311+00:00</begin>
                  <end>2026-09-01T16:15:06.474311+00:00</end>
                </TimeSpan>
                <Point>
                  <coordinates>-80.5767347,37.1964356,0</coordinates>
                </Point>
              </Placemark>
              <Placemark>
                <name>Telemetry 32</name>
                <styleUrl>#modifiedtelemetry</styleUrl>
                <TimeSpan>
                  <begin>2026-09-01T16:15:06.474311+00:00</begin>
                  <end>2026-09-01T16:15:07.474311+00:00</end>
                </TimeSpan>
                <Point>
                  <coordinates>-80.5766366,37.1963538,0</coordinates>
                </Point>
              </Placemark>
              <Placemark>
                <name>Telemetry 33</name>
                <styleUrl>#modifiedtelemetry</styleUrl>
                <TimeSpan>
                  <begin>2026-09-01T16:15:07.474311+00:00</begin>
                  <end>2026-09-01T16:15:08.474311+00:00</end>
                </TimeSpan>
                <Point>
                  <coordinates>-80.5766634,37.1962096,0</coordinates>
                </Point>
              </Placemark>
              <Placemark>
                <name>Telemetry 34</name>
                <styleUrl>#modifiedtelemetry</styleUrl>
                <TimeSpan>
                  <begin>2026-09-01T16:15:08.474311+00:00</begin>
                  <end>2026-09-01T16:15:09.474311+00:00</end>
                </TimeSpan>
                <Point>
                  <coordinates>-80.5767707,37.1961284,0</coordinates>
                </Point>
              </Placemark>
              <Placemark>
                <name>Telemetry 35</name>
                <styleUrl>#modifiedtelemetry</styleUrl>
                <TimeSpan>
                  <begin>2026-09-01T16:15:09.474311+00:00</begin>
                  <end>2026-09-01T16:15:10.474311+00:00</end>
                </TimeSpan>
                <Point>
                  <coordinates>-80.5768887,37.1960493,0</coordinates>
                </Point>
              </Placemark>
              <Placemark>
                <name>Telemetry 36</name>
                <styleUrl>#modifiedtelemetry</styleUrl>
                <TimeSpan>
                  <begin>2026-09-01T16:15:10.474311+00:00</begin>
                  <end>2026-09-01T16:15:11.474311+00:00</end>
                </TimeSpan>
                <Point>
                  <coordinates>-80.5770684,37.1959745,0</coordinates>
                </Point>
              </Placemark>
              <Placemark>
                <name>Telemetry 37</name>
                <styleUrl>#modifiedtelemetry</styleUrl>
                <TimeSpan>
                  <begin>2026-09-01T16:15:11.474311+00:00</begin>
                  <end>2026-09-01T16:15:12.474311+00:00</end>
                </TimeSpan>
                <Point>
                  <coordinates>-80.5771757,37.19596070000001,0</coordinates>
                </Point>
              </Placemark>
              <Placemark>
                <name>Telemetry 38</name>
                <styleUrl>#modifiedtelemetry</styleUrl>
                <TimeSpan>
                  <begin>2026-09-01T16:15:12.474311+00:00</begin>
                  <end>2026-09-01T16:15:13.474311+00:00</end>
                </TimeSpan>
                <Point>
                  <coordinates>-80.5772937,37.19598200000001,0</coordinates>
                </Point>
              </Placemark>
              <Placemark>
                <name>Telemetry 39</name>
                <styleUrl>#modifiedtelemetry</styleUrl>
                <TimeSpan>
                  <begin>2026-09-01T16:15:13.474311+00:00</begin>
                  <end>2026-09-01T16:15:14.474311+00:00</end>
                </TimeSpan>
                <Point>
                  <coordinates>-80.5773326,37.1960942,0</coordinates>
                </Point>
              </Placemark>
              <Placemark>
                <name>Telemetry 40</name>
                <styleUrl>#modifiedtelemetry</styleUrl>
                <TimeSpan>
                  <begin>2026-09-01T16:15:14.474311+00:00</begin>
                  <end>2026-09-01T16:15:15.474311+00:00</end>
                </TimeSpan>
                <Point>
                  <coordinates>-80.577283,37.19619780000001,0</coordinates>
                </Point>
              </Placemark>
              <Placemark>
                <name>Telemetry 41</name>
                <styleUrl>#modifiedtelemetry</styleUrl>
                <TimeSpan>
                  <begin>2026-09-01T16:15:15.474311+00:00</begin>
                  <end>2026-09-01T16:15:16.474311+00:00</end>
                </TimeSpan>
                <Point>
                  <coordinates>-80.5772602,37.1963495,0</coordinates>
                </Point>
              </Placemark>
              <Placemark>
                <name>Telemetry 42</name>
                <styleUrl>#modifiedtelemetry</styleUrl>
                <TimeSpan>
                  <begin>2026-09-01T16:15:16.474311+00:00</begin>
                  <end>2026-09-01T16:15:17.474311+00:00</end>
                </TimeSpan>
                <Point>
                  <coordinates>-80.5772817,37.1964692,0</coordinates>
                </Point>
              </Placemark>
              <Placemark>
                <name>Telemetry 43</name>
                <styleUrl>#modifiedtelemetry</styleUrl>
                <TimeSpan>
                  <begin>2026-09-01T16:15:17.474311+00:00</begin>
                  <end>2026-09-01T16:15:18.474311+00:00</end>
                </TimeSpan>
                <Point>
                  <coordinates>-80.5773863,37.1965546,0</coordinates>
                </Point>
              </Placemark>
              <Placemark>
                <name>Telemetry 44</name>
                <styleUrl>#modifiedtelemetry</styleUrl>
                <TimeSpan>
                  <begin>2026-09-01T16:15:18.474311+00:00</begin>
                  <end>2026-09-01T16:15:19.474311+00:00</end>
                </TimeSpan>
                <Point>
                  <coordinates>-80.5775406,37.1965589,0</coordinates>
                </Point>
              </Placemark>
              <Placemark>
                <name>Telemetry 45</name>
                <styleUrl>#modifiedtelemetry</styleUrl>
                <TimeSpan>
                  <begin>2026-09-01T16:15:19.474311+00:00</begin>
                  <end>2026-09-01T16:15:20.474311+00:00</end>
                </TimeSpan>
                <Point>
                  <coordinates>-80.57763850000002,37.1965782,0</coordinates>
                </Point>
              </Placemark>
              <Placemark>
                <name>Telemetry 46</name>
                <styleUrl>#modifiedtelemetry</styleUrl>
                <TimeSpan>
                  <begin>2026-09-01T16:15:20.474311+00:00</begin>
                  <end>2026-09-01T16:15:21.474311+00:00</end>
                </TimeSpan>
                <Point>
                  <coordinates>-80.57763850000002,37.1966679,0</coordinates>
                </Point>
              </Placemark>
              <Placemark>
                <name>Telemetry 47</name>
                <styleUrl>#modifiedtelemetry</styleUrl>
                <TimeSpan>
                  <begin>2026-09-01T16:15:21.474311+00:00</begin>
                  <end>2026-09-01T16:15:22.474311+00:00</end>
                </TimeSpan>
                <Point>
                  <coordinates>-80.5775473,37.1967074,0</coordinates>
                </Point>
              </Placemark>
              <Placemark>
                <name>Telemetry 48</name>
                <styleUrl>#modifiedtelemetry</styleUrl>
                <TimeSpan>
                  <begin>2026-09-01T16:15:22.474311+00:00</begin>
                  <end>2026-09-01T16:15:23.474311+00:00</end>
                </TimeSpan>
                <Point>
                  <coordinates>-80.5773823,37.1966967,0</coordinates>
                </Point>
              </Placemark>
              <Placemark>
                <name>Telemetry 49</name>
                <styleUrl>#modifiedtelemetry</styleUrl>
                <TimeSpan>
                  <begin>2026-09-01T16:15:23.474311+00:00</begin>
                  <end>2026-09-01T16:15:24.474311+00:00</end>
                </TimeSpan>
                <Point>
                  <coordinates>-80.5773421,37.1966241,0</coordinates>
                </Point>
              </Placemark>
              <Placemark>
                <name>Telemetry 50</name>
                <styleUrl>#modifiedtelemetry</styleUrl>
                <TimeSpan>
                  <begin>2026-09-01T16:15:24.474311+00:00</begin>
                  <end>2026-09-01T16:15:25.474311+00:00</end>
                </TimeSpan>
                <Point>
                  <coordinates>-80.5773005,37.196528,0</coordinates>
                </Point>
              </Placemark>
              <Placemark>
                <name>Telemetry 51</name>
                <styleUrl>#modifiedtelemetry</styleUrl>
                <TimeSpan>
                  <begin>2026-09-01T16:15:25.474311+00:00</begin>
                  <end>2026-09-01T16:15:26.474311+00:00</end>
                </TimeSpan>
                <Point>
                  <coordinates>-80.5771557,37.1965055,0</coordinates>
                </Point>
              </Placemark>
              <Placemark>
                <name>Telemetry 52</name>
                <styleUrl>#modifiedtelemetry</styleUrl>
                <TimeSpan>
                  <begin>2026-09-01T16:15:26.474311+00:00</begin>
                  <end>2026-09-01T16:15:27.474311+00:00</end>
                </TimeSpan>
                <Point>
                  <coordinates>-80.5770457,37.19654400000001,0</coordinates>
                </Point>
              </Placemark>
              <Placemark>
                <name>Telemetry 53</name>
                <styleUrl>#modifiedtelemetry</styleUrl>
                <TimeSpan>
                  <begin>2026-09-01T16:15:27.474311+00:00</begin>
                  <end>2026-09-01T16:15:28.474311+00:00</end>
                </TimeSpan>
                <Point>
                  <coordinates>-80.5768834,37.19654500000001,0</coordinates>
                </Point>
              </Placemark>
              <Placemark>
                <name>Telemetry 54</name>
                <styleUrl>#modifiedtelemetry</styleUrl>
                <TimeSpan>
                  <begin>2026-09-01T16:15:28.474311+00:00</begin>
                  <end>2026-09-01T16:15:29.474311+00:00</end>
                </TimeSpan>
                <Point>
                  <coordinates>-80.5767869,37.1964831,0</coordinates>
                </Point>
              </Placemark>
              <Placemark>
                <name>Telemetry 55</name>
                <styleUrl>#modifiedtelemetry</styleUrl>
                <TimeSpan>
                  <begin>2026-09-01T16:15:29.474311+00:00</begin>
                  <end>2026-09-01T16:15:30.474311+00:00</end>
                </TimeSpan>
                <Point>
                  <coordinates>-80.5767547,37.1964083,0</coordinates>
                </Point>
              </Placemark>
              <Placemark>
                <name>Telemetry 56</name>
                <styleUrl>#modifiedtelemetry</styleUrl>
                <TimeSpan>
                  <begin>2026-09-01T16:15:30.474311+00:00</begin>
                  <end>2026-09-01T16:15:31.474311+00:00</end>
                </TimeSpan>
                <Point>
                  <coordinates>-80.5767587,37.1963228,0</coordinates>
                </Point>
              </Placemark>
              <Placemark>
                <name>Telemetry 57</name>
                <styleUrl>#modifiedtelemetry</styleUrl>
                <TimeSpan>
                  <begin>2026-09-01T16:15:31.474311+00:00</begin>
                  <end>2026-09-01T16:15:32.474311+00:00</end>
                </TimeSpan>
                <Point>
                  <coordinates>-80.5767587,37.1961893,0</coordinates>
                </Point>
              </Placemark>
              <Placemark>
                <name>Telemetry 58</name>
                <styleUrl>#modifiedtelemetry</styleUrl>
                <TimeSpan>
                  <begin>2026-09-01T16:15:32.474311+00:00</begin>
                  <end>2026-09-01T16:15:33.474311+00:00</end>
                </TimeSpan>
                <Point>
                  <coordinates>-80.5766836,37.1961348,0</coordinates>
                </Point>
              </Placemark>
              <Placemark>
                <name>Telemetry 59</name>
                <styleUrl>#modifiedtelemetry</styleUrl>
                <TimeSpan>
                  <begin>2026-09-01T16:15:33.474311+00:00</begin>
                  <end>2026-09-01T16:15:34.474311+00:00</end>
                </TimeSpan>
                <Point>
                  <coordinates>-80.5766836,37.1960205,0</coordinates>
                </Point>
              </Placemark>
              <Placemark>
                <name>Telemetry 60</name>
                <styleUrl>#modifiedtelemetry</styleUrl>
                <TimeSpan>
                  <begin>2026-09-01T16:15:34.474311+00:00</begin>
                  <end>2026-09-01T16:15:35.474311+00:00</end>
                </TimeSpan>
                <Point>
                  <coordinates>-80.5767896,37.1960077,0</coordinates>
                </Point>
              </Placemark>
              <Placemark>
                <name>Telemetry 61</name>
                <styleUrl>#modifiedtelemetry</styleUrl>
                <TimeSpan>
                  <begin>2026-09-01T16:15:35.474311+00:00</begin>
                  <end>2026-09-01T16:15:36.474311+00:00</end>
                </TimeSpan>
                <Point>
                  <coordinates>-80.5769277,37.1959671,0</coordinates>
                </Point>
              </Placemark>
              <Placemark>
                <name>Telemetry 62</name>
                <styleUrl>#modifiedtelemetry</styleUrl>
                <TimeSpan>
                  <begin>2026-09-01T16:15:36.474311+00:00</begin>
                  <end>2026-09-01T16:15:37.474311+00:00</end>
                </TimeSpan>
                <Point>
                  <coordinates>-80.5770806,37.1959051,0</coordinates>
                </Point>
              </Placemark>
              <Placemark>
                <name>Telemetry 63</name>
                <styleUrl>#modifiedtelemetry</styleUrl>
                <TimeSpan>
                  <begin>2026-09-01T16:15:37.474311+00:00</begin>
                  <end>2026-09-01T16:15:38.474311+00:00</end>
                </TimeSpan>
                <Point>
                  <coordinates>-80.5771999,37.195896600000005,0</coordinates>
                </Point>
              </Placemark>
            </Folder>
          </Folder>
        </Folder>
        <Folder>
          <name>Service Provider polling</name>
        </Folder>
        <Folder>
          <name>Service Provider polling</name>
        </Folder>
        <Folder>
          <name>Service Provider polling</name>
        </Folder>
        <Folder>
          <name>Service Provider polling</name>
        </Folder>
        <Folder>
          <name>Service Provider polling</name>
        </Folder>
        <Folder>
          <name>Verify operator notification</name>
        </Folder>
        <Folder>
          <name>Intermediate cleanup</name>
        </Folder>
        <Folder>
          <name>Retrieve pre-existing operator notification</name>
        </Folder>
        <Folder>
          <name>Injection</name>
          <Folder>
            <name>E44: uss2 interuss.automated_testing.rid.v1.injection.createTest</name>
            <Folder>
              <name>Test flight 6920f8fc-9c3d-4931-b32c-ace79e289293</name>
              <Placemark>
                <name>Telemetry 0</name>
                <styleUrl>#modifiedtelemetry</styleUrl>
                <TimeSpan>
                  <begin>2026-09-01T16:14:44.957620+00:00</begin>
                  <end>2026-09-01T16:14:45.957620+00:00</end>
                </TimeSpan>
                <Point>
                  <coordinates>-80.57798081614081,37.197059404721635,0</coordinates>
                </Point>
              </Placemark>
              <Placemark>
                <name>Telemetry 1</name>
                <styleUrl>#modifiedtelemetry</styleUrl>
                <TimeSpan>
                  <begin>2026-09-01T16:14:45.957620+00:00</begin>
                  <end>2026-09-01T16:14:46.957620+00:00</end>
                </TimeSpan>
                <Point>
                  <coordinates>-80.57798798375362,37.197016214133484,0</coordinates>
                </Point>
              </Placemark>
              <Placemark>
                <name>Telemetry 2</name>
                <styleUrl>#modifiedtelemetry</styleUrl>
                <TimeSpan>
                  <begin>2026-09-01T16:14:46.957620+00:00</begin>
                  <end>2026-09-01T16:14:47.957620+00:00</end>
                </TimeSpan>
                <Point>
                  <coordinates>-80.57800212690604,37.196972734164305,0</coordinates>
                </Point>
              </Placemark>
              <Placemark>
                <name>Telemetry 3</name>
                <styleUrl>#modifiedtelemetry</styleUrl>
                <TimeSpan>
                  <begin>2026-09-01T16:14:47.957620+00:00</begin>
                  <end>2026-09-01T16:14:48.957620+00:00</end>
                </TimeSpan>
                <Point>
                  <coordinates>-80.57802342452034,37.196931703788785,0</coordinates>
                </Point>
              </Placemark>
              <Placemark>
                <name>Telemetry 4</name>
                <styleUrl>#modifiedtelemetry</styleUrl>
                <TimeSpan>
                  <begin>2026-09-01T16:14:48.957620+00:00</begin>
                  <end>2026-09-01T16:14:49.957620+00:00</end>
                </TimeSpan>
                <Point>
                  <coordinates>-80.57805344862881,37.19689368575391,0</coordinates>
                </Point>
              </Placemark>
              <Placemark>
                <name>Telemetry 5</name>
                <styleUrl>#modifiedtelemetry</styleUrl>
                <TimeSpan>
                  <begin>2026-09-01T16:14:49.957620+00:00</begin>
                  <end>2026-09-01T16:14:50.957620+00:00</end>
                </TimeSpan>
                <Point>
                  <coordinates>-80.57808720822365,37.19685213076737,0</coordinates>
                </Point>
              </Placemark>
              <Placemark>
                <name>Telemetry 6</name>
                <styleUrl>#modifiedtelemetry</styleUrl>
                <TimeSpan>
                  <begin>2026-09-01T16:14:50.957620+00:00</begin>
                  <end>2026-09-01T16:14:51.957620+00:00</end>
                </TimeSpan>
                <Point>
                  <coordinates>-80.57811722777369,37.19680923519623,0</coordinates>
                </Point>
              </Placemark>
              <Placemark>
                <name>Telemetry 7</name>
                <styleUrl>#modifiedtelemetry</styleUrl>
                <TimeSpan>
                  <begin>2026-09-01T16:14:51.957620+00:00</begin>
                  <end>2026-09-01T16:14:52.957620+00:00</end>
                </TimeSpan>
                <Point>
                  <coordinates>-80.5781323958596,37.1967658046547,0</coordinates>
                </Point>
              </Placemark>
              <Placemark>
                <name>Telemetry 8</name>
                <styleUrl>#modifiedtelemetry</styleUrl>
                <TimeSpan>
                  <begin>2026-09-01T16:14:52.957620+00:00</begin>
                  <end>2026-09-01T16:14:53.957620+00:00</end>
                </TimeSpan>
                <Point>
                  <coordinates>-80.57814392771789,37.19670166260832,0</coordinates>
                </Point>
              </Placemark>
              <Placemark>
                <name>Telemetry 9</name>
                <styleUrl>#modifiedtelemetry</styleUrl>
                <TimeSpan>
                  <begin>2026-09-01T16:14:53.957620+00:00</begin>
                  <end>2026-09-01T16:14:54.957620+00:00</end>
                </TimeSpan>
                <Point>
                  <coordinates>-80.57812974002694,37.19663489860375,0</coordinates>
                </Point>
              </Placemark>
              <Placemark>
                <name>Telemetry 10</name>
                <styleUrl>#modifiedtelemetry</styleUrl>
                <TimeSpan>
                  <begin>2026-09-01T16:14:54.957620+00:00</begin>
                  <end>2026-09-01T16:14:55.957620+00:00</end>
                </TimeSpan>
                <Point>
                  <coordinates>-80.57808680009781,37.19657292090538,0</coordinates>
                </Point>
              </Placemark>
              <Placemark>
                <name>Telemetry 11</name>
                <styleUrl>#modifiedtelemetry</styleUrl>
                <TimeSpan>
                  <begin>2026-09-01T16:14:55.957620+00:00</begin>
                  <end>2026-09-01T16:14:56.957620+00:00</end>
                </TimeSpan>
                <Point>
                  <coordinates>-80.57801685035301,37.19652877181478,0</coordinates>
                </Point>
              </Placemark>
              <Placemark>
                <name>Telemetry 12</name>
                <styleUrl>#modifiedtelemetry</styleUrl>
                <TimeSpan>
                  <begin>2026-09-01T16:14:56.957620+00:00</begin>
                  <end>2026-09-01T16:14:57.957620+00:00</end>
                </TimeSpan>
                <Point>
                  <coordinates>-80.57795541973255,37.19650790849303,0</coordinates>
                </Point>
              </Placemark>
              <Placemark>
                <name>Telemetry 13</name>
                <styleUrl>#modifiedtelemetry</styleUrl>
                <TimeSpan>
                  <begin>2026-09-01T16:14:57.957620+00:00</begin>
                  <end>2026-09-01T16:14:58.957620+00:00</end>
                </TimeSpan>
                <Point>
                  <coordinates>-80.57779490248247,37.19643592110631,0</coordinates>
                </Point>
              </Placemark>
              <Placemark>
                <name>Telemetry 14</name>
                <styleUrl>#modifiedtelemetry</styleUrl>
                <TimeSpan>
                  <begin>2026-09-01T16:14:58.957620+00:00</begin>
                  <end>2026-09-01T16:14:59.957620+00:00</end>
                </TimeSpan>
                <Point>
                  <coordinates>-80.57771381708879,37.19639543761661,0</coordinates>
                </Point>
              </Placemark>
              <Placemark>
                <name>Telemetry 15</name>
                <styleUrl>#modifiedtelemetry</styleUrl>
                <TimeSpan>
                  <begin>2026-09-01T16:14:59.957620+00:00</begin>
                  <end>2026-09-01T16:15:00.957620+00:00</end>
                </TimeSpan>
                <Point>
                  <coordinates>-80.5776456115435,37.19635960981006,0</coordinates>
                </Point>
              </Placemark>
              <Placemark>
                <name>Telemetry 16</name>
                <styleUrl>#modifiedtelemetry</styleUrl>
                <TimeSpan>
                  <begin>2026-09-01T16:15:00.957620+00:00</begin>
                  <end>2026-09-01T16:15:01.957620+00:00</end>
                </TimeSpan>
                <Point>
                  <coordinates>-80.57757190904874,37.19632841915715,0</coordinates>
                </Point>
              </Placemark>
              <Placemark>
                <name>Telemetry 17</name>
                <styleUrl>#modifiedtelemetry</styleUrl>
                <TimeSpan>
                  <begin>2026-09-01T16:15:01.957620+00:00</begin>
                  <end>2026-09-01T16:15:02.957620+00:00</end>
                </TimeSpan>
                <Point>
                  <coordinates>-80.57751114071674,37.19631735230622,0</coordinates>
                </Point>
              </Placemark>
              <Placemark>
                <name>Telemetry 18</name>
                <styleUrl>#modifiedtelemetry</styleUrl>
                <TimeSpan>
                  <begin>2026-09-01T16:15:02.957620+00:00</begin>
                  <end>2026-09-01T16:15:03.957620+00:00</end>
                </TimeSpan>
                <Point>
                  <coordinates>-80.57742677046657,37.19631370494702,0</coordinates>
                </Point>
              </Placemark>
              <Placemark>
                <name>Telemetry 19</name>
                <styleUrl>#modifiedtelemetry</styleUrl>
                <TimeSpan>
                  <begin>2026-09-01T16:15:03.957620+00:00</begin>
                  <end>2026-09-01T16:15:04.957620+00:00</end>
                </TimeSpan>
                <Point>
                  <coordinates>-80.5773706,37.1963054,0</coordinates>
                </Point>
              </Placemark>
              <Placemark>
                <name>Telemetry 20</name>
                <styleUrl>#modifiedtelemetry</styleUrl>
                <TimeSpan>
                  <begin>2026-09-01T16:15:04.957620+00:00</begin>
                  <end>2026-09-01T16:15:05.957620+00:00</end>
                </TimeSpan>
                <Point>
                  <coordinates>-80.5771453,37.1963577,0</coordinates>
                </Point>
              </Placemark>
              <Placemark>
                <name>Telemetry 21</name>
                <styleUrl>#modifiedtelemetry</styleUrl>
                <TimeSpan>
                  <begin>2026-09-01T16:15:05.957620+00:00</begin>
                  <end>2026-09-01T16:15:06.957620+00:00</end>
                </TimeSpan>
                <Point>
                  <coordinates>-80.5771265,37.1965735,0</coordinates>
                </Point>
              </Placemark>
              <Placemark>
                <name>Telemetry 22</name>
                <styleUrl>#modifiedtelemetry</styleUrl>
                <TimeSpan>
                  <begin>2026-09-01T16:15:06.957620+00:00</begin>
                  <end>2026-09-01T16:15:07.957620+00:00</end>
                </TimeSpan>
                <Point>
                  <coordinates>-80.57744590087025,37.19665029738701,0</coordinates>
                </Point>
              </Placemark>
              <Placemark>
                <name>Telemetry 23</name>
                <styleUrl>#modifiedtelemetry</styleUrl>
                <TimeSpan>
                  <begin>2026-09-01T16:15:07.957620+00:00</begin>
                  <end>2026-09-01T16:15:08.957620+00:00</end>
                </TimeSpan>
                <Point>
                  <coordinates>-80.5776442,37.1966013,0</coordinates>
                </Point>
              </Placemark>
              <Placemark>
                <name>Telemetry 24</name>
                <styleUrl>#modifiedtelemetry</styleUrl>
                <TimeSpan>
                  <begin>2026-09-01T16:15:08.957620+00:00</begin>
                  <end>2026-09-01T16:15:09.957620+00:00</end>
                </TimeSpan>
                <Point>
                  <coordinates>-80.57776806176655,37.1964375298218,0</coordinates>
                </Point>
              </Placemark>
              <Placemark>
                <name>Telemetry 25</name>
                <styleUrl>#modifiedtelemetry</styleUrl>
                <TimeSpan>
                  <begin>2026-09-01T16:15:09.957620+00:00</begin>
                  <end>2026-09-01T16:15:10.957620+00:00</end>
                </TimeSpan>
                <Point>
                  <coordinates>-80.57784172323511,37.1962376762061,0</coordinates>
                </Point>
              </Placemark>
              <Placemark>
                <name>Telemetry 26</name>
                <styleUrl>#modifiedtelemetry</styleUrl>
                <TimeSpan>
                  <begin>2026-09-01T16:15:10.957620+00:00</begin>
                  <end>2026-09-01T16:15:11.957620+00:00</end>
                </TimeSpan>
                <Point>
                  <coordinates>-80.5777311,37.1960563,0</coordinates>
                </Point>
              </Placemark>
              <Placemark>
                <name>Telemetry 27</name>
                <styleUrl>#modifiedtelemetry</styleUrl>
                <TimeSpan>
                  <begin>2026-09-01T16:15:11.957620+00:00</begin>
                  <end>2026-09-01T16:15:12.957620+00:00</end>
                </TimeSpan>
                <Point>
                  <coordinates>-80.57739321491916,37.19605837098315,0</coordinates>
                </Point>
              </Placemark>
              <Placemark>
                <name>Telemetry 28</name>
                <styleUrl>#modifiedtelemetry</styleUrl>
                <TimeSpan>
                  <begin>2026-09-01T16:15:12.957620+00:00</begin>
                  <end>2026-09-01T16:15:13.957620+00:00</end>
                </TimeSpan>
                <Point>
                  <coordinates>-80.5771357,37.1961151,0</coordinates>
                </Point>
              </Placemark>
              <Placemark>
                <name>Telemetry 29</name>
                <styleUrl>#modifiedtelemetry</styleUrl>
                <TimeSpan>
                  <begin>2026-09-01T16:15:13.957620+00:00</begin>
                  <end>2026-09-01T16:15:14.957620+00:00</end>
                </TimeSpan>
                <Point>
                  <coordinates>-80.5769627,37.1962283,0</coordinates>
                </Point>
              </Placemark>
              <Placemark>
                <name>Telemetry 30</name>
                <styleUrl>#modifiedtelemetry</styleUrl>
                <TimeSpan>
                  <begin>2026-09-01T16:15:14.957620+00:00</begin>
                  <end>2026-09-01T16:15:15.957620+00:00</end>
                </TimeSpan>
                <Point>
                  <coordinates>-80.5769184,37.1963885,0</coordinates>
                </Point>
              </Placemark>
              <Placemark>
                <name>Telemetry 31</name>
                <styleUrl>#modifiedtelemetry</styleUrl>
                <TimeSpan>
                  <begin>2026-09-01T16:15:15.957620+00:00</begin>
                  <end>2026-09-01T16:15:16.957620+00:00</end>
                </TimeSpan>
                <Point>
                  <coordinates>-80.5767347,37.1964356,0</coordinates>
                </Point>
              </Placemark>
              <Placemark>
                <name>Telemetry 32</name>
                <styleUrl>#modifiedtelemetry</styleUrl>
                <TimeSpan>
                  <begin>2026-09-01T16:15:16.957620+00:00</begin>
                  <end>2026-09-01T16:15:17.957620+00:00</end>
                </TimeSpan>
                <Point>
                  <coordinates>-80.5766366,37.1963538,0</coordinates>
                </Point>
              </Placemark>
              <Placemark>
                <name>Telemetry 33</name>
                <styleUrl>#modifiedtelemetry</styleUrl>
                <TimeSpan>
                  <begin>2026-09-01T16:15:17.957620+00:00</begin>
                  <end>2026-09-01T16:15:18.957620+00:00</end>
                </TimeSpan>
                <Point>
                  <coordinates>-80.5766634,37.1962096,0</coordinates>
                </Point>
              </Placemark>
              <Placemark>
                <name>Telemetry 34</name>
                <styleUrl>#modifiedtelemetry</styleUrl>
                <TimeSpan>
                  <begin>2026-09-01T16:15:18.957620+00:00</begin>
                  <end>2026-09-01T16:15:19.957620+00:00</end>
                </TimeSpan>
                <Point>
                  <coordinates>-80.5767707,37.1961284,0</coordinates>
                </Point>
              </Placemark>
              <Placemark>
                <name>Telemetry 35</name>
                <styleUrl>#modifiedtelemetry</styleUrl>
                <TimeSpan>
                  <begin>2026-09-01T16:15:19.957620+00:00</begin>
                  <end>2026-09-01T16:15:20.957620+00:00</end>
                </TimeSpan>
                <Point>
                  <coordinates>-80.5768887,37.1960493,0</coordinates>
                </Point>
              </Placemark>
              <Placemark>
                <name>Telemetry 36</name>
                <styleUrl>#modifiedtelemetry</styleUrl>
                <TimeSpan>
                  <begin>2026-09-01T16:15:20.957620+00:00</begin>
                  <end>2026-09-01T16:15:21.957620+00:00</end>
                </TimeSpan>
                <Point>
                  <coordinates>-80.5770684,37.1959745,0</coordinates>
                </Point>
              </Placemark>
              <Placemark>
                <name>Telemetry 37</name>
                <styleUrl>#modifiedtelemetry</styleUrl>
                <TimeSpan>
                  <begin>2026-09-01T16:15:21.957620+00:00</begin>
                  <end>2026-09-01T16:15:22.957620+00:00</end>
                </TimeSpan>
                <Point>
                  <coordinates>-80.5771757,37.19596070000001,0</coordinates>
                </Point>
              </Placemark>
              <Placemark>
                <name>Telemetry 38</name>
                <styleUrl>#modifiedtelemetry</styleUrl>
                <TimeSpan>
                  <begin>2026-09-01T16:15:22.957620+00:00</begin>
                  <end>2026-09-01T16:15:23.957620+00:00</end>
                </TimeSpan>
                <Point>
                  <coordinates>-80.5772937,37.19598200000001,0</coordinates>
                </Point>
              </Placemark>
              <Placemark>
                <name>Telemetry 39</name>
                <styleUrl>#modifiedtelemetry</styleUrl>
                <TimeSpan>
                  <begin>2026-09-01T16:15:23.957620+00:00</begin>
                  <end>2026-09-01T16:15:24.957620+00:00</end>
                </TimeSpan>
                <Point>
                  <coordinates>-80.5773326,37.1960942,0</coordinates>
                </Point>
              </Placemark>
              <Placemark>
                <name>Telemetry 40</name>
                <styleUrl>#modifiedtelemetry</styleUrl>
                <TimeSpan>
                  <begin>2026-09-01T16:15:24.957620+00:00</begin>
                  <end>2026-09-01T16:15:25.957620+00:00</end>
                </TimeSpan>
                <Point>
                  <coordinates>-80.577283,37.19619780000001,0</coordinates>
                </Point>
              </Placemark>
              <Placemark>
                <name>Telemetry 41</name>
                <styleUrl>#modifiedtelemetry</styleUrl>
                <TimeSpan>
                  <begin>2026-09-01T16:15:25.957620+00:00</begin>
                  <end>2026-09-01T16:15:26.957620+00:00</end>
                </TimeSpan>
                <Point>
                  <coordinates>-80.5772602,37.1963495,0</coordinates>
                </Point>
              </Placemark>
              <Placemark>
                <name>Telemetry 42</name>
                <styleUrl>#modifiedtelemetry</styleUrl>
                <TimeSpan>
                  <begin>2026-09-01T16:15:26.957620+00:00</begin>
                  <end>2026-09-01T16:15:27.957620+00:00</end>
                </TimeSpan>
                <Point>
                  <coordinates>-80.5772817,37.1964692,0</coordinates>
                </Point>
              </Placemark>
              <Placemark>
                <name>Telemetry 43</name>
                <styleUrl>#modifiedtelemetry</styleUrl>
                <TimeSpan>
                  <begin>2026-09-01T16:15:27.957620+00:00</begin>
                  <end>2026-09-01T16:15:28.957620+00:00</end>
                </TimeSpan>
                <Point>
                  <coordinates>-80.5773863,37.1965546,0</coordinates>
                </Point>
              </Placemark>
              <Placemark>
                <name>Telemetry 44</name>
                <styleUrl>#modifiedtelemetry</styleUrl>
                <TimeSpan>
                  <begin>2026-09-01T16:15:28.957620+00:00</begin>
                  <end>2026-09-01T16:15:29.957620+00:00</end>
                </TimeSpan>
                <Point>
                  <coordinates>-80.5775406,37.1965589,0</coordinates>
                </Point>
              </Placemark>
              <Placemark>
                <name>Telemetry 45</name>
                <styleUrl>#modifiedtelemetry</styleUrl>
                <TimeSpan>
                  <begin>2026-09-01T16:15:29.957620+00:00</begin>
                  <end>2026-09-01T16:15:30.957620+00:00</end>
                </TimeSpan>
                <Point>
                  <coordinates>-80.57763850000002,37.1965782,0</coordinates>
                </Point>
              </Placemark>
              <Placemark>
                <name>Telemetry 46</name>
                <styleUrl>#modifiedtelemetry</styleUrl>
                <TimeSpan>
                  <begin>2026-09-01T16:15:30.957620+00:00</begin>
                  <end>2026-09-01T16:15:31.957620+00:00</end>
                </TimeSpan>
                <Point>
                  <coordinates>-80.57763850000002,37.1966679,0</coordinates>
                </Point>
              </Placemark>
              <Placemark>
                <name>Telemetry 47</name>
                <styleUrl>#modifiedtelemetry</styleUrl>
                <TimeSpan>
                  <begin>2026-09-01T16:15:31.957620+00:00</begin>
                  <end>2026-09-01T16:15:32.957620+00:00</end>
                </TimeSpan>
                <Point>
                  <coordinates>-80.5775473,37.1967074,0</coordinates>
                </Point>
              </Placemark>
              <Placemark>
                <name>Telemetry 48</name>
                <styleUrl>#modifiedtelemetry</styleUrl>
                <TimeSpan>
                  <begin>2026-09-01T16:15:32.957620+00:00</begin>
                  <end>2026-09-01T16:15:33.957620+00:00</end>
                </TimeSpan>
                <Point>
                  <coordinates>-80.5773823,37.1966967,0</coordinates>
                </Point>
              </Placemark>
              <Placemark>
                <name>Telemetry 49</name>
                <styleUrl>#modifiedtelemetry</styleUrl>
                <TimeSpan>
                  <begin>2026-09-01T16:15:33.957620+00:00</begin>
                  <end>2026-09-01T16:15:34.957620+00:00</end>
                </TimeSpan>
                <Point>
                  <coordinates>-80.5773421,37.1966241,0</coordinates>
                </Point>
              </Placemark>
              <Placemark>
                <name>Telemetry 50</name>
                <styleUrl>#modifiedtelemetry</styleUrl>
                <TimeSpan>
                  <begin>2026-09-01T16:15:34.957620+00:00</begin>
                  <end>2026-09-01T16:15:35.957620+00:00</end>
                </TimeSpan>
                <Point>
                  <coordinates>-80.5773005,37.196528,0</coordinates>
                </Point>
              </Placemark>
              <Placemark>
                <name>Telemetry 51</name>
                <styleUrl>#modifiedtelemetry</styleUrl>
                <TimeSpan>
                  <begin>2026-09-01T16:15:35.957620+00:00</begin>
                  <end>2026-09-01T16:15:36.957620+00:00</end>
                </TimeSpan>
                <Point>
                  <coordinates>-80.5771557,37.1965055,0</coordinates>
                </Point>
              </Placemark>
              <Placemark>
                <name>Telemetry 52</name>
                <styleUrl>#modifiedtelemetry</styleUrl>
                <TimeSpan>
                  <begin>2026-09-01T16:15:36.957620+00:00</begin>
                  <end>2026-09-01T16:15:37.957620+00:00</end>
                </TimeSpan>
                <Point>
                  <coordinates>-80.5770457,37.19654400000001,0</coordinates>
                </Point>
              </Placemark>
              <Placemark>
                <name>Telemetry 53</name>
                <styleUrl>#modifiedtelemetry</styleUrl>
                <TimeSpan>
                  <begin>2026-09-01T16:15:37.957620+00:00</begin>
                  <end>2026-09-01T16:15:38.957620+00:00</end>
                </TimeSpan>
                <Point>
                  <coordinates>-80.5768834,37.19654500000001,0</coordinates>
                </Point>
              </Placemark>
              <Placemark>
                <name>Telemetry 54</name>
                <styleUrl>#modifiedtelemetry</styleUrl>
                <TimeSpan>
                  <begin>2026-09-01T16:15:38.957620+00:00</begin>
                  <end>2026-09-01T16:15:39.957620+00:00</end>
                </TimeSpan>
                <Point>
                  <coordinates>-80.5767869,37.1964831,0</coordinates>
                </Point>
              </Placemark>
              <Placemark>
                <name>Telemetry 55</name>
                <styleUrl>#modifiedtelemetry</styleUrl>
                <TimeSpan>
                  <begin>2026-09-01T16:15:39.957620+00:00</begin>
                  <end>2026-09-01T16:15:40.957620+00:00</end>
                </TimeSpan>
                <Point>
                  <coordinates>-80.5767547,37.1964083,0</coordinates>
                </Point>
              </Placemark>
              <Placemark>
                <name>Telemetry 56</name>
                <styleUrl>#modifiedtelemetry</styleUrl>
                <TimeSpan>
                  <begin>2026-09-01T16:15:40.957620+00:00</begin>
                  <end>2026-09-01T16:15:41.957620+00:00</end>
                </TimeSpan>
                <Point>
                  <coordinates>-80.5767587,37.1963228,0</coordinates>
                </Point>
              </Placemark>
              <Placemark>
                <name>Telemetry 57</name>
                <styleUrl>#modifiedtelemetry</styleUrl>
                <TimeSpan>
                  <begin>2026-09-01T16:15:41.957620+00:00</begin>
                  <end>2026-09-01T16:15:42.957620+00:00</end>
                </TimeSpan>
                <Point>
                  <coordinates>-80.5767587,37.1961893,0</coordinates>
                </Point>
              </Placemark>
              <Placemark>
                <name>Telemetry 58</name>
                <styleUrl>#modifiedtelemetry</styleUrl>
                <TimeSpan>
                  <begin>2026-09-01T16:15:42.957620+00:00</begin>
                  <end>2026-09-01T16:15:43.957620+00:00</end>
                </TimeSpan>
                <Point>
                  <coordinates>-80.5766836,37.1961348,0</coordinates>
                </Point>
              </Placemark>
              <Placemark>
                <name>Telemetry 59</name>
                <styleUrl>#modifiedtelemetry</styleUrl>
                <TimeSpan>
                  <begin>2026-09-01T16:15:43.957620+00:00</begin>
                  <end>2026-09-01T16:15:44.957620+00:00</end>
                </TimeSpan>
                <Point>
                  <coordinates>-80.5766836,37.1960205,0</coordinates>
                </Point>
              </Placemark>
              <Placemark>
                <name>Telemetry 60</name>
                <styleUrl>#modifiedtelemetry</styleUrl>
                <TimeSpan>
                  <begin>2026-09-01T16:15:44.957620+00:00</begin>
                  <end>2026-09-01T16:15:45.957620+00:00</end>
                </TimeSpan>
                <Point>
                  <coordinates>-80.5767896,37.1960077,0</coordinates>
                </Point>
              </Placemark>
              <Placemark>
                <name>Telemetry 61</name>
                <styleUrl>#modifiedtelemetry</styleUrl>
                <TimeSpan>
                  <begin>2026-09-01T16:15:45.957620+00:00</begin>
                  <end>2026-09-01T16:15:46.957620+00:00</end>
                </TimeSpan>
                <Point>
                  <coordinates>-80.5769277,37.1959671,0</coordinates>
                </Point>
              </Placemark>
              <Placemark>
                <name>Telemetry 62</name>
                <styleUrl>#modifiedtelemetry</styleUrl>
                <TimeSpan>
                  <begin>2026-09-01T16:15:46.957620+00:00</begin>
                  <end>2026-09-01T16:15:47.957620+00:00</end>
                </TimeSpan>
                <Point>
                  <coordinates>-80.5770806,37.1959051,0</coordinates>
                </Point>
              </Placemark>
              <Placemark>
                <name>Telemetry 63</name>
                <styleUrl>#modifiedtelemetry</styleUrl>
                <TimeSpan>
                  <begin>2026-09-01T16:15:47.957620+00:00</begin>
                  <end>2026-09-01T16:15:48.957620+00:00</end>
                </TimeSpan>
                <Point>
                  <coordinates>-80.5771999,37.195896600000005,0</coordinates>
                </Point>
              </Placemark>
            </Folder>
          </Folder>
        </Folder>
        <Folder>
          <name>Service Provider polling</name>
        </Folder>
        <Folder>
          <name>Service Provider polling</name>
        </Folder>
        <Folder>
          <name>Service Provider polling</name>
        </Folder>
        <Folder>
          <name>Service Provider polling</name>
        </Folder>
        <Folder>
          <name>Service Provider polling</name>
        </Folder>
        <Folder>
          <name>Verify operator notification</name>
        </Folder>
        <Folder>
          <name>Intermediate cleanup</name>
        </Folder>
        <Folder>
          <name>Retrieve pre-existing operator notification</name>
        </Folder>
        <Folder>
          <name>Injection</name>
          <Folder>
            <name>E64: uss2 interuss.automated_testing.rid.v1.injection.createTest</name>
            <Folder>
              <name>Test flight 11a97c0c-e640-44ba-bb0a-17ef5fd65cb3</name>
              <Placemark>
                <name>Telemetry 0</name>
                <styleUrl>#modifiedtelemetry</styleUrl>
                <TimeSpan>
                  <begin>2026-09-01T16:14:55.426660+00:00</begin>
                  <end>2026-09-01T16:14:56.426660+00:00</end>
                </TimeSpan>
                <Point>
                  <coordinates>-80.57798081614081,37.197059404721635,0</coordinates>
                </Point>
              </Placemark>
              <Placemark>
                <name>Telemetry 1</name>
                <styleUrl>#modifiedtelemetry</styleUrl>
                <TimeSpan>
                  <begin>2026-09-01T16:14:56.426660+00:00</begin>
                  <end>2026-09-01T16:14:57.426660+00:00</end>
                </TimeSpan>
                <Point>
                  <coordinates>-80.57798798375362,37.197016214133484,0</coordinates>
                </Point>
              </Placemark>
              <Placemark>
                <name>Telemetry 2</name>
                <styleUrl>#modifiedtelemetry</styleUrl>
                <TimeSpan>
                  <begin>2026-09-01T16:14:57.426660+00:00</begin>
                  <end>2026-09-01T16:14:58.426660+00:00</end>
                </TimeSpan>
                <Point>
                  <coordinates>-80.57800212690604,37.196972734164305,0</coordinates>
                </Point>
              </Placemark>
              <Placemark>
                <name>Telemetry 3</name>
                <styleUrl>#modifiedtelemetry</styleUrl>
                <TimeSpan>
                  <begin>2026-09-01T16:14:58.426660+00:00</begin>
                  <end>2026-09-01T16:14:59.426660+00:00</end>
                </TimeSpan>
                <Point>
                  <coordinates>-80.57802342452034,37.196931703788785,0</coordinates>
                </Point>
              </Placemark>
              <Placemark>
                <name>Telemetry 4</name>
                <styleUrl>#modifiedtelemetry</styleUrl>
                <TimeSpan>
                  <begin>2026-09-01T16:14:59.426660+00:00</begin>
                  <end>2026-09-01T16:15:00.426660+00:00</end>
                </TimeSpan>
                <Point>
                  <coordinates>-80.57805344862881,37.19689368575391,0</coordinates>
                </Point>
              </Placemark>
              <Placemark>
                <name>Telemetry 5</name>
                <styleUrl>#modifiedtelemetry</styleUrl>
                <TimeSpan>
                  <begin>2026-09-01T16:15:00.426660+00:00</begin>
                  <end>2026-09-01T16:15:01.426660+00:00</end>
                </TimeSpan>
                <Point>
                  <coordinates>-80.57808720822365,37.19685213076737,0</coordinates>
                </Point>
              </Placemark>
              <Placemark>
                <name>Telemetry 6</name>
                <styleUrl>#modifiedtelemetry</styleUrl>
                <TimeSpan>
                  <begin>2026-09-01T16:15:01.426660+00:00</begin>
                  <end>2026-09-01T16:15:02.426660+00:00</end>
                </TimeSpan>
                <Point>
                  <coordinates>-80.57811722777369,37.19680923519623,0</coordinates>
                </Point>
              </Placemark>
              <Placemark>
                <name>Telemetry 7</name>
                <styleUrl>#modifiedtelemetry</styleUrl>
                <TimeSpan>
                  <begin>2026-09-01T16:15:02.426660+00:00</begin>
                  <end>2026-09-01T16:15:03.426660+00:00</end>
                </TimeSpan>
                <Point>
                  <coordinates>-80.5781323958596,37.1967658046547,0</coordinates>
                </Point>
              </Placemark>
              <Placemark>
                <name>Telemetry 8</name>
                <styleUrl>#modifiedtelemetry</styleUrl>
                <TimeSpan>
                  <begin>2026-09-01T16:15:03.426660+00:00</begin>
                  <end>2026-09-01T16:15:04.426660+00:00</end>
                </TimeSpan>
                <Point>
                  <coordinates>-80.57814392771789,37.19670166260832,0</coordinates>
                </Point>
              </Placemark>
              <Placemark>
                <name>Telemetry 9</name>
                <styleUrl>#modifiedtelemetry</styleUrl>
                <TimeSpan>
                  <begin>2026-09-01T16:15:04.426660+00:00</begin>
                  <end>2026-09-01T16:15:05.426660+00:00</end>
                </TimeSpan>
                <Point>
                  <coordinates>-80.57812974002694,37.19663489860375,0</coordinates>
                </Point>
              </Placemark>
              <Placemark>
                <name>Telemetry 10</name>
                <styleUrl>#modifiedtelemetry</styleUrl>
                <TimeSpan>
                  <begin>2026-09-01T16:15:05.426660+00:00</begin>
                  <end>2026-09-01T16:15:06.426660+00:00</end>
                </TimeSpan>
                <Point>
                  <coordinates>-80.57808680009781,37.19657292090538,0</coordinates>
                </Point>
              </Placemark>
              <Placemark>
                <name>Telemetry 11</name>
                <styleUrl>#modifiedtelemetry</styleUrl>
                <TimeSpan>
                  <begin>2026-09-01T16:15:06.426660+00:00</begin>
                  <end>2026-09-01T16:15:07.426660+00:00</end>
                </TimeSpan>
                <Point>
                  <coordinates>-80.57801685035301,37.19652877181478,0</coordinates>
                </Point>
              </Placemark>
              <Placemark>
                <name>Telemetry 12</name>
                <styleUrl>#modifiedtelemetry</styleUrl>
                <TimeSpan>
                  <begin>2026-09-01T16:15:07.426660+00:00</begin>
                  <end>2026-09-01T16:15:08.426660+00:00</end>
                </TimeSpan>
                <Point>
                  <coordinates>-80.57795541973255,37.19650790849303,0</coordinates>
                </Point>
              </Placemark>
              <Placemark>
                <name>Telemetry 13</name>
                <styleUrl>#modifiedtelemetry</styleUrl>
                <TimeSpan>
                  <begin>2026-09-01T16:15:08.426660+00:00</begin>
                  <end>2026-09-01T16:15:09.426660+00:00</end>
                </TimeSpan>
                <Point>
                  <coordinates>-80.57779490248247,37.19643592110631,0</coordinates>
                </Point>
              </Placemark>
              <Placemark>
                <name>Telemetry 14</name>
                <styleUrl>#modifiedtelemetry</styleUrl>
                <TimeSpan>
                  <begin>2026-09-01T16:15:09.426660+00:00</begin>
                  <end>2026-09-01T16:15:10.426660+00:00</end>
                </TimeSpan>
                <Point>
                  <coordinates>-80.57771381708879,37.19639543761661,0</coordinates>
                </Point>
              </Placemark>
              <Placemark>
                <name>Telemetry 15</name>
                <styleUrl>#modifiedtelemetry</styleUrl>
                <TimeSpan>
                  <begin>2026-09-01T16:15:10.426660+00:00</begin>
                  <end>2026-09-01T16:15:11.426660+00:00</end>
                </TimeSpan>
                <Point>
                  <coordinates>-80.5776456115435,37.19635960981006,0</coordinates>
                </Point>
              </Placemark>
              <Placemark>
                <name>Telemetry 16</name>
                <styleUrl>#modifiedtelemetry</styleUrl>
                <TimeSpan>
                  <begin>2026-09-01T16:15:11.426660+00:00</begin>
                  <end>2026-09-01T16:15:12.426660+00:00</end>
                </TimeSpan>
                <Point>
                  <coordinates>-80.57757190904874,37.19632841915715,0</coordinates>
                </Point>
              </Placemark>
              <Placemark>
                <name>Telemetry 17</name>
                <styleUrl>#modifiedtelemetry</styleUrl>
                <TimeSpan>
                  <begin>2026-09-01T16:15:12.426660+00:00</begin>
                  <end>2026-09-01T16:15:13.426660+00:00</end>
                </TimeSpan>
                <Point>
                  <coordinates>-80.57751114071674,37.19631735230622,0</coordinates>
                </Point>
              </Placemark>
              <Placemark>
                <name>Telemetry 18</name>
                <styleUrl>#modifiedtelemetry</styleUrl>
                <TimeSpan>
                  <begin>2026-09-01T16:15:13.426660+00:00</begin>
                  <end>2026-09-01T16:15:14.426660+00:00</end>
                </TimeSpan>
                <Point>
                  <coordinates>-80.57742677046657,37.19631370494702,0</coordinates>
                </Point>
              </Placemark>
              <Placemark>
                <name>Telemetry 19</name>
                <styleUrl>#modifiedtelemetry</styleUrl>
                <TimeSpan>
                  <begin>2026-09-01T16:15:14.426660+00:00</begin>
                  <end>2026-09-01T16:15:15.426660+00:00</end>
                </TimeSpan>
                <Point>
                  <coordinates>-80.5773706,37.1963054,0</coordinates>
                </Point>
              </Placemark>
              <Placemark>
                <name>Telemetry 20</name>
                <styleUrl>#modifiedtelemetry</styleUrl>
                <TimeSpan>
                  <begin>2026-09-01T16:15:15.426660+00:00</begin>
                  <end>2026-09-01T16:15:16.426660+00:00</end>
                </TimeSpan>
                <Point>
                  <coordinates>-80.5771453,37.1963577,0</coordinates>
                </Point>
              </Placemark>
              <Placemark>
                <name>Telemetry 21</name>
                <styleUrl>#modifiedtelemetry</styleUrl>
                <TimeSpan>
                  <begin>2026-09-01T16:15:16.426660+00:00</begin>
                  <end>2026-09-01T16:15:17.426660+00:00</end>
                </TimeSpan>
                <Point>
                  <coordinates>-80.5771265,37.1965735,0</coordinates>
                </Point>
              </Placemark>
              <Placemark>
                <name>Telemetry 22</name>
                <styleUrl>#modifiedtelemetry</styleUrl>
                <TimeSpan>
                  <begin>2026-09-01T16:15:17.426660+00:00</begin>
                  <end>2026-09-01T16:15:18.426660+00:00</end>
                </TimeSpan>
                <Point>
                  <coordinates>-80.57744590087025,37.19665029738701,0</coordinates>
                </Point>
              </Placemark>
              <Placemark>
                <name>Telemetry 23</name>
                <styleUrl>#modifiedtelemetry</styleUrl>
                <TimeSpan>
                  <begin>2026-09-01T16:15:18.426660+00:00</begin>
                  <end>2026-09-01T16:15:19.426660+00:00</end>
                </TimeSpan>
                <Point>
                  <coordinates>-80.5776442,37.1966013,0</coordinates>
                </Point>
              </Placemark>
              <Placemark>
                <name>Telemetry 24</name>
                <styleUrl>#modifiedtelemetry</styleUrl>
                <TimeSpan>
                  <begin>2026-09-01T16:15:19.426660+00:00</begin>
                  <end>2026-09-01T16:15:20.426660+00:00</end>
                </TimeSpan>
                <Point>
                  <coordinates>-80.57776806176655,37.1964375298218,0</coordinates>
                </Point>
              </Placemark>
              <Placemark>
                <name>Telemetry 25</name>
                <styleUrl>#modifiedtelemetry</styleUrl>
                <TimeSpan>
                  <begin>2026-09-01T16:15:20.426660+00:00</begin>
                  <end>2026-09-01T16:15:21.426660+00:00</end>
                </TimeSpan>
                <Point>
                  <coordinates>-80.57784172323511,37.1962376762061,0</coordinates>
                </Point>
              </Placemark>
              <Placemark>
                <name>Telemetry 26</name>
                <styleUrl>#modifiedtelemetry</styleUrl>
                <TimeSpan>
                  <begin>2026-09-01T16:15:21.426660+00:00</begin>
                  <end>2026-09-01T16:15:22.426660+00:00</end>
                </TimeSpan>
                <Point>
                  <coordinates>-80.5777311,37.1960563,0</coordinates>
                </Point>
              </Placemark>
              <Placemark>
                <name>Telemetry 27</name>
                <styleUrl>#modifiedtelemetry</styleUrl>
                <TimeSpan>
                  <begin>2026-09-01T16:15:22.426660+00:00</begin>
                  <end>2026-09-01T16:15:23.426660+00:00</end>
                </TimeSpan>
                <Point>
                  <coordinates>-80.57739321491916,37.19605837098315,0</coordinates>
                </Point>
              </Placemark>
              <Placemark>
                <name>Telemetry 28</name>
                <styleUrl>#modifiedtelemetry</styleUrl>
                <TimeSpan>
                  <begin>2026-09-01T16:15:23.426660+00:00</begin>
                  <end>2026-09-01T16:15:24.426660+00:00</end>
                </TimeSpan>
                <Point>
                  <coordinates>-80.5771357,37.1961151,0</coordinates>
                </Point>
              </Placemark>
              <Placemark>
                <name>Telemetry 29</name>
                <styleUrl>#modifiedtelemetry</styleUrl>
                <TimeSpan>
                  <begin>2026-09-01T16:15:24.426660+00:00</begin>
                  <end>2026-09-01T16:15:25.426660+00:00</end>
                </TimeSpan>
                <Point>
                  <coordinates>-80.5769627,37.1962283,0</coordinates>
                </Point>
              </Placemark>
              <Placemark>
                <name>Telemetry 30</name>
                <styleUrl>#modifiedtelemetry</styleUrl>
                <TimeSpan>
                  <begin>2026-09-01T16:15:25.426660+00:00</begin>
                  <end>2026-09-01T16:15:26.426660+00:00</end>
                </TimeSpan>
                <Point>
                  <coordinates>-80.5769184,37.1963885,0</coordinates>
                </Point>
              </Placemark>
              <Placemark>
                <name>Telemetry 31</name>
                <styleUrl>#modifiedtelemetry</styleUrl>
                <TimeSpan>
                  <begin>2026-09-01T16:15:26.426660+00:00</begin>
                  <end>2026-09-01T16:15:27.426660+00:00</end>
                </TimeSpan>
                <Point>
                  <coordinates>-80.5767347,37.1964356,0</coordinates>
                </Point>
              </Placemark>
              <Placemark>
                <name>Telemetry 32</name>
                <styleUrl>#modifiedtelemetry</styleUrl>
                <TimeSpan>
                  <begin>2026-09-01T16:15:27.426660+00:00</begin>
                  <end>2026-09-01T16:15:28.426660+00:00</end>
                </TimeSpan>
                <Point>
                  <coordinates>-80.5766366,37.1963538,0</coordinates>
                </Point>
              </Placemark>
              <Placemark>
                <name>Telemetry 33</name>
                <styleUrl>#modifiedtelemetry</styleUrl>
                <TimeSpan>
                  <begin>2026-09-01T16:15:28.426660+00:00</begin>
                  <end>2026-09-01T16:15:29.426660+00:00</end>
                </TimeSpan>
                <Point>
                  <coordinates>-80.5766634,37.1962096,0</coordinates>
                </Point>
              </Placemark>
              <Placemark>
                <name>Telemetry 34</name>
                <styleUrl>#modifiedtelemetry</styleUrl>
                <TimeSpan>
                  <begin>2026-09-01T16:15:29.426660+00:00</begin>
                  <end>2026-09-01T16:15:30.426660+00:00</end>
                </TimeSpan>
                <Point>
                  <coordinates>-80.5767707,37.1961284,0</coordinates>
                </Point>
              </Placemark>
              <Placemark>
                <name>Telemetry 35</name>
                <styleUrl>#modifiedtelemetry</styleUrl>
                <TimeSpan>
                  <begin>2026-09-01T16:15:30.426660+00:00</begin>
                  <end>2026-09-01T16:15:31.426660+00:00</end>
                </TimeSpan>
                <Point>
                  <coordinates>-80.5768887,37.1960493,0</coordinates>
                </Point>
              </Placemark>
              <Placemark>
                <name>Telemetry 36</name>
                <styleUrl>#modifiedtelemetry</styleUrl>
                <TimeSpan>
                  <begin>2026-09-01T16:15:31.426660+00:00</begin>
                  <end>2026-09-01T16:15:32.426660+00:00</end>
                </TimeSpan>
                <Point>
                  <coordinates>-80.5770684,37.1959745,0</coordinates>
                </Point>
              </Placemark>
              <Placemark>
                <name>Telemetry 37</name>
                <styleUrl>#modifiedtelemetry</styleUrl>
                <TimeSpan>
                  <begin>2026-09-01T16:15:32.426660+00:00</begin>
                  <end>2026-09-01T16:15:33.426660+00:00</end>
                </TimeSpan>
                <Point>
                  <coordinates>-80.5771757,37.19596070000001,0</coordinates>
                </Point>
              </Placemark>
              <Placemark>
                <name>Telemetry 38</name>
                <styleUrl>#modifiedtelemetry</styleUrl>
                <TimeSpan>
                  <begin>2026-09-01T16:15:33.426660+00:00</begin>
                  <end>2026-09-01T16:15:34.426660+00:00</end>
                </TimeSpan>
                <Point>
                  <coordinates>-80.5772937,37.19598200000001,0</coordinates>
                </Point>
              </Placemark>
              <Placemark>
                <name>Telemetry 39</name>
                <styleUrl>#modifiedtelemetry</styleUrl>
                <TimeSpan>
                  <begin>2026-09-01T16:15:34.426660+00:00</begin>
                  <end>2026-09-01T16:15:35.426660+00:00</end>
                </TimeSpan>
                <Point>
                  <coordinates>-80.5773326,37.1960942,0</coordinates>
                </Point>
              </Placemark>
              <Placemark>
                <name>Telemetry 40</name>
                <styleUrl>#modifiedtelemetry</styleUrl>
                <TimeSpan>
                  <begin>2026-09-01T16:15:35.426660+00:00</begin>
                  <end>2026-09-01T16:15:36.426660+00:00</end>
                </TimeSpan>
                <Point>
                  <coordinates>-80.577283,37.19619780000001,0</coordinates>
                </Point>
              </Placemark>
              <Placemark>
                <name>Telemetry 41</name>
                <styleUrl>#modifiedtelemetry</styleUrl>
                <TimeSpan>
                  <begin>2026-09-01T16:15:36.426660+00:00</begin>
                  <end>2026-09-01T16:15:37.426660+00:00</end>
                </TimeSpan>
                <Point>
                  <coordinates>-80.5772602,37.1963495,0</coordinates>
                </Point>
              </Placemark>
              <Placemark>
                <name>Telemetry 42</name>
                <styleUrl>#modifiedtelemetry</styleUrl>
                <TimeSpan>
                  <begin>2026-09-01T16:15:37.426660+00:00</begin>
                  <end>2026-09-01T16:15:38.426660+00:00</end>
                </TimeSpan>
                <Point>
                  <coordinates>-80.5772817,37.1964692,0</coordinates>
                </Point>
              </Placemark>
              <Placemark>
                <name>Telemetry 43</name>
                <styleUrl>#modifiedtelemetry</styleUrl>
                <TimeSpan>
                  <begin>2026-09-01T16:15:38.426660+00:00</begin>
                  <end>2026-09-01T16:15:39.426660+00:00</end>
                </TimeSpan>
                <Point>
                  <coordinates>-80.5773863,37.1965546,0</coordinates>
                </Point>
              </Placemark>
              <Placemark>
                <name>Telemetry 44</name>
                <styleUrl>#modifiedtelemetry</styleUrl>
                <TimeSpan>
                  <begin>2026-09-01T16:15:39.426660+00:00</begin>
                  <end>2026-09-01T16:15:40.426660+00:00</end>
                </TimeSpan>
                <Point>
                  <coordinates>-80.5775406,37.1965589,0</coordinates>
                </Point>
              </Placemark>
              <Placemark>
                <name>Telemetry 45</name>
                <styleUrl>#modifiedtelemetry</styleUrl>
                <TimeSpan>
                  <begin>2026-09-01T16:15:40.426660+00:00</begin>
                  <end>2026-09-01T16:15:41.426660+00:00</end>
                </TimeSpan>
                <Point>
                  <coordinates>-80.57763850000002,37.1965782,0</coordinates>
                </Point>
              </Placemark>
              <Placemark>
                <name>Telemetry 46</name>
                <styleUrl>#modifiedtelemetry</styleUrl>
                <TimeSpan>
                  <begin>2026-09-01T16:15:41.426660+00:00</begin>
                  <end>2026-09-01T16:15:42.426660+00:00</end>
                </TimeSpan>
                <Point>
                  <coordinates>-80.57763850000002,37.1966679,0</coordinates>
                </Point>
              </Placemark>
              <Placemark>
                <name>Telemetry 47</name>
                <styleUrl>#modifiedtelemetry</styleUrl>
                <TimeSpan>
                  <begin>2026-09-01T16:15:42.426660+00:00</begin>
                  <end>2026-09-01T16:15:43.426660+00:00</end>
                </TimeSpan>
                <Point>
                  <coordinates>-80.5775473,37.1967074,0</coordinates>
                </Point>
              </Placemark>
              <Placemark>
                <name>Telemetry 48</name>
                <styleUrl>#modifiedtelemetry</styleUrl>
                <TimeSpan>
                  <begin>2026-09-01T16:15:43.426660+00:00</begin>
                  <end>2026-09-01T16:15:44.426660+00:00</end>
                </TimeSpan>
                <Point>
                  <coordinates>-80.5773823,37.1966967,0</coordinates>
                </Point>
              </Placemark>
              <Placemark>
                <name>Telemetry 49</name>
                <styleUrl>#modifiedtelemetry</styleUrl>
                <TimeSpan>
                  <begin>2026-09-01T16:15:44.426660+00:00</begin>
                  <end>2026-09-01T16:15:45.426660+00:00</end>
                </TimeSpan>
                <Point>
                  <coordinates>-80.5773421,37.1966241,0</coordinates>
                </Point>
              </Placemark>
              <Placemark>
                <name>Telemetry 50</name>
                <styleUrl>#modifiedtelemetry</styleUrl>
                <TimeSpan>
                  <begin>2026-09-01T16:15:45.426660+00:00</begin>
                  <end>2026-09-01T16:15:46.426660+00:00</end>
                </TimeSpan>
                <Point>
                  <coordinates>-80.5773005,37.196528,0</coordinates>
                </Point>
              </Placemark>
              <Placemark>
                <name>Telemetry 51</name>
                <styleUrl>#modifiedtelemetry</styleUrl>
                <TimeSpan>
                  <begin>2026-09-01T16:15:46.426660+00:00</begin>
                  <end>2026-09-01T16:15:47.426660+00:00</end>
                </TimeSpan>
                <Point>
                  <coordinates>-80.5771557,37.1965055,0</coordinates>
                </Point>
              </Placemark>
              <Placemark>
                <name>Telemetry 52</name>
                <styleUrl>#modifiedtelemetry</styleUrl>
                <TimeSpan>
                  <begin>2026-09-01T16:15:47.426660+00:00</begin>
                  <end>2026-09-01T16:15:48.426660+00:00</end>
                </TimeSpan>
                <Point>
                  <coordinates>-80.5770457,37.19654400000001,0</coordinates>
                </Point>
              </Placemark>
              <Placemark>
                <name>Telemetry 53</name>
                <styleUrl>#modifiedtelemetry</styleUrl>
                <TimeSpan>
                  <begin>2026-09-01T16:15:48.426660+00:00</begin>
                  <end>2026-09-01T16:15:49.426660+00:00</end>
                </TimeSpan>
                <Point>
                  <coordinates>-80.5768834,37.19654500000001,0</coordinates>
                </Point>
              </Placemark>
              <Placemark>
                <name>Telemetry 54</name>
                <styleUrl>#modifiedtelemetry</styleUrl>
                <TimeSpan>
                  <begin>2026-09-01T16:15:49.426660+00:00</begin>
                  <end>2026-09-01T16:15:50.426660+00:00</end>
                </TimeSpan>
                <Point>
                  <coordinates>-80.5767869,37.1964831,0</coordinates>
                </Point>
              </Placemark>
              <Placemark>
                <name>Telemetry 55</name>
                <styleUrl>#modifiedtelemetry</styleUrl>
                <TimeSpan>
                  <begin>2026-09-01T16:15:50.426660+00:00</begin>
                  <end>2026-09-01T16:15:51.426660+00:00</end>
                </TimeSpan>
                <Point>
                  <coordinates>-80.5767547,37.1964083,0</coordinates>
                </Point>
              </Placemark>
              <Placemark>
                <name>Telemetry 56</name>
                <styleUrl>#modifiedtelemetry</styleUrl>
                <TimeSpan>
                  <begin>2026-09-01T16:15:51.426660+00:00</begin>
                  <end>2026-09-01T16:15:52.426660+00:00</end>
                </TimeSpan>
                <Point>
                  <coordinates>-80.5767587,37.1963228,0</coordinates>
                </Point>
              </Placemark>
              <Placemark>
                <name>Telemetry 57</name>
                <styleUrl>#modifiedtelemetry</styleUrl>
                <TimeSpan>
                  <begin>2026-09-01T16:15:52.426660+00:00</begin>
                  <end>2026-09-01T16:15:53.426660+00:00</end>
                </TimeSpan>
                <Point>
                  <coordinates>-80.5767587,37.1961893,0</coordinates>
                </Point>
              </Placemark>
              <Placemark>
                <name>Telemetry 58</name>
                <styleUrl>#modifiedtelemetry</styleUrl>
                <TimeSpan>
                  <begin>2026-09-01T16:15:53.426660+00:00</begin>
                  <end>2026-09-01T16:15:54.426660+00:00</end>
                </TimeSpan>
                <Point>
                  <coordinates>-80.5766836,37.1961348,0</coordinates>
                </Point>
              </Placemark>
              <Placemark>
                <name>Telemetry 59</name>
                <styleUrl>#modifiedtelemetry</styleUrl>
                <TimeSpan>
                  <begin>2026-09-01T16:15:54.426660+00:00</begin>
                  <end>2026-09-01T16:15:55.426660+00:00</end>
                </TimeSpan>
                <Point>
                  <coordinates>-80.5766836,37.1960205,0</coordinates>
                </Point>
              </Placemark>
              <Placemark>
                <name>Telemetry 60</name>
                <styleUrl>#modifiedtelemetry</styleUrl>
                <TimeSpan>
                  <begin>2026-09-01T16:15:55.426660+00:00</begin>
                  <end>2026-09-01T16:15:56.426660+00:00</end>
                </TimeSpan>
                <Point>
                  <coordinates>-80.5767896,37.1960077,0</coordinates>
                </Point>
              </Placemark>
              <Placemark>
                <name>Telemetry 61</name>
                <styleUrl>#modifiedtelemetry</styleUrl>
                <TimeSpan>
                  <begin>2026-09-01T16:15:56.426660+00:00</begin>
                  <end>2026-09-01T16:15:57.426660+00:00</end>
                </TimeSpan>
                <Point>
                  <coordinates>-80.5769277,37.1959671,0</coordinates>
                </Point>
              </Placemark>
              <Placemark>
                <name>Telemetry 62</name>
                <styleUrl>#modifiedtelemetry</styleUrl>
                <TimeSpan>
                  <begin>2026-09-01T16:15:57.426660+00:00</begin>
                  <end>2026-09-01T16:15:58.426660+00:00</end>
                </TimeSpan>
                <Point>
                  <coordinates>-80.5770806,37.1959051,0</coordinates>
                </Point>
              </Placemark>
              <Placemark>
                <name>Telemetry 63</name>
                <styleUrl>#modifiedtelemetry</styleUrl>
                <TimeSpan>
                  <begin>2026-09-01T16:15:58.426660+00:00</begin>
                  <end>2026-09-01T16:15:59.426660+00:00</end>
                </TimeSpan>
                <Point>
                  <coordinates>-80.5771999,37.195896600000005,0</coordinates>
                </Point>
              </Placemark>
            </Folder>
          </Folder>
        </Folder>
        <Folder>
          <name>Service Provider polling</name>
        </Folder>
        <Folder>
          <name>Service Provider polling</name>
        </Folder>
        <Folder>
          <name>Service Provider polling</name>
        </Folder>
        <Folder>
          <name>Service Provider polling</name>
        </Folder>
        <Folder>
          <name>Service Provider polling</name>
        </Folder>
        <Folder>
          <name>Verify operator notification</name>
        </Folder>
        <Folder>
          <name>Intermediate cleanup</name>
        </Folder>
        <Folder>
          <name>Retrieve pre-existing operator notification</name>
        </Folder>
        <Folder>
          <name>Injection</name>
          <Folder>
            <name>E84: uss2 interuss.automated_testing.rid.v1.injection.createTest</name>
            <Folder>
              <name>Test flight 33ac0620-d1c1-4d8e-8b4b-7b6f81f844de</name>
              <Placemark>
                <name>Telemetry 0</name>
                <styleUrl>#modifiedtelemetry</styleUrl>
                <TimeSpan>
                  <begin>2026-09-01T16:15:05.881763+00:00</begin>
                  <end>2026-09-01T16:15:06.881763+00:00</end>
                </TimeSpan>
                <Point>
                  <coordinates>-80.57798081614081,37.197059404721635,0</coordinates>
                </Point>
              </Placemark>
              <Placemark>
                <name>Telemetry 1</name>
                <styleUrl>#modifiedtelemetry</styleUrl>
                <TimeSpan>
                  <begin>2026-09-01T16:15:06.881763+00:00</begin>
                  <end>2026-09-01T16:15:07.881763+00:00</end>
                </TimeSpan>
                <Point>
                  <coordinates>-80.57798798375362,37.197016214133484,0</coordinates>
                </Point>
              </Placemark>
              <Placemark>
                <name>Telemetry 2</name>
                <styleUrl>#modifiedtelemetry</styleUrl>
                <TimeSpan>
                  <begin>2026-09-01T16:15:07.881763+00:00</begin>
                  <end>2026-09-01T16:15:08.881763+00:00</end>
                </TimeSpan>
                <Point>
                  <coordinates>-80.57800212690604,37.196972734164305,0</coordinates>
                </Point>
              </Placemark>
              <Placemark>
                <name>Telemetry 3</name>
                <styleUrl>#modifiedtelemetry</styleUrl>
                <TimeSpan>
                  <begin>2026-09-01T16:15:08.881763+00:00</begin>
                  <end>2026-09-01T16:15:09.881763+00:00</end>
                </TimeSpan>
                <Point>
                  <coordinates>-80.57802342452034,37.196931703788785,0</coordinates>
                </Point>
              </Placemark>
              <Placemark>
                <name>Telemetry 4</name>
                <styleUrl>#modifiedtelemetry</styleUrl>
                <TimeSpan>
                  <begin>2026-09-01T16:15:09.881763+00:00</begin>
                  <end>2026-09-01T16:15:10.881763+00:00</end>
                </TimeSpan>
                <Point>
                  <coordinates>-80.57805344862881,37.19689368575391,0</coordinates>
                </Point>
              </Placemark>
              <Placemark>
                <name>Telemetry 5</name>
                <styleUrl>#modifiedtelemetry</styleUrl>
                <TimeSpan>
                  <begin>2026-09-01T16:15:10.881763+00:00</begin>
                  <end>2026-09-01T16:15:11.881763+00:00</end>
                </TimeSpan>
                <Point>
                  <coordinates>-80.57808720822365,37.19685213076737,0</coordinates>
                </Point>
              </Placemark>
              <Placemark>
                <name>Telemetry 6</name>
                <styleUrl>#modifiedtelemetry</styleUrl>
                <TimeSpan>
                  <begin>2026-09-01T16:15:11.881763+00:00</begin>
                  <end>2026-09-01T16:15:12.881763+00:00</end>
                </TimeSpan>
                <Point>
                  <coordinates>-80.57811722777369,37.19680923519623,0</coordinates>
                </Point>
              </Placemark>
              <Placemark>
                <name>Telemetry 7</name>
                <styleUrl>#modifiedtelemetry</styleUrl>
                <TimeSpan>
                  <begin>2026-09-01T16:15:12.881763+00:00</begin>
                  <end>2026-09-01T16:15:13.881763+00:00</end>
                </TimeSpan>
                <Point>
                  <coordinates>-80.5781323958596,37.1967658046547,0</coordinates>
                </Point>
              </Placemark>
              <Placemark>
                <name>Telemetry 8</name>
                <styleUrl>#modifiedtelemetry</styleUrl>
                <TimeSpan>
                  <begin>2026-09-01T16:15:13.881763+00:00</begin>
                  <end>2026-09-01T16:15:14.881763+00:00</end>
                </TimeSpan>
                <Point>
                  <coordinates>-80.57814392771789,37.19670166260832,0</coordinates>
                </Point>
              </Placemark>
              <Placemark>
                <name>Telemetry 9</name>
                <styleUrl>#modifiedtelemetry</styleUrl>
                <TimeSpan>
                  <begin>2026-09-01T16:15:14.881763+00:00</begin>
                  <end>2026-09-01T16:15:15.881763+00:00</end>
                </TimeSpan>
                <Point>
                  <coordinates>-80.57812974002694,37.19663489860375,0</coordinates>
                </Point>
              </Placemark>
              <Placemark>
                <name>Telemetry 10</name>
                <styleUrl>#modifiedtelemetry</styleUrl>
                <TimeSpan>
                  <begin>2026-09-01T16:15:15.881763+00:00</begin>
                  <end>2026-09-01T16:15:16.881763+00:00</end>
                </TimeSpan>
                <Point>
                  <coordinates>-80.57808680009781,37.19657292090538,0</coordinates>
                </Point>
              </Placemark>
              <Placemark>
                <name>Telemetry 11</name>
                <styleUrl>#modifiedtelemetry</styleUrl>
                <TimeSpan>
                  <begin>2026-09-01T16:15:16.881763+00:00</begin>
                  <end>2026-09-01T16:15:17.881763+00:00</end>
                </TimeSpan>
                <Point>
                  <coordinates>-80.57801685035301,37.19652877181478,0</coordinates>
                </Point>
              </Placemark>
              <Placemark>
                <name>Telemetry 12</name>
                <styleUrl>#modifiedtelemetry</styleUrl>
                <TimeSpan>
                  <begin>2026-09-01T16:15:17.881763+00:00</begin>
                  <end>2026-09-01T16:15:18.881763+00:00</end>
                </TimeSpan>
                <Point>
                  <coordinates>-80.57795541973255,37.19650790849303,0</coordinates>
                </Point>
              </Placemark>
              <Placemark>
                <name>Telemetry 13</name>
                <styleUrl>#modifiedtelemetry</styleUrl>
                <TimeSpan>
                  <begin>2026-09-01T16:15:18.881763+00:00</begin>
                  <end>2026-09-01T16:15:19.881763+00:00</end>
                </TimeSpan>
                <Point>
                  <coordinates>-80.57779490248247,37.19643592110631,0</coordinates>
                </Point>
              </Placemark>
              <Placemark>
                <name>Telemetry 14</name>
                <styleUrl>#modifiedtelemetry</styleUrl>
                <TimeSpan>
                  <begin>2026-09-01T16:15:19.881763+00:00</begin>
                  <end>2026-09-01T16:15:20.881763+00:00</end>
                </TimeSpan>
                <Point>
                  <coordinates>-80.57771381708879,37.19639543761661,0</coordinates>
                </Point>
              </Placemark>
              <Placemark>
                <name>Telemetry 15</name>
                <styleUrl>#modifiedtelemetry</styleUrl>
                <TimeSpan>
                  <begin>2026-09-01T16:15:20.881763+00:00</begin>
                  <end>2026-09-01T16:15:21.881763+00:00</end>
                </TimeSpan>
                <Point>
                  <coordinates>-80.5776456115435,37.19635960981006,0</coordinates>
                </Point>
              </Placemark>
              <Placemark>
                <name>Telemetry 16</name>
                <styleUrl>#modifiedtelemetry</styleUrl>
                <TimeSpan>
                  <begin>2026-09-01T16:15:21.881763+00:00</begin>
                  <end>2026-09-01T16:15:22.881763+00:00</end>
                </TimeSpan>
                <Point>
                  <coordinates>-80.57757190904874,37.19632841915715,0</coordinates>
                </Point>
              </Placemark>
              <Placemark>
                <name>Telemetry 17</name>
                <styleUrl>#modifiedtelemetry</styleUrl>
                <TimeSpan>
                  <begin>2026-09-01T16:15:22.881763+00:00</begin>
                  <end>2026-09-01T16:15:23.881763+00:00</end>
                </TimeSpan>
                <Point>
                  <coordinates>-80.57751114071674,37.19631735230622,0</coordinates>
                </Point>
              </Placemark>
              <Placemark>
                <name>Telemetry 18</name>
                <styleUrl>#modifiedtelemetry</styleUrl>
                <TimeSpan>
                  <begin>2026-09-01T16:15:23.881763+00:00</begin>
                  <end>2026-09-01T16:15:24.881763+00:00</end>
                </TimeSpan>
                <Point>
                  <coordinates>-80.57742677046657,37.19631370494702,0</coordinates>
                </Point>
              </Placemark>
              <Placemark>
                <name>Telemetry 19</name>
                <styleUrl>#modifiedtelemetry</styleUrl>
                <TimeSpan>
                  <begin>2026-09-01T16:15:24.881763+00:00</begin>
                  <end>2026-09-01T16:15:25.881763+00:00</end>
                </TimeSpan>
                <Point>
                  <coordinates>-80.5773706,37.1963054,0</coordinates>
                </Point>
              </Placemark>
              <Placemark>
                <name>Telemetry 20</name>
                <styleUrl>#modifiedtelemetry</styleUrl>
                <TimeSpan>
                  <begin>2026-09-01T16:15:25.881763+00:00</begin>
                  <end>2026-09-01T16:15:26.881763+00:00</end>
                </TimeSpan>
                <Point>
                  <coordinates>-80.5771453,37.1963577,0</coordinates>
                </Point>
              </Placemark>
              <Placemark>
                <name>Telemetry 21</name>
                <styleUrl>#modifiedtelemetry</styleUrl>
                <TimeSpan>
                  <begin>2026-09-01T16:15:26.881763+00:00</begin>
                  <end>2026-09-01T16:15:27.881763+00:00</end>
                </TimeSpan>
                <Point>
                  <coordinates>-80.5771265,37.1965735,0</coordinates>
                </Point>
              </Placemark>
              <Placemark>
                <name>Telemetry 22</name>
                <styleUrl>#modifiedtelemetry</styleUrl>
                <TimeSpan>
                  <begin>2026-09-01T16:15:27.881763+00:00</begin>
                  <end>2026-09-01T16:15:28.881763+00:00</end>
                </TimeSpan>
                <Point>
                  <coordinates>-80.57744590087025,37.19665029738701,0</coordinates>
                </Point>
              </Placemark>
              <Placemark>
                <name>Telemetry 23</name>
                <styleUrl>#modifiedtelemetry</styleUrl>
                <TimeSpan>
                  <begin>2026-09-01T16:15:28.881763+00:00</begin>
                  <end>2026-09-01T16:15:29.881763+00:00</end>
                </TimeSpan>
                <Point>
                  <coordinates>-80.5776442,37.1966013,0</coordinates>
                </Point>
              </Placemark>
              <Placemark>
                <name>Telemetry 24</name>
                <styleUrl>#modifiedtelemetry</styleUrl>
                <TimeSpan>
                  <begin>2026-09-01T16:15:29.881763+00:00</begin>
                  <end>2026-09-01T16:15:30.881763+00:00</end>
                </TimeSpan>
                <Point>
                  <coordinates>-80.57776806176655,37.1964375298218,0</coordinates>
                </Point>
              </Placemark>
              <Placemark>
                <name>Telemetry 25</name>
                <styleUrl>#modifiedtelemetry</styleUrl>
                <TimeSpan>
                  <begin>2026-09-01T16:15:30.881763+00:00</begin>
                  <end>2026-09-01T16:15:31.881763+00:00</end>
                </TimeSpan>
                <Point>
                  <coordinates>-80.57784172323511,37.1962376762061,0</coordinates>
                </Point>
              </Placemark>
              <Placemark>
                <name>Telemetry 26</name>
                <styleUrl>#modifiedtelemetry</styleUrl>
                <TimeSpan>
                  <begin>2026-09-01T16:15:31.881763+00:00</begin>
                  <end>2026-09-01T16:15:32.881763+00:00</end>
                </TimeSpan>
                <Point>
                  <coordinates>-80.5777311,37.1960563,0</coordinates>
                </Point>
              </Placemark>
              <Placemark>
                <name>Telemetry 27</name>
                <styleUrl>#modifiedtelemetry</styleUrl>
                <TimeSpan>
                  <begin>2026-09-01T16:15:32.881763+00:00</begin>
                  <end>2026-09-01T16:15:33.881763+00:00</end>
                </TimeSpan>
                <Point>
                  <coordinates>-80.57739321491916,37.19605837098315,0</coordinates>
                </Point>
              </Placemark>
              <Placemark>
                <name>Telemetry 28</name>
                <styleUrl>#modifiedtelemetry</styleUrl>
                <TimeSpan>
                  <begin>2026-09-01T16:15:33.881763+00:00</begin>
                  <end>2026-09-01T16:15:34.881763+00:00</end>
                </TimeSpan>
                <Point>
                  <coordinates>-80.5771357,37.1961151,0</coordinates>
                </Point>
              </Placemark>
              <Placemark>
                <name>Telemetry 29</name>
                <styleUrl>#modifiedtelemetry</styleUrl>
                <TimeSpan>
                  <begin>2026-09-01T16:15:34.881763+00:00</begin>
                  <end>2026-09-01T16:15:35.881763+00:00</end>
                </TimeSpan>
                <Point>
                  <coordinates>-80.5769627,37.1962283,0</coordinates>
                </Point>
              </Placemark>
              <Placemark>
                <name>Telemetry 30</name>
                <styleUrl>#modifiedtelemetry</styleUrl>
                <TimeSpan>
                  <begin>2026-09-01T16:15:35.881763+00:00</begin>
                  <end>2026-09-01T16:15:36.881763+00:00</end>
                </TimeSpan>
                <Point>
                  <coordinates>-80.5769184,37.1963885,0</coordinates>
                </Point>
              </Placemark>
              <Placemark>
                <name>Telemetry 31</name>
                <styleUrl>#modifiedtelemetry</styleUrl>
                <TimeSpan>
                  <begin>2026-09-01T16:15:36.881763+00:00</begin>
                  <end>2026-09-01T16:15:37.881763+00:00</end>
                </TimeSpan>
                <Point>
                  <coordinates>-80.5767347,37.1964356,0</coordinates>
                </Point>
              </Placemark>
              <Placemark>
                <name>Telemetry 32</name>
                <styleUrl>#modifiedtelemetry</styleUrl>
                <TimeSpan>
                  <begin>2026-09-01T16:15:37.881763+00:00</begin>
                  <end>2026-09-01T16:15:38.881763+00:00</end>
                </TimeSpan>
                <Point>
                  <coordinates>-80.5766366,37.1963538,0</coordinates>
                </Point>
              </Placemark>
              <Placemark>
                <name>Telemetry 33</name>
                <styleUrl>#modifiedtelemetry</styleUrl>
                <TimeSpan>
                  <begin>2026-09-01T16:15:38.881763+00:00</begin>
                  <end>2026-09-01T16:15:39.881763+00:00</end>
                </TimeSpan>
                <Point>
                  <coordinates>-80.5766634,37.1962096,0</coordinates>
                </Point>
              </Placemark>
              <Placemark>
                <name>Telemetry 34</name>
                <styleUrl>#modifiedtelemetry</styleUrl>
                <TimeSpan>
                  <begin>2026-09-01T16:15:39.881763+00:00</begin>
                  <end>2026-09-01T16:15:40.881763+00:00</end>
                </TimeSpan>
                <Point>
                  <coordinates>-80.5767707,37.1961284,0</coordinates>
                </Point>
              </Placemark>
              <Placemark>
                <name>Telemetry 35</name>
                <styleUrl>#modifiedtelemetry</styleUrl>
                <TimeSpan>
                  <begin>2026-09-01T16:15:40.881763+00:00</begin>
                  <end>2026-09-01T16:15:41.881763+00:00</end>
                </TimeSpan>
                <Point>
                  <coordinates>-80.5768887,37.1960493,0</coordinates>
                </Point>
              </Placemark>
              <Placemark>
                <name>Telemetry 36</name>
                <styleUrl>#modifiedtelemetry</styleUrl>
                <TimeSpan>
                  <begin>2026-09-01T16:15:41.881763+00:00</begin>
                  <end>2026-09-01T16:15:42.881763+00:00</end>
                </TimeSpan>
                <Point>
                  <coordinates>-80.5770684,37.1959745,0</coordinates>
                </Point>
              </Placemark>
              <Placemark>
                <name>Telemetry 37</name>
                <styleUrl>#modifiedtelemetry</styleUrl>
                <TimeSpan>
                  <begin>2026-09-01T16:15:42.881763+00:00</begin>
                  <end>2026-09-01T16:15:43.881763+00:00</end>
                </TimeSpan>
                <Point>
                  <coordinates>-80.5771757,37.19596070000001,0</coordinates>
                </Point>
              </Placemark>
              <Placemark>
                <name>Telemetry 38</name>
                <styleUrl>#modifiedtelemetry</styleUrl>
                <TimeSpan>
                  <begin>2026-09-01T16:15:43.881763+00:00</begin>
                  <end>2026-09-01T16:15:44.881763+00:00</end>
                </TimeSpan>
                <Point>
                  <coordinates>-80.5772937,37.19598200000001,0</coordinates>
                </Point>
              </Placemark>
              <Placemark>
                <name>Telemetry 39</name>
                <styleUrl>#modifiedtelemetry</styleUrl>
                <TimeSpan>
                  <begin>2026-09-01T16:15:44.881763+00:00</begin>
                  <end>2026-09-01T16:15:45.881763+00:00</end>
                </TimeSpan>
                <Point>
                  <coordinates>-80.5773326,37.1960942,0</coordinates>
                </Point>
              </Placemark>
              <Placemark>
                <name>Telemetry 40</name>
                <styleUrl>#modifiedtelemetry</styleUrl>
                <TimeSpan>
                  <begin>2026-09-01T16:15:45.881763+00:00</begin>
                  <end>2026-09-01T16:15:46.881763+00:00</end>
                </TimeSpan>
                <Point>
                  <coordinates>-80.577283,37.19619780000001,0</coordinates>
                </Point>
              </Placemark>
              <Placemark>
                <name>Telemetry 41</name>
                <styleUrl>#modifiedtelemetry</styleUrl>
                <TimeSpan>
                  <begin>2026-09-01T16:15:46.881763+00:00</begin>
                  <end>2026-09-01T16:15:47.881763+00:00</end>
                </TimeSpan>
                <Point>
                  <coordinates>-80.5772602,37.1963495,0</coordinates>
                </Point>
              </Placemark>
              <Placemark>
                <name>Telemetry 42</name>
                <styleUrl>#modifiedtelemetry</styleUrl>
                <TimeSpan>
                  <begin>2026-09-01T16:15:47.881763+00:00</begin>
                  <end>2026-09-01T16:15:48.881763+00:00</end>
                </TimeSpan>
                <Point>
                  <coordinates>-80.5772817,37.1964692,0</coordinates>
                </Point>
              </Placemark>
              <Placemark>
                <name>Telemetry 43</name>
                <styleUrl>#modifiedtelemetry</styleUrl>
                <TimeSpan>
                  <begin>2026-09-01T16:15:48.881763+00:00</begin>
                  <end>2026-09-01T16:15:49.881763+00:00</end>
                </TimeSpan>
                <Point>
                  <coordinates>-80.5773863,37.1965546,0</coordinates>
                </Point>
              </Placemark>
              <Placemark>
                <name>Telemetry 44</name>
                <styleUrl>#modifiedtelemetry</styleUrl>
                <TimeSpan>
                  <begin>2026-09-01T16:15:49.881763+00:00</begin>
                  <end>2026-09-01T16:15:50.881763+00:00</end>
                </TimeSpan>
                <Point>
                  <coordinates>-80.5775406,37.1965589,0</coordinates>
                </Point>
              </Placemark>
              <Placemark>
                <name>Telemetry 45</name>
                <styleUrl>#modifiedtelemetry</styleUrl>
                <TimeSpan>
                  <begin>2026-09-01T16:15:50.881763+00:00</begin>
                  <end>2026-09-01T16:15:51.881763+00:00</end>
                </TimeSpan>
                <Point>
                  <coordinates>-80.57763850000002,37.1965782,0</coordinates>
                </Point>
              </Placemark>
              <Placemark>
                <name>Telemetry 46</name>
                <styleUrl>#modifiedtelemetry</styleUrl>
                <TimeSpan>
                  <begin>2026-09-01T16:15:51.881763+00:00</begin>
                  <end>2026-09-01T16:15:52.881763+00:00</end>
                </TimeSpan>
                <Point>
                  <coordinates>-80.57763850000002,37.1966679,0</coordinates>
                </Point>
              </Placemark>
              <Placemark>
                <name>Telemetry 47</name>
                <styleUrl>#modifiedtelemetry</styleUrl>
                <TimeSpan>
                  <begin>2026-09-01T16:15:52.881763+00:00</begin>
                  <end>2026-09-01T16:15:53.881763+00:00</end>
                </TimeSpan>
                <Point>
                  <coordinates>-80.5775473,37.1967074,0</coordinates>
                </Point>
              </Placemark>
              <Placemark>
                <name>Telemetry 48</name>
                <styleUrl>#modifiedtelemetry</styleUrl>
                <TimeSpan>
                  <begin>2026-09-01T16:15:53.881763+00:00</begin>
                  <end>2026-09-01T16:15:54.881763+00:00</end>
                </TimeSpan>
                <Point>
                  <coordinates>-80.5773823,37.1966967,0</coordinates>
                </Point>
              </Placemark>
              <Placemark>
                <name>Telemetry 49</name>
                <styleUrl>#modifiedtelemetry</styleUrl>
                <TimeSpan>
                  <begin>2026-09-01T16:15:54.881763+00:00</begin>
                  <end>2026-09-01T16:15:55.881763+00:00</end>
                </TimeSpan>
                <Point>
                  <coordinates>-80.5773421,37.1966241,0</coordinates>
                </Point>
              </Placemark>
              <Placemark>
                <name>Telemetry 50</name>
                <styleUrl>#modifiedtelemetry</styleUrl>
                <TimeSpan>
                  <begin>2026-09-01T16:15:55.881763+00:00</begin>
                  <end>2026-09-01T16:15:56.881763+00:00</end>
                </TimeSpan>
                <Point>
                  <coordinates>-80.5773005,37.196528,0</coordinates>
                </Point>
              </Placemark>
              <Placemark>
                <name>Telemetry 51</name>
                <styleUrl>#modifiedtelemetry</styleUrl>
                <TimeSpan>
                  <begin>2026-09-01T16:15:56.881763+00:00</begin>
                  <end>2026-09-01T16:15:57.881763+00:00</end>
                </TimeSpan>
                <Point>
                  <coordinates>-80.5771557,37.1965055,0</coordinates>
                </Point>
              </Placemark>
              <Placemark>
                <name>Telemetry 52</name>
                <styleUrl>#modifiedtelemetry</styleUrl>
                <TimeSpan>
                  <begin>2026-09-01T16:15:57.881763+00:00</begin>
                  <end>2026-09-01T16:15:58.881763+00:00</end>
                </TimeSpan>
                <Point>
                  <coordinates>-80.5770457,37.19654400000001,0</coordinates>
                </Point>
              </Placemark>
              <Placemark>
                <name>Telemetry 53</name>
                <styleUrl>#modifiedtelemetry</styleUrl>
                <TimeSpan>
                  <begin>2026-09-01T16:15:58.881763+00:00</begin>
                  <end>2026-09-01T16:15:59.881763+00:00</end>
                </TimeSpan>
                <Point>
                  <coordinates>-80.5768834,37.19654500000001,0</coordinates>
                </Point>
              </Placemark>
              <Placemark>
                <name>Telemetry 54</name>
                <styleUrl>#modifiedtelemetry</styleUrl>
                <TimeSpan>
                  <begin>2026-09-01T16:15:59.881763+00:00</begin>
                  <end>2026-09-01T16:16:00.881763+00:00</end>
                </TimeSpan>
                <Point>
                  <coordinates>-80.5767869,37.1964831,0</coordinates>
                </Point>
              </Placemark>
              <Placemark>
                <name>Telemetry 55</name>
                <styleUrl>#modifiedtelemetry</styleUrl>
                <TimeSpan>
                  <begin>2026-09-01T16:16:00.881763+00:00</begin>
                  <end>2026-09-01T16:16:01.881763+00:00</end>
                </TimeSpan>
                <Point>
                  <coordinates>-80.5767547,37.1964083,0</coordinates>
                </Point>
              </Placemark>
              <Placemark>
                <name>Telemetry 56</name>
                <styleUrl>#modifiedtelemetry</styleUrl>
                <TimeSpan>
                  <begin>2026-09-01T16:16:01.881763+00:00</begin>
                  <end>2026-09-01T16:16:02.881763+00:00</end>
                </TimeSpan>
                <Point>
                  <coordinates>-80.5767587,37.1963228,0</coordinates>
                </Point>
              </Placemark>
              <Placemark>
                <name>Telemetry 57</name>
                <styleUrl>#modifiedtelemetry</styleUrl>
                <TimeSpan>
                  <begin>2026-09-01T16:16:02.881763+00:00</begin>
                  <end>2026-09-01T16:16:03.881763+00:00</end>
                </TimeSpan>
                <Point>
                  <coordinates>-80.5767587,37.1961893,0</coordinates>
                </Point>
              </Placemark>
              <Placemark>
                <name>Telemetry 58</name>
                <styleUrl>#modifiedtelemetry</styleUrl>
                <TimeSpan>
                  <begin>2026-09-01T16:16:03.881763+00:00</begin>
                  <end>2026-09-01T16:16:04.881763+00:00</end>
                </TimeSpan>
                <Point>
                  <coordinates>-80.5766836,37.1961348,0</coordinates>
                </Point>
              </Placemark>
              <Placemark>
                <name>Telemetry 59</name>
                <styleUrl>#modifiedtelemetry</styleUrl>
                <TimeSpan>
                  <begin>2026-09-01T16:16:04.881763+00:00</begin>
                  <end>2026-09-01T16:16:05.881763+00:00</end>
                </TimeSpan>
                <Point>
                  <coordinates>-80.5766836,37.1960205,0</coordinates>
                </Point>
              </Placemark>
              <Placemark>
                <name>Telemetry 60</name>
                <styleUrl>#modifiedtelemetry</styleUrl>
                <TimeSpan>
                  <begin>2026-09-01T16:16:05.881763+00:00</begin>
                  <end>2026-09-01T16:16:06.881763+00:00</end>
                </TimeSpan>
                <Point>
                  <coordinates>-80.5767896,37.1960077,0</coordinates>
                </Point>
              </Placemark>
              <Placemark>
                <name>Telemetry 61</name>
                <styleUrl>#modifiedtelemetry</styleUrl>
                <TimeSpan>
                  <begin>2026-09-01T16:16:06.881763+00:00</begin>
                  <end>2026-09-01T16:16:07.881763+00:00</end>
                </TimeSpan>
                <Point>
                  <coordinates>-80.5769277,37.1959671,0</coordinates>
                </Point>
              </Placemark>
              <Placemark>
                <name>Telemetry 62</name>
                <styleUrl>#modifiedtelemetry</styleUrl>
                <TimeSpan>
                  <begin>2026-09-01T16:16:07.881763+00:00</begin>
                  <end>2026-09-01T16:16:08.881763+00:00</end>
                </TimeSpan>
                <Point>
                  <coordinates>-80.5770806,37.1959051,0</coordinates>
                </Point>
              </Placemark>
              <Placemark>
                <name>Telemetry 63</name>
                <styleUrl>#modifiedtelemetry</styleUrl>
                <TimeSpan>
                  <begin>2026-09-01T16:16:08.881763+00:00</begin>
                  <end>2026-09-01T16:16:09.881763+00:00</end>
                </TimeSpan>
                <Point>
                  <coordinates>-80.5771999,37.195896600000005,0</coordinates>
                </Point>
              </Placemark>
            </Folder>
          </Folder>
        </Folder>
        <Folder>
          <name>Service Provider polling</name>
        </Folder>
        <Folder>
          <name>Service Provider polling</name>
        </Folder>
        <Folder>
          <name>Service Provider polling</name>
        </Folder>
        <Folder>
          <name>Service Provider polling</name>
        </Folder>
        <Folder>
          <name>Service Provider polling</name>
        </Folder>
        <Folder>
          <name>Verify operator notification</name>
        </Folder>
        <Folder>
          <name>Intermediate cleanup</name>
        </Folder>
        <Folder>
          <name>Retrieve pre-existing operator notification</name>
        </Folder>
        <Folder>
          <name>Injection</name>
          <Folder>
            <name>E104: uss2 interuss.automated_testing.rid.v1.injection.createTest</name>
            <Folder>
              <name>Test flight 1f6d383b-a410-471f-a72b-97919cdc3c91</name>
              <Placemark>
                <name>Telemetry 0</name>
                <styleUrl>#modifiedtelemetry</styleUrl>
                <TimeSpan>
                  <begin>2026-09-01T16:15:16.379113+00:00</begin>
                  <end>2026-09-01T16:15:17.379113+00:00</end>
                </TimeSpan>
                <Point>
                  <coordinates>-80.57798081614081,37.197059404721635,0</coordinates>
                </Point>
              </Placemark>
              <Placemark>
                <name>Telemetry 1</name>
                <styleUrl>#modifiedtelemetry</styleUrl>
                <TimeSpan>
                  <begin>2026-09-01T16:15:17.379113+00:00</begin>
                  <end>2026-09-01T16:15:18.379113+00:00</end>
                </TimeSpan>
                <Point>
                  <coordinates>-80.57798798375362,37.197016214133484,0</coordinates>
                </Point>
              </Placemark>
              <Placemark>
                <name>Telemetry 2</name>
                <styleUrl>#modifiedtelemetry</styleUrl>
                <TimeSpan>
                  <begin>2026-09-01T16:15:18.379113+00:00</begin>
                  <end>2026-09-01T16:15:19.379113+00:00</end>
                </TimeSpan>
                <Point>
                  <coordinates>-80.57800212690604,37.196972734164305,0</coordinates>
                </Point>
              </Placemark>
              <Placemark>
                <name>Telemetry 3</name>
                <styleUrl>#modifiedtelemetry</styleUrl>
                <TimeSpan>
                  <begin>2026-09-01T16:15:19.379113+00:00</begin>
                  <end>2026-09-01T16:15:20.379113+00:00</end>
                </TimeSpan>
                <Point>
                  <coordinates>-80.57802342452034,37.196931703788785,0</coordinates>
                </Point>
              </Placemark>
              <Placemark>
                <name>Telemetry 4</name>
                <styleUrl>#modifiedtelemetry</styleUrl>
                <TimeSpan>
                  <begin>2026-09-01T16:15:20.379113+00:00</begin>
                  <end>2026-09-01T16:15:21.379113+00:00</end>
                </TimeSpan>
                <Point>
                  <coordinates>-80.57805344862881,37.19689368575391,0</coordinates>
                </Point>
              </Placemark>
              <Placemark>
                <name>Telemetry 5</name>
                <styleUrl>#modifiedtelemetry</styleUrl>
                <TimeSpan>
                  <begin>2026-09-01T16:15:21.379113+00:00</begin>
                  <end>2026-09-01T16:15:22.379113+00:00</end>
                </TimeSpan>
                <Point>
                  <coordinates>-80.57808720822365,37.19685213076737,0</coordinates>
                </Point>
              </Placemark>
              <Placemark>
                <name>Telemetry 6</name>
                <styleUrl>#modifiedtelemetry</styleUrl>
                <TimeSpan>
                  <begin>2026-09-01T16:15:22.379113+00:00</begin>
                  <end>2026-09-01T16:15:23.379113+00:00</end>
                </TimeSpan>
                <Point>
                  <coordinates>-80.57811722777369,37.19680923519623,0</coordinates>
                </Point>
              </Placemark>
              <Placemark>
                <name>Telemetry 7</name>
                <styleUrl>#modifiedtelemetry</styleUrl>
                <TimeSpan>
                  <begin>2026-09-01T16:15:23.379113+00:00</begin>
                  <end>2026-09-01T16:15:24.379113+00:00</end>
                </TimeSpan>
                <Point>
                  <coordinates>-80.5781323958596,37.1967658046547,0</coordinates>
                </Point>
              </Placemark>
              <Placemark>
                <name>Telemetry 8</name>
                <styleUrl>#modifiedtelemetry</styleUrl>
                <TimeSpan>
                  <begin>2026-09-01T16:15:24.379113+00:00</begin>
                  <end>2026-09-01T16:15:25.379113+00:00</end>
                </TimeSpan>
                <Point>
                  <coordinates>-80.57814392771789,37.19670166260832,0</coordinates>
                </Point>
              </Placemark>
              <Placemark>
                <name>Telemetry 9</name>
                <styleUrl>#modifiedtelemetry</styleUrl>
                <TimeSpan>
                  <begin>2026-09-01T16:15:25.379113+00:00</begin>
                  <end>2026-09-01T16:15:26.379113+00:00</end>
                </TimeSpan>
                <Point>
                  <coordinates>-80.57812974002694,37.19663489860375,0</coordinates>
                </Point>
              </Placemark>
              <Placemark>
                <name>Telemetry 10</name>
                <styleUrl>#modifiedtelemetry</styleUrl>
                <TimeSpan>
                  <begin>2026-09-01T16:15:26.379113+00:00</begin>
                  <end>2026-09-01T16:15:27.379113+00:00</end>
                </TimeSpan>
                <Point>
                  <coordinates>-80.57808680009781,37.19657292090538,0</coordinates>
                </Point>
              </Placemark>
              <Placemark>
                <name>Telemetry 11</name>
                <styleUrl>#modifiedtelemetry</styleUrl>
                <TimeSpan>
                  <begin>2026-09-01T16:15:27.379113+00:00</begin>
                  <end>2026-09-01T16:15:28.379113+00:00</end>
                </TimeSpan>
                <Point>
                  <coordinates>-80.57801685035301,37.19652877181478,0</coordinates>
                </Point>
              </Placemark>
              <Placemark>
                <name>Telemetry 12</name>
                <styleUrl>#modifiedtelemetry</styleUrl>
                <TimeSpan>
                  <begin>2026-09-01T16:15:28.379113+00:00</begin>
                  <end>2026-09-01T16:15:29.379113+00:00</end>
                </TimeSpan>
                <Point>
                  <coordinates>-80.57795541973255,37.19650790849303,0</coordinates>
                </Point>
              </Placemark>
              <Placemark>
                <name>Telemetry 13</name>
                <styleUrl>#modifiedtelemetry</styleUrl>
                <TimeSpan>
                  <begin>2026-09-01T16:15:29.379113+00:00</begin>
                  <end>2026-09-01T16:15:30.379113+00:00</end>
                </TimeSpan>
                <Point>
                  <coordinates>-80.57779490248247,37.19643592110631,0</coordinates>
                </Point>
              </Placemark>
              <Placemark>
                <name>Telemetry 14</name>
                <styleUrl>#modifiedtelemetry</styleUrl>
                <TimeSpan>
                  <begin>2026-09-01T16:15:30.379113+00:00</begin>
                  <end>2026-09-01T16:15:31.379113+00:00</end>
                </TimeSpan>
                <Point>
                  <coordinates>-80.57771381708879,37.19639543761661,0</coordinates>
                </Point>
              </Placemark>
              <Placemark>
                <name>Telemetry 15</name>
                <styleUrl>#modifiedtelemetry</styleUrl>
                <TimeSpan>
                  <begin>2026-09-01T16:15:31.379113+00:00</begin>
                  <end>2026-09-01T16:15:32.379113+00:00</end>
                </TimeSpan>
                <Point>
                  <coordinates>-80.5776456115435,37.19635960981006,0</coordinates>
                </Point>
              </Placemark>
              <Placemark>
                <name>Telemetry 16</name>
                <styleUrl>#modifiedtelemetry</styleUrl>
                <TimeSpan>
                  <begin>2026-09-01T16:15:32.379113+00:00</begin>
                  <end>2026-09-01T16:15:33.379113+00:00</end>
                </TimeSpan>
                <Point>
                  <coordinates>-80.57757190904874,37.19632841915715,0</coordinates>
                </Point>
              </Placemark>
              <Placemark>
                <name>Telemetry 17</name>
                <styleUrl>#modifiedtelemetry</styleUrl>
                <TimeSpan>
                  <begin>2026-09-01T16:15:33.379113+00:00</begin>
                  <end>2026-09-01T16:15:34.379113+00:00</end>
                </TimeSpan>
                <Point>
                  <coordinates>-80.57751114071674,37.19631735230622,0</coordinates>
                </Point>
              </Placemark>
              <Placemark>
                <name>Telemetry 18</name>
                <styleUrl>#modifiedtelemetry</styleUrl>
                <TimeSpan>
                  <begin>2026-09-01T16:15:34.379113+00:00</begin>
                  <end>2026-09-01T16:15:35.379113+00:00</end>
                </TimeSpan>
                <Point>
                  <coordinates>-80.57742677046657,37.19631370494702,0</coordinates>
                </Point>
              </Placemark>
              <Placemark>
                <name>Telemetry 19</name>
                <styleUrl>#modifiedtelemetry</styleUrl>
                <TimeSpan>
                  <begin>2026-09-01T16:15:35.379113+00:00</begin>
                  <end>2026-09-01T16:15:36.379113+00:00</end>
                </TimeSpan>
                <Point>
                  <coordinates>-80.5773706,37.1963054,0</coordinates>
                </Point>
              </Placemark>
              <Placemark>
                <name>Telemetry 20</name>
                <styleUrl>#modifiedtelemetry</styleUrl>
                <TimeSpan>
                  <begin>2026-09-01T16:15:36.379113+00:00</begin>
                  <end>2026-09-01T16:15:37.379113+00:00</end>
                </TimeSpan>
                <Point>
                  <coordinates>-80.5771453,37.1963577,0</coordinates>
                </Point>
              </Placemark>
              <Placemark>
                <name>Telemetry 21</name>
                <styleUrl>#modifiedtelemetry</styleUrl>
                <TimeSpan>
                  <begin>2026-09-01T16:15:37.379113+00:00</begin>
                  <end>2026-09-01T16:15:38.379113+00:00</end>
                </TimeSpan>
                <Point>
                  <coordinates>-80.5771265,37.1965735,0</coordinates>
                </Point>
              </Placemark>
              <Placemark>
                <name>Telemetry 22</name>
                <styleUrl>#modifiedtelemetry</styleUrl>
                <TimeSpan>
                  <begin>2026-09-01T16:15:38.379113+00:00</begin>
                  <end>2026-09-01T16:15:39.379113+00:00</end>
                </TimeSpan>
                <Point>
                  <coordinates>-80.57744590087025,37.19665029738701,0</coordinates>
                </Point>
              </Placemark>
              <Placemark>
                <name>Telemetry 23</name>
                <styleUrl>#modifiedtelemetry</styleUrl>
                <TimeSpan>
                  <begin>2026-09-01T16:15:39.379113+00:00</begin>
                  <end>2026-09-01T16:15:40.379113+00:00</end>
                </TimeSpan>
                <Point>
                  <coordinates>-80.5776442,37.1966013,0</coordinates>
                </Point>
              </Placemark>
              <Placemark>
                <name>Telemetry 24</name>
                <styleUrl>#modifiedtelemetry</styleUrl>
                <TimeSpan>
                  <begin>2026-09-01T16:15:40.379113+00:00</begin>
                  <end>2026-09-01T16:15:41.379113+00:00</end>
                </TimeSpan>
                <Point>
                  <coordinates>-80.57776806176655,37.1964375298218,0</coordinates>
                </Point>
              </Placemark>
              <Placemark>
                <name>Telemetry 25</name>
                <styleUrl>#modifiedtelemetry</styleUrl>
                <TimeSpan>
                  <begin>2026-09-01T16:15:41.379113+00:00</begin>
                  <end>2026-09-01T16:15:42.379113+00:00</end>
                </TimeSpan>
                <Point>
                  <coordinates>-80.57784172323511,37.1962376762061,0</coordinates>
                </Point>
              </Placemark>
              <Placemark>
                <name>Telemetry 26</name>
                <styleUrl>#modifiedtelemetry</styleUrl>
                <TimeSpan>
                  <begin>2026-09-01T16:15:42.379113+00:00</begin>
                  <end>2026-09-01T16:15:43.379113+00:00</end>
                </TimeSpan>
                <Point>
                  <coordinates>-80.5777311,37.1960563,0</coordinates>
                </Point>
              </Placemark>
              <Placemark>
                <name>Telemetry 27</name>
                <styleUrl>#modifiedtelemetry</styleUrl>
                <TimeSpan>
                  <begin>2026-09-01T16:15:43.379113+00:00</begin>
                  <end>2026-09-01T16:15:44.379113+00:00</end>
                </TimeSpan>
                <Point>
                  <coordinates>-80.57739321491916,37.19605837098315,0</coordinates>
                </Point>
              </Placemark>
              <Placemark>
                <name>Telemetry 28</name>
                <styleUrl>#modifiedtelemetry</styleUrl>
                <TimeSpan>
                  <begin>2026-09-01T16:15:44.379113+00:00</begin>
                  <end>2026-09-01T16:15:45.379113+00:00</end>
                </TimeSpan>
                <Point>
                  <coordinates>-80.5771357,37.1961151,0</coordinates>
                </Point>
              </Placemark>
              <Placemark>
                <name>Telemetry 29</name>
                <styleUrl>#modifiedtelemetry</styleUrl>
                <TimeSpan>
                  <begin>2026-09-01T16:15:45.379113+00:00</begin>
                  <end>2026-09-01T16:15:46.379113+00:00</end>
                </TimeSpan>
                <Point>
                  <coordinates>-80.5769627,37.1962283,0</coordinates>
                </Point>
              </Placemark>
              <Placemark>
                <name>Telemetry 30</name>
                <styleUrl>#modifiedtelemetry</styleUrl>
                <TimeSpan>
                  <begin>2026-09-01T16:15:46.379113+00:00</begin>
                  <end>2026-09-01T16:15:47.379113+00:00</end>
                </TimeSpan>
                <Point>
                  <coordinates>-80.5769184,37.1963885,0</coordinates>
                </Point>
              </Placemark>
              <Placemark>
                <name>Telemetry 31</name>
                <styleUrl>#modifiedtelemetry</styleUrl>
                <TimeSpan>
                  <begin>2026-09-01T16:15:47.379113+00:00</begin>
                  <end>2026-09-01T16:15:48.379113+00:00</end>
                </TimeSpan>
                <Point>
                  <coordinates>-80.5767347,37.1964356,0</coordinates>
                </Point>
              </Placemark>
              <Placemark>
                <name>Telemetry 32</name>
                <styleUrl>#modifiedtelemetry</styleUrl>
                <TimeSpan>
                  <begin>2026-09-01T16:15:48.379113+00:00</begin>
                  <end>2026-09-01T16:15:49.379113+00:00</end>
                </TimeSpan>
                <Point>
                  <coordinates>-80.5766366,37.1963538,0</coordinates>
                </Point>
              </Placemark>
              <Placemark>
                <name>Telemetry 33</name>
                <styleUrl>#modifiedtelemetry</styleUrl>
                <TimeSpan>
                  <begin>2026-09-01T16:15:49.379113+00:00</begin>
                  <end>2026-09-01T16:15:50.379113+00:00</end>
                </TimeSpan>
                <Point>
                  <coordinates>-80.5766634,37.1962096,0</coordinates>
                </Point>
              </Placemark>
              <Placemark>
                <name>Telemetry 34</name>
                <styleUrl>#modifiedtelemetry</styleUrl>
                <TimeSpan>
                  <begin>2026-09-01T16:15:50.379113+00:00</begin>
                  <end>2026-09-01T16:15:51.379113+00:00</end>
                </TimeSpan>
                <Point>
                  <coordinates>-80.5767707,37.1961284,0</coordinates>
                </Point>
              </Placemark>
              <Placemark>
                <name>Telemetry 35</name>
                <styleUrl>#modifiedtelemetry</styleUrl>
                <TimeSpan>
                  <begin>2026-09-01T16:15:51.379113+00:00</begin>
                  <end>2026-09-01T16:15:52.379113+00:00</end>
                </TimeSpan>
                <Point>
                  <coordinates>-80.5768887,37.1960493,0</coordinates>
                </Point>
              </Placemark>
              <Placemark>
                <name>Telemetry 36</name>
                <styleUrl>#modifiedtelemetry</styleUrl>
                <TimeSpan>
                  <begin>2026-09-01T16:15:52.379113+00:00</begin>
                  <end>2026-09-01T16:15:53.379113+00:00</end>
                </TimeSpan>
                <Point>
                  <coordinates>-80.5770684,37.1959745,0</coordinates>
                </Point>
              </Placemark>
              <Placemark>
                <name>Telemetry 37</name>
                <styleUrl>#modifiedtelemetry</styleUrl>
                <TimeSpan>
                  <begin>2026-09-01T16:15:53.379113+00:00</begin>
                  <end>2026-09-01T16:15:54.379113+00:00</end>
                </TimeSpan>
                <Point>
                  <coordinates>-80.5771757,37.19596070000001,0</coordinates>
                </Point>
              </Placemark>
              <Placemark>
                <name>Telemetry 38</name>
                <styleUrl>#modifiedtelemetry</styleUrl>
                <TimeSpan>
                  <begin>2026-09-01T16:15:54.379113+00:00</begin>
                  <end>2026-09-01T16:15:55.379113+00:00</end>
                </TimeSpan>
                <Point>
                  <coordinates>-80.5772937,37.19598200000001,0</coordinates>
                </Point>
              </Placemark>
              <Placemark>
                <name>Telemetry 39</name>
                <styleUrl>#modifiedtelemetry</styleUrl>
                <TimeSpan>
                  <begin>2026-09-01T16:15:55.379113+00:00</begin>
                  <end>2026-09-01T16:15:56.379113+00:00</end>
                </TimeSpan>
                <Point>
                  <coordinates>-80.5773326,37.1960942,0</coordinates>
                </Point>
              </Placemark>
              <Placemark>
                <name>Telemetry 40</name>
                <styleUrl>#modifiedtelemetry</styleUrl>
                <TimeSpan>
                  <begin>2026-09-01T16:15:56.379113+00:00</begin>
                  <end>2026-09-01T16:15:57.379113+00:00</end>
                </TimeSpan>
                <Point>
                  <coordinates>-80.577283,37.19619780000001,0</coordinates>
                </Point>
              </Placemark>
              <Placemark>
                <name>Telemetry 41</name>
                <styleUrl>#modifiedtelemetry</styleUrl>
                <TimeSpan>
                  <begin>2026-09-01T16:15:57.379113+00:00</begin>
                  <end>2026-09-01T16:15:58.379113+00:00</end>
                </TimeSpan>
                <Point>
                  <coordinates>-80.5772602,37.1963495,0</coordinates>
                </Point>
              </Placemark>
              <Placemark>
                <name>Telemetry 42</name>
                <styleUrl>#modifiedtelemetry</styleUrl>
                <TimeSpan>
                  <begin>2026-09-01T16:15:58.379113+00:00</begin>
                  <end>2026-09-01T16:15:59.379113+00:00</end>
                </TimeSpan>
                <Point>
                  <coordinates>-80.5772817,37.1964692,0</coordinates>
                </Point>
              </Placemark>
              <Placemark>
                <name>Telemetry 43</name>
                <styleUrl>#modifiedtelemetry</styleUrl>
                <TimeSpan>
                  <begin>2026-09-01T16:15:59.379113+00:00</begin>
                  <end>2026-09-01T16:16:00.379113+00:00</end>
                </TimeSpan>
                <Point>
                  <coordinates>-80.5773863,37.1965546,0</coordinates>
                </Point>
              </Placemark>
              <Placemark>
                <name>Telemetry 44</name>
                <styleUrl>#modifiedtelemetry</styleUrl>
                <TimeSpan>
                  <begin>2026-09-01T16:16:00.379113+00:00</begin>
                  <end>2026-09-01T16:16:01.379113+00:00</end>
                </TimeSpan>
                <Point>
                  <coordinates>-80.5775406,37.1965589,0</coordinates>
                </Point>
              </Placemark>
              <Placemark>
                <name>Telemetry 45</name>
                <styleUrl>#modifiedtelemetry</styleUrl>
                <TimeSpan>
                  <begin>2026-09-01T16:16:01.379113+00:00</begin>
                  <end>2026-09-01T16:16:02.379113+00:00</end>
                </TimeSpan>
                <Point>
                  <coordinates>-80.57763850000002,37.1965782,0</coordinates>
                </Point>
              </Placemark>
              <Placemark>
                <name>Telemetry 46</name>
                <styleUrl>#modifiedtelemetry</styleUrl>
                <TimeSpan>
                  <begin>2026-09-01T16:16:02.379113+00:00</begin>
                  <end>2026-09-01T16:16:03.379113+00:00</end>
                </TimeSpan>
                <Point>
                  <coordinates>-80.57763850000002,37.1966679,0</coordinates>
                </Point>
              </Placemark>
              <Placemark>
                <name>Telemetry 47</name>
                <styleUrl>#modifiedtelemetry</styleUrl>
                <TimeSpan>
                  <begin>2026-09-01T16:16:03.379113+00:00</begin>
                  <end>2026-09-01T16:16:04.379113+00:00</end>
                </TimeSpan>
                <Point>
                  <coordinates>-80.5775473,37.1967074,0</coordinates>
                </Point>
              </Placemark>
              <Placemark>
                <name>Telemetry 48</name>
                <styleUrl>#modifiedtelemetry</styleUrl>
                <TimeSpan>
                  <begin>2026-09-01T16:16:04.379113+00:00</begin>
                  <end>2026-09-01T16:16:05.379113+00:00</end>
                </TimeSpan>
                <Point>
                  <coordinates>-80.5773823,37.1966967,0</coordinates>
                </Point>
              </Placemark>
              <Placemark>
                <name>Telemetry 49</name>
                <styleUrl>#modifiedtelemetry</styleUrl>
                <TimeSpan>
                  <begin>2026-09-01T16:16:05.379113+00:00</begin>
                  <end>2026-09-01T16:16:06.379113+00:00</end>
                </TimeSpan>
                <Point>
                  <coordinates>-80.5773421,37.1966241,0</coordinates>
                </Point>
              </Placemark>
              <Placemark>
                <name>Telemetry 50</name>
                <styleUrl>#modifiedtelemetry</styleUrl>
                <TimeSpan>
                  <begin>2026-09-01T16:16:06.379113+00:00</begin>
                  <end>2026-09-01T16:16:07.379113+00:00</end>
                </TimeSpan>
                <Point>
                  <coordinates>-80.5773005,37.196528,0</coordinates>
                </Point>
              </Placemark>
              <Placemark>
                <name>Telemetry 51</name>
                <styleUrl>#modifiedtelemetry</styleUrl>
                <TimeSpan>
                  <begin>2026-09-01T16:16:07.379113+00:00</begin>
                  <end>2026-09-01T16:16:08.379113+00:00</end>
                </TimeSpan>
                <Point>
                  <coordinates>-80.5771557,37.1965055,0</coordinates>
                </Point>
              </Placemark>
              <Placemark>
                <name>Telemetry 52</name>
                <styleUrl>#modifiedtelemetry</styleUrl>
                <TimeSpan>
                  <begin>2026-09-01T16:16:08.379113+00:00</begin>
                  <end>2026-09-01T16:16:09.379113+00:00</end>
                </TimeSpan>
                <Point>
                  <coordinates>-80.5770457,37.19654400000001,0</coordinates>
                </Point>
              </Placemark>
              <Placemark>
                <name>Telemetry 53</name>
                <styleUrl>#modifiedtelemetry</styleUrl>
                <TimeSpan>
                  <begin>2026-09-01T16:16:09.379113+00:00</begin>
                  <end>2026-09-01T16:16:10.379113+00:00</end>
                </TimeSpan>
                <Point>
                  <coordinates>-80.5768834,37.19654500000001,0</coordinates>
                </Point>
              </Placemark>
              <Placemark>
                <name>Telemetry 54</name>
                <styleUrl>#modifiedtelemetry</styleUrl>
                <TimeSpan>
                  <begin>2026-09-01T16:16:10.379113+00:00</begin>
                  <end>2026-09-01T16:16:11.379113+00:00</end>
                </TimeSpan>
                <Point>
                  <coordinates>-80.5767869,37.1964831,0</coordinates>
                </Point>
              </Placemark>
              <Placemark>
                <name>Telemetry 55</name>
                <styleUrl>#modifiedtelemetry</styleUrl>
                <TimeSpan>
                  <begin>2026-09-01T16:16:11.379113+00:00</begin>
                  <end>2026-09-01T16:16:12.379113+00:00</end>
                </TimeSpan>
                <Point>
                  <coordinates>-80.5767547,37.1964083,0</coordinates>
                </Point>
              </Placemark>
              <Placemark>
                <name>Telemetry 56</name>
                <styleUrl>#modifiedtelemetry</styleUrl>
                <TimeSpan>
                  <begin>2026-09-01T16:16:12.379113+00:00</begin>
                  <end>2026-09-01T16:16:13.379113+00:00</end>
                </TimeSpan>
                <Point>
                  <coordinates>-80.5767587,37.1963228,0</coordinates>
                </Point>
              </Placemark>
              <Placemark>
                <name>Telemetry 57</name>
                <styleUrl>#modifiedtelemetry</styleUrl>
                <TimeSpan>
                  <begin>2026-09-01T16:16:13.379113+00:00</begin>
                  <end>2026-09-01T16:16:14.379113+00:00</end>
                </TimeSpan>
                <Point>
                  <coordinates>-80.5767587,37.1961893,0</coordinates>
                </Point>
              </Placemark>
              <Placemark>
                <name>Telemetry 58</name>
                <styleUrl>#modifiedtelemetry</styleUrl>
                <TimeSpan>
                  <begin>2026-09-01T16:16:14.379113+00:00</begin>
                  <end>2026-09-01T16:16:15.379113+00:00</end>
                </TimeSpan>
                <Point>
                  <coordinates>-80.5766836,37.1961348,0</coordinates>
                </Point>
              </Placemark>
              <Placemark>
                <name>Telemetry 59</name>
                <styleUrl>#modifiedtelemetry</styleUrl>
                <TimeSpan>
                  <begin>2026-09-01T16:16:15.379113+00:00</begin>
                  <end>2026-09-01T16:16:16.379113+00:00</end>
                </TimeSpan>
                <Point>
                  <coordinates>-80.5766836,37.1960205,0</coordinates>
                </Point>
              </Placemark>
              <Placemark>
                <name>Telemetry 60</name>
                <styleUrl>#modifiedtelemetry</styleUrl>
                <TimeSpan>
                  <begin>2026-09-01T16:16:16.379113+00:00</begin>
                  <end>2026-09-01T16:16:17.379113+00:00</end>
                </TimeSpan>
                <Point>
                  <coordinates>-80.5767896,37.1960077,0</coordinates>
                </Point>
              </Placemark>
              <Placemark>
                <name>Telemetry 61</name>
                <styleUrl>#modifiedtelemetry</styleUrl>
                <TimeSpan>
                  <begin>2026-09-01T16:16:17.379113+00:00</begin>
                  <end>2026-09-01T16:16:18.379113+00:00</end>
                </TimeSpan>
                <Point>
                  <coordinates>-80.5769277,37.1959671,0</coordinates>
                </Point>
              </Placemark>
              <Placemark>
                <name>Telemetry 62</name>
                <styleUrl>#modifiedtelemetry</styleUrl>
                <TimeSpan>
                  <begin>2026-09-01T16:16:18.379113+00:00</begin>
                  <end>2026-09-01T16:16:19.379113+00:00</end>
                </TimeSpan>
                <Point>
                  <coordinates>-80.5770806,37.1959051,0</coordinates>
                </Point>
              </Placemark>
              <Placemark>
                <name>Telemetry 63</name>
                <styleUrl>#modifiedtelemetry</styleUrl>
                <TimeSpan>
                  <begin>2026-09-01T16:16:19.379113+00:00</begin>
                  <end>2026-09-01T16:16:20.379113+00:00</end>
                </TimeSpan>
                <Point>
                  <coordinates>-80.5771999,37.195896600000005,0</coordinates>
                </Point>
              </Placemark>
            </Folder>
          </Folder>
        </Folder>
        <Folder>
          <name>Service Provider polling</name>
        </Folder>
        <Folder>
          <name>Service Provider polling</name>
        </Folder>
        <Folder>
          <name>Service Provider polling</name>
        </Folder>
        <Folder>
          <name>Service Provider polling</name>
        </Folder>
        <Folder>
          <name>Service Provider polling</name>
        </Folder>
        <Folder>
          <name>Verify operator notification</name>
        </Folder>
        <Folder>
          <name>Intermediate cleanup</name>
        </Folder>
        <Folder>
          <name>Retrieve pre-existing operator notification</name>
        </Folder>
        <Folder>
          <name>Injection</name>
          <Folder>
            <name>E124: uss2 interuss.automated_testing.rid.v1.injection.createTest</name>
            <Folder>
              <name>Test flight 790a1215-dae2-4a87-b972-ac00574a3725</name>
              <Placemark>
                <name>Telemetry 0</name>
                <styleUrl>#modifiedtelemetry</styleUrl>
                <TimeSpan>
                  <begin>2026-09-01T16:15:26.878268+00:00</begin>
                  <end>2026-09-01T16:15:27.878268+00:00</end>
                </TimeSpan>
                <Point>
                  <coordinates>-80.57798081614081,37.197059404721635,0</coordinates>
                </Point>
              </Placemark>
              <Placemark>
                <name>Telemetry 1</name>
                <styleUrl>#modifiedtelemetry</styleUrl>
                <TimeSpan>
                  <begin>2026-09-01T16:15:27.878268+00:00</begin>
                  <end>2026-09-01T16:15:28.878268+00:00</end>
                </TimeSpan>
                <Point>
                  <coordinates>-80.57798798375362,37.197016214133484,0</coordinates>
                </Point>
              </Placemark>
              <Placemark>
                <name>Telemetry 2</name>
                <styleUrl>#modifiedtelemetry</styleUrl>
                <TimeSpan>
                  <begin>2026-09-01T16:15:28.878268+00:00</begin>
                  <end>2026-09-01T16:15:29.878268+00:00</end>
                </TimeSpan>
                <Point>
                  <coordinates>-80.57800212690604,37.196972734164305,0</coordinates>
                </Point>
              </Placemark>
              <Placemark>
                <name>Telemetry 3</name>
                <styleUrl>#modifiedtelemetry</styleUrl>
                <TimeSpan>
                  <begin>2026-09-01T16:15:29.878268+00:00</begin>
                  <end>2026-09-01T16:15:30.878268+00:00</end>
                </TimeSpan>
                <Point>
                  <coordinates>-80.57802342452034,37.196931703788785,0</coordinates>
                </Point>
              </Placemark>
              <Placemark>
                <name>Telemetry 4</name>
                <styleUrl>#modifiedtelemetry</styleUrl>
                <TimeSpan>
                  <begin>2026-09-01T16:15:30.878268+00:00</begin>
                  <end>2026-09-01T16:15:31.878268+00:00</end>
                </TimeSpan>
                <Point>
                  <coordinates>-80.57805344862881,37.19689368575391,0</coordinates>
                </Point>
              </Placemark>
              <Placemark>
                <name>Telemetry 5</name>
                <styleUrl>#modifiedtelemetry</styleUrl>
                <TimeSpan>
                  <begin>2026-09-01T16:15:31.878268+00:00</begin>
                  <end>2026-09-01T16:15:32.878268+00:00</end>
                </TimeSpan>
                <Point>
                  <coordinates>-80.57808720822365,37.19685213076737,0</coordinates>
                </Point>
              </Placemark>
              <Placemark>
                <name>Telemetry 6</name>
                <styleUrl>#modifiedtelemetry</styleUrl>
                <TimeSpan>
                  <begin>2026-09-01T16:15:32.878268+00:00</begin>
                  <end>2026-09-01T16:15:33.878268+00:00</end>
                </TimeSpan>
                <Point>
                  <coordinates>-80.57811722777369,37.19680923519623,0</coordinates>
                </Point>
              </Placemark>
              <Placemark>
                <name>Telemetry 7</name>
                <styleUrl>#modifiedtelemetry</styleUrl>
                <TimeSpan>
                  <begin>2026-09-01T16:15:33.878268+00:00</begin>
                  <end>2026-09-01T16:15:34.878268+00:00</end>
                </TimeSpan>
                <Point>
                  <coordinates>-80.5781323958596,37.1967658046547,0</coordinates>
                </Point>
              </Placemark>
              <Placemark>
                <name>Telemetry 8</name>
                <styleUrl>#modifiedtelemetry</styleUrl>
                <TimeSpan>
                  <begin>2026-09-01T16:15:34.878268+00:00</begin>
                  <end>2026-09-01T16:15:35.878268+00:00</end>
                </TimeSpan>
                <Point>
                  <coordinates>-80.57814392771789,37.19670166260832,0</coordinates>
                </Point>
              </Placemark>
              <Placemark>
                <name>Telemetry 9</name>
                <styleUrl>#modifiedtelemetry</styleUrl>
                <TimeSpan>
                  <begin>2026-09-01T16:15:35.878268+00:00</begin>
                  <end>2026-09-01T16:15:36.878268+00:00</end>
                </TimeSpan>
                <Point>
                  <coordinates>-80.57812974002694,37.19663489860375,0</coordinates>
                </Point>
              </Placemark>
              <Placemark>
                <name>Telemetry 10</name>
                <styleUrl>#modifiedtelemetry</styleUrl>
                <TimeSpan>
                  <begin>2026-09-01T16:15:36.878268+00:00</begin>
                  <end>2026-09-01T16:15:37.878268+00:00</end>
                </TimeSpan>
                <Point>
                  <coordinates>-80.57808680009781,37.19657292090538,0</coordinates>
                </Point>
              </Placemark>
              <Placemark>
                <name>Telemetry 11</name>
                <styleUrl>#modifiedtelemetry</styleUrl>
                <TimeSpan>
                  <begin>2026-09-01T16:15:37.878268+00:00</begin>
                  <end>2026-09-01T16:15:38.878268+00:00</end>
                </TimeSpan>
                <Point>
                  <coordinates>-80.57801685035301,37.19652877181478,0</coordinates>
                </Point>
              </Placemark>
              <Placemark>
                <name>Telemetry 12</name>
                <styleUrl>#modifiedtelemetry</styleUrl>
                <TimeSpan>
                  <begin>2026-09-01T16:15:38.878268+00:00</begin>
                  <end>2026-09-01T16:15:39.878268+00:00</end>
                </TimeSpan>
                <Point>
                  <coordinates>-80.57795541973255,37.19650790849303,0</coordinates>
                </Point>
              </Placemark>
              <Placemark>
                <name>Telemetry 13</name>
                <styleUrl>#modifiedtelemetry</styleUrl>
                <TimeSpan>
                  <begin>2026-09-01T16:15:39.878268+00:00</begin>
                  <end>2026-09-01T16:15:40.878268+00:00</end>
                </TimeSpan>
                <Point>
                  <coordinates>-80.57779490248247,37.19643592110631,0</coordinates>
                </Point>
              </Placemark>
              <Placemark>
                <name>Telemetry 14</name>
                <styleUrl>#modifiedtelemetry</styleUrl>
                <TimeSpan>
                  <begin>2026-09-01T16:15:40.878268+00:00</begin>
                  <end>2026-09-01T16:15:41.878268+00:00</end>
                </TimeSpan>
                <Point>
                  <coordinates>-80.57771381708879,37.19639543761661,0</coordinates>
                </Point>
              </Placemark>
              <Placemark>
                <name>Telemetry 15</name>
                <styleUrl>#modifiedtelemetry</styleUrl>
                <TimeSpan>
                  <begin>2026-09-01T16:15:41.878268+00:00</begin>
                  <end>2026-09-01T16:15:42.878268+00:00</end>
                </TimeSpan>
                <Point>
                  <coordinates>-80.5776456115435,37.19635960981006,0</coordinates>
                </Point>
              </Placemark>
              <Placemark>
                <name>Telemetry 16</name>
                <styleUrl>#modifiedtelemetry</styleUrl>
                <TimeSpan>
                  <begin>2026-09-01T16:15:42.878268+00:00</begin>
                  <end>2026-09-01T16:15:43.878268+00:00</end>
                </TimeSpan>
                <Point>
                  <coordinates>-80.57757190904874,37.19632841915715,0</coordinates>
                </Point>
              </Placemark>
              <Placemark>
                <name>Telemetry 17</name>
                <styleUrl>#modifiedtelemetry</styleUrl>
                <TimeSpan>
                  <begin>2026-09-01T16:15:43.878268+00:00</begin>
                  <end>2026-09-01T16:15:44.878268+00:00</end>
                </TimeSpan>
                <Point>
                  <coordinates>-80.57751114071674,37.19631735230622,0</coordinates>
                </Point>
              </Placemark>
              <Placemark>
                <name>Telemetry 18</name>
                <styleUrl>#modifiedtelemetry</styleUrl>
                <TimeSpan>
                  <begin>2026-09-01T16:15:44.878268+00:00</begin>
                  <end>2026-09-01T16:15:45.878268+00:00</end>
                </TimeSpan>
                <Point>
                  <coordinates>-80.57742677046657,37.19631370494702,0</coordinates>
                </Point>
              </Placemark>
              <Placemark>
                <name>Telemetry 19</name>
                <styleUrl>#modifiedtelemetry</styleUrl>
                <TimeSpan>
                  <begin>2026-09-01T16:15:45.878268+00:00</begin>
                  <end>2026-09-01T16:15:46.878268+00:00</end>
                </TimeSpan>
                <Point>
                  <coordinates>-80.5773706,37.1963054,0</coordinates>
                </Point>
              </Placemark>
              <Placemark>
                <name>Telemetry 20</name>
                <styleUrl>#modifiedtelemetry</styleUrl>
                <TimeSpan>
                  <begin>2026-09-01T16:15:46.878268+00:00</begin>
                  <end>2026-09-01T16:15:47.878268+00:00</end>
                </TimeSpan>
                <Point>
                  <coordinates>-80.5771453,37.1963577,0</coordinates>
                </Point>
              </Placemark>
              <Placemark>
                <name>Telemetry 21</name>
                <styleUrl>#modifiedtelemetry</styleUrl>
                <TimeSpan>
                  <begin>2026-09-01T16:15:47.878268+00:00</begin>
                  <end>2026-09-01T16:15:48.878268+00:00</end>
                </TimeSpan>
                <Point>
                  <coordinates>-80.5771265,37.1965735,0</coordinates>
                </Point>
              </Placemark>
              <Placemark>
                <name>Telemetry 22</name>
                <styleUrl>#modifiedtelemetry</styleUrl>
                <TimeSpan>
                  <begin>2026-09-01T16:15:48.878268+00:00</begin>
                  <end>2026-09-01T16:15:49.878268+00:00</end>
                </TimeSpan>
                <Point>
                  <coordinates>-80.57744590087025,37.19665029738701,0</coordinates>
                </Point>
              </Placemark>
              <Placemark>
                <name>Telemetry 23</name>
                <styleUrl>#modifiedtelemetry</styleUrl>
                <TimeSpan>
                  <begin>2026-09-01T16:15:49.878268+00:00</begin>
                  <end>2026-09-01T16:15:50.878268+00:00</end>
                </TimeSpan>
                <Point>
                  <coordinates>-80.5776442,37.1966013,0</coordinates>
                </Point>
              </Placemark>
              <Placemark>
                <name>Telemetry 24</name>
                <styleUrl>#modifiedtelemetry</styleUrl>
                <TimeSpan>
                  <begin>2026-09-01T16:15:50.878268+00:00</begin>
                  <end>2026-09-01T16:15:51.878268+00:00</end>
                </TimeSpan>
                <Point>
                  <coordinates>-80.57776806176655,37.1964375298218,0</coordinates>
                </Point>
              </Placemark>
              <Placemark>
                <name>Telemetry 25</name>
                <styleUrl>#modifiedtelemetry</styleUrl>
                <TimeSpan>
                  <begin>2026-09-01T16:15:51.878268+00:00</begin>
                  <end>2026-09-01T16:15:52.878268+00:00</end>
                </TimeSpan>
                <Point>
                  <coordinates>-80.57784172323511,37.1962376762061,0</coordinates>
                </Point>
              </Placemark>
              <Placemark>
                <name>Telemetry 26</name>
                <styleUrl>#modifiedtelemetry</styleUrl>
                <TimeSpan>
                  <begin>2026-09-01T16:15:52.878268+00:00</begin>
                  <end>2026-09-01T16:15:53.878268+00:00</end>
                </TimeSpan>
                <Point>
                  <coordinates>-80.5777311,37.1960563,0</coordinates>
                </Point>
              </Placemark>
              <Placemark>
                <name>Telemetry 27</name>
                <styleUrl>#modifiedtelemetry</styleUrl>
                <TimeSpan>
                  <begin>2026-09-01T16:15:53.878268+00:00</begin>
                  <end>2026-09-01T16:15:54.878268+00:00</end>
                </TimeSpan>
                <Point>
                  <coordinates>-80.57739321491916,37.19605837098315,0</coordinates>
                </Point>
              </Placemark>
              <Placemark>
                <name>Telemetry 28</name>
                <styleUrl>#modifiedtelemetry</styleUrl>
                <TimeSpan>
                  <begin>2026-09-01T16:15:54.878268+00:00</begin>
                  <end>2026-09-01T16:15:55.878268+00:00</end>
                </TimeSpan>
                <Point>
                  <coordinates>-80.5771357,37.1961151,0</coordinates>
                </Point>
              </Placemark>
              <Placemark>
                <name>Telemetry 29</name>
                <styleUrl>#modifiedtelemetry</styleUrl>
                <TimeSpan>
                  <begin>2026-09-01T16:15:55.878268+00:00</begin>
                  <end>2026-09-01T16:15:56.878268+00:00</end>
                </TimeSpan>
                <Point>
                  <coordinates>-80.5769627,37.1962283,0</coordinates>
                </Point>
              </Placemark>
              <Placemark>
                <name>Telemetry 30</name>
                <styleUrl>#modifiedtelemetry</styleUrl>
                <TimeSpan>
                  <begin>2026-09-01T16:15:56.878268+00:00</begin>
                  <end>2026-09-01T16:15:57.878268+00:00</end>
                </TimeSpan>
                <Point>
                  <coordinates>-80.5769184,37.1963885,0</coordinates>
                </Point>
              </Placemark>
              <Placemark>
                <name>Telemetry 31</name>
                <styleUrl>#modifiedtelemetry</styleUrl>
                <TimeSpan>
                  <begin>2026-09-01T16:15:57.878268+00:00</begin>
                  <end>2026-09-01T16:15:58.878268+00:00</end>
                </TimeSpan>
                <Point>
                  <coordinates>-80.5767347,37.1964356,0</coordinates>
                </Point>
              </Placemark>
              <Placemark>
                <name>Telemetry 32</name>
                <styleUrl>#modifiedtelemetry</styleUrl>
                <TimeSpan>
                  <begin>2026-09-01T16:15:58.878268+00:00</begin>
                  <end>2026-09-01T16:15:59.878268+00:00</end>
                </TimeSpan>
                <Point>
                  <coordinates>-80.5766366,37.1963538,0</coordinates>
                </Point>
              </Placemark>
              <Placemark>
                <name>Telemetry 33</name>
                <styleUrl>#modifiedtelemetry</styleUrl>
                <TimeSpan>
                  <begin>2026-09-01T16:15:59.878268+00:00</begin>
                  <end>2026-09-01T16:16:00.878268+00:00</end>
                </TimeSpan>
                <Point>
                  <coordinates>-80.5766634,37.1962096,0</coordinates>
                </Point>
              </Placemark>
              <Placemark>
                <name>Telemetry 34</name>
                <styleUrl>#modifiedtelemetry</styleUrl>
                <TimeSpan>
                  <begin>2026-09-01T16:16:00.878268+00:00</begin>
                  <end>2026-09-01T16:16:01.878268+00:00</end>
                </TimeSpan>
                <Point>
                  <coordinates>-80.5767707,37.1961284,0</coordinates>
                </Point>
              </Placemark>
              <Placemark>
                <name>Telemetry 35</name>
                <styleUrl>#modifiedtelemetry</styleUrl>
                <TimeSpan>
                  <begin>2026-09-01T16:16:01.878268+00:00</begin>
                  <end>2026-09-01T16:16:02.878268+00:00</end>
                </TimeSpan>
                <Point>
                  <coordinates>-80.5768887,37.1960493,0</coordinates>
                </Point>
              </Placemark>
              <Placemark>
                <name>Telemetry 36</name>
                <styleUrl>#modifiedtelemetry</styleUrl>
                <TimeSpan>
                  <begin>2026-09-01T16:16:02.878268+00:00</begin>
                  <end>2026-09-01T16:16:03.878268+00:00</end>
                </TimeSpan>
                <Point>
                  <coordinates>-80.5770684,37.1959745,0</coordinates>
                </Point>
              </Placemark>
              <Placemark>
                <name>Telemetry 37</name>
                <styleUrl>#modifiedtelemetry</styleUrl>
                <TimeSpan>
                  <begin>2026-09-01T16:16:03.878268+00:00</begin>
                  <end>2026-09-01T16:16:04.878268+00:00</end>
                </TimeSpan>
                <Point>
                  <coordinates>-80.5771757,37.19596070000001,0</coordinates>
                </Point>
              </Placemark>
              <Placemark>
                <name>Telemetry 38</name>
                <styleUrl>#modifiedtelemetry</styleUrl>
                <TimeSpan>
                  <begin>2026-09-01T16:16:04.878268+00:00</begin>
                  <end>2026-09-01T16:16:05.878268+00:00</end>
                </TimeSpan>
                <Point>
                  <coordinates>-80.5772937,37.19598200000001,0</coordinates>
                </Point>
              </Placemark>
              <Placemark>
                <name>Telemetry 39</name>
                <styleUrl>#modifiedtelemetry</styleUrl>
                <TimeSpan>
                  <begin>2026-09-01T16:16:05.878268+00:00</begin>
                  <end>2026-09-01T16:16:06.878268+00:00</end>
                </TimeSpan>
                <Point>
                  <coordinates>-80.5773326,37.1960942,0</coordinates>
                </Point>
              </Placemark>
              <Placemark>
                <name>Telemetry 40</name>
                <styleUrl>#modifiedtelemetry</styleUrl>
                <TimeSpan>
                  <begin>2026-09-01T16:16:06.878268+00:00</begin>
                  <end>2026-09-01T16:16:07.878268+00:00</end>
                </TimeSpan>
                <Point>
                  <coordinates>-80.577283,37.19619780000001,0</coordinates>
                </Point>
              </Placemark>
              <Placemark>
                <name>Telemetry 41</name>
                <styleUrl>#modifiedtelemetry</styleUrl>
                <TimeSpan>
                  <begin>2026-09-01T16:16:07.878268+00:00</begin>
                  <end>2026-09-01T16:16:08.878268+00:00</end>
                </TimeSpan>
                <Point>
                  <coordinates>-80.5772602,37.1963495,0</coordinates>
                </Point>
              </Placemark>
              <Placemark>
                <name>Telemetry 42</name>
                <styleUrl>#modifiedtelemetry</styleUrl>
                <TimeSpan>
                  <begin>2026-09-01T16:16:08.878268+00:00</begin>
                  <end>2026-09-01T16:16:09.878268+00:00</end>
                </TimeSpan>
                <Point>
                  <coordinates>-80.5772817,37.1964692,0</coordinates>
                </Point>
              </Placemark>
              <Placemark>
                <name>Telemetry 43</name>
                <styleUrl>#modifiedtelemetry</styleUrl>
                <TimeSpan>
                  <begin>2026-09-01T16:16:09.878268+00:00</begin>
                  <end>2026-09-01T16:16:10.878268+00:00</end>
                </TimeSpan>
                <Point>
                  <coordinates>-80.5773863,37.1965546,0</coordinates>
                </Point>
              </Placemark>
              <Placemark>
                <name>Telemetry 44</name>
                <styleUrl>#modifiedtelemetry</styleUrl>
                <TimeSpan>
                  <begin>2026-09-01T16:16:10.878268+00:00</begin>
                  <end>2026-09-01T16:16:11.878268+00:00</end>
                </TimeSpan>
                <Point>
                  <coordinates>-80.5775406,37.1965589,0</coordinates>
                </Point>
              </Placemark>
              <Placemark>
                <name>Telemetry 45</name>
                <styleUrl>#modifiedtelemetry</styleUrl>
                <TimeSpan>
                  <begin>2026-09-01T16:16:11.878268+00:00</begin>
                  <end>2026-09-01T16:16:12.878268+00:00</end>
                </TimeSpan>
                <Point>
                  <coordinates>-80.57763850000002,37.1965782,0</coordinates>
                </Point>
              </Placemark>
              <Placemark>
                <name>Telemetry 46</name>
                <styleUrl>#modifiedtelemetry</styleUrl>
                <TimeSpan>
                  <begin>2026-09-01T16:16:12.878268+00:00</begin>
                  <end>2026-09-01T16:16:13.878268+00:00</end>
                </TimeSpan>
                <Point>
                  <coordinates>-80.57763850000002,37.1966679,0</coordinates>
                </Point>
              </Placemark>
              <Placemark>
                <name>Telemetry 47</name>
                <styleUrl>#modifiedtelemetry</styleUrl>
                <TimeSpan>
                  <begin>2026-09-01T16:16:13.878268+00:00</begin>
                  <end>2026-09-01T16:16:14.878268+00:00</end>
                </TimeSpan>
                <Point>
                  <coordinates>-80.5775473,37.1967074,0</coordinates>
                </Point>
              </Placemark>
              <Placemark>
                <name>Telemetry 48</name>
                <styleUrl>#modifiedtelemetry</styleUrl>
                <TimeSpan>
                  <begin>2026-09-01T16:16:14.878268+00:00</begin>
                  <end>2026-09-01T16:16:15.878268+00:00</end>
                </TimeSpan>
                <Point>
                  <coordinates>-80.5773823,37.1966967,0</coordinates>
                </Point>
              </Placemark>
              <Placemark>
                <name>Telemetry 49</name>
                <styleUrl>#modifiedtelemetry</styleUrl>
                <TimeSpan>
                  <begin>2026-09-01T16:16:15.878268+00:00</begin>
                  <end>2026-09-01T16:16:16.878268+00:00</end>
                </TimeSpan>
                <Point>
                  <coordinates>-80.5773421,37.1966241,0</coordinates>
                </Point>
              </Placemark>
              <Placemark>
                <name>Telemetry 50</name>
                <styleUrl>#modifiedtelemetry</styleUrl>
                <TimeSpan>
                  <begin>2026-09-01T16:16:16.878268+00:00</begin>
                  <end>2026-09-01T16:16:17.878268+00:00</end>
                </TimeSpan>
                <Point>
                  <coordinates>-80.5773005,37.196528,0</coordinates>
                </Point>
              </Placemark>
              <Placemark>
                <name>Telemetry 51</name>
                <styleUrl>#modifiedtelemetry</styleUrl>
                <TimeSpan>
                  <begin>2026-09-01T16:16:17.878268+00:00</begin>
                  <end>2026-09-01T16:16:18.878268+00:00</end>
                </TimeSpan>
                <Point>
                  <coordinates>-80.5771557,37.1965055,0</coordinates>
                </Point>
              </Placemark>
              <Placemark>
                <name>Telemetry 52</name>
                <styleUrl>#modifiedtelemetry</styleUrl>
                <TimeSpan>
                  <begin>2026-09-01T16:16:18.878268+00:00</begin>
                  <end>2026-09-01T16:16:19.878268+00:00</end>
                </TimeSpan>
                <Point>
                  <coordinates>-80.5770457,37.19654400000001,0</coordinates>
                </Point>
              </Placemark>
              <Placemark>
                <name>Telemetry 53</name>
                <styleUrl>#modifiedtelemetry</styleUrl>
                <TimeSpan>
                  <begin>2026-09-01T16:16:19.878268+00:00</begin>
                  <end>2026-09-01T16:16:20.878268+00:00</end>
                </TimeSpan>
                <Point>
                  <coordinates>-80.5768834,37.19654500000001,0</coordinates>
                </Point>
              </Placemark>
              <Placemark>
                <name>Telemetry 54</name>
                <styleUrl>#modifiedtelemetry</styleUrl>
                <TimeSpan>
                  <begin>2026-09-01T16:16:20.878268+00:00</begin>
                  <end>2026-09-01T16:16:21.878268+00:00</end>
                </TimeSpan>
                <Point>
                  <coordinates>-80.5767869,37.1964831,0</coordinates>
                </Point>
              </Placemark>
              <Placemark>
                <name>Telemetry 55</name>
                <styleUrl>#modifiedtelemetry</styleUrl>
                <TimeSpan>
                  <begin>2026-09-01T16:16:21.878268+00:00</begin>
                  <end>2026-09-01T16:16:22.878268+00:00</end>
                </TimeSpan>
                <Point>
                  <coordinates>-80.5767547,37.1964083,0</coordinates>
                </Point>
              </Placemark>
              <Placemark>
                <name>Telemetry 56</name>
                <styleUrl>#modifiedtelemetry</styleUrl>
                <TimeSpan>
                  <begin>2026-09-01T16:16:22.878268+00:00</begin>
                  <end>2026-09-01T16:16:23.878268+00:00</end>
                </TimeSpan>
                <Point>
                  <coordinates>-80.5767587,37.1963228,0</coordinates>
                </Point>
              </Placemark>
              <Placemark>
                <name>Telemetry 57</name>
                <styleUrl>#modifiedtelemetry</styleUrl>
                <TimeSpan>
                  <begin>2026-09-01T16:16:23.878268+00:00</begin>
                  <end>2026-09-01T16:16:24.878268+00:00</end>
                </TimeSpan>
                <Point>
                  <coordinates>-80.5767587,37.1961893,0</coordinates>
                </Point>
              </Placemark>
              <Placemark>
                <name>Telemetry 58</name>
                <styleUrl>#modifiedtelemetry</styleUrl>
                <TimeSpan>
                  <begin>2026-09-01T16:16:24.878268+00:00</begin>
                  <end>2026-09-01T16:16:25.878268+00:00</end>
                </TimeSpan>
                <Point>
                  <coordinates>-80.5766836,37.1961348,0</coordinates>
                </Point>
              </Placemark>
              <Placemark>
                <name>Telemetry 59</name>
                <styleUrl>#modifiedtelemetry</styleUrl>
                <TimeSpan>
                  <begin>2026-09-01T16:16:25.878268+00:00</begin>
                  <end>2026-09-01T16:16:26.878268+00:00</end>
                </TimeSpan>
                <Point>
                  <coordinates>-80.5766836,37.1960205,0</coordinates>
                </Point>
              </Placemark>
              <Placemark>
                <name>Telemetry 60</name>
                <styleUrl>#modifiedtelemetry</styleUrl>
                <TimeSpan>
                  <begin>2026-09-01T16:16:26.878268+00:00</begin>
                  <end>2026-09-01T16:16:27.878268+00:00</end>
                </TimeSpan>
                <Point>
                  <coordinates>-80.5767896,37.1960077,0</coordinates>
                </Point>
              </Placemark>
              <Placemark>
                <name>Telemetry 61</name>
                <styleUrl>#modifiedtelemetry</styleUrl>
                <TimeSpan>
                  <begin>2026-09-01T16:16:27.878268+00:00</begin>
                  <end>2026-09-01T16:16:28.878268+00:00</end>
                </TimeSpan>
                <Point>
                  <coordinates>-80.5769277,37.1959671,0</coordinates>
                </Point>
              </Placemark>
              <Placemark>
                <name>Telemetry 62</name>
                <styleUrl>#modifiedtelemetry</styleUrl>
                <TimeSpan>
                  <begin>2026-09-01T16:16:28.878268+00:00</begin>
                  <end>2026-09-01T16:16:29.878268+00:00</end>
                </TimeSpan>
                <Point>
                  <coordinates>-80.5770806,37.1959051,0</coordinates>
                </Point>
              </Placemark>
              <Placemark>
                <name>Telemetry 63</name>
                <styleUrl>#modifiedtelemetry</styleUrl>
                <TimeSpan>
                  <begin>2026-09-01T16:16:29.878268+00:00</begin>
                  <end>2026-09-01T16:16:30.878268+00:00</end>
                </TimeSpan>
                <Point>
                  <coordinates>-80.5771999,37.195896600000005,0</coordinates>
                </Point>
              </Placemark>
            </Folder>
          </Folder>
        </Folder>
        <Folder>
          <name>Service Provider polling</name>
        </Folder>
        <Folder>
          <name>Service Provider polling</name>
        </Folder>
        <Folder>
          <name>Service Provider polling</name>
        </Folder>
        <Folder>
          <name>Service Provider polling</name>
        </Folder>
        <Folder>
          <name>Service Provider polling</name>
        </Folder>
        <Folder>
          <name>Verify operator notification</name>
        </Folder>
        <Folder>
          <name>Intermediate cleanup</name>
        </Folder>
        <Folder>
          <name>Retrieve pre-existing operator notification</name>
        </Folder>
        <Folder>
          <name>Injection</name>
          <Folder>
            <name>E144: uss2 interuss.automated_testing.rid.v1.injection.createTest</name>
            <Folder>
              <name>Test flight 52601789-a37f-4c2c-93cc-83e305f3409d</name>
              <Placemark>
                <name>Telemetry 0</name>
                <styleUrl>#modifiedtelemetry</styleUrl>
                <TimeSpan>
                  <begin>2026-09-01T16:15:37.377455+00:00</begin>
                  <end>2026-09-01T16:15:38.377455+00:00</end>
                </TimeSpan>
                <Point>
                  <coordinates>-80.57798081614081,37.197059404721635,0</coordinates>
                </Point>
              </Placemark>
              <Placemark>
                <name>Telemetry 1</name>
                <styleUrl>#modifiedtelemetry</styleUrl>
                <TimeSpan>
                  <begin>2026-09-01T16:15:38.377455+00:00</begin>
                  <end>2026-09-01T16:15:39.377455+00:00</end>
                </TimeSpan>
                <Point>
                  <coordinates>-80.57798798375362,37.197016214133484,0</coordinates>
                </Point>
              </Placemark>
              <Placemark>
                <name>Telemetry 2</name>
                <styleUrl>#modifiedtelemetry</styleUrl>
                <TimeSpan>
                  <begin>2026-09-01T16:15:39.377455+00:00</begin>
                  <end>2026-09-01T16:15:40.377455+00:00</end>
                </TimeSpan>
                <Point>
                  <coordinates>-80.57800212690604,37.196972734164305,0</coordinates>
                </Point>
              </Placemark>
              <Placemark>
                <name>Telemetry 3</name>
                <styleUrl>#modifiedtelemetry</styleUrl>
                <TimeSpan>
                  <begin>2026-09-01T16:15:40.377455+00:00</begin>
                  <end>2026-09-01T16:15:41.377455+00:00</end>
                </TimeSpan>
                <Point>
                  <coordinates>-80.57802342452034,37.196931703788785,0</coordinates>
                </Point>
              </Placemark>
              <Placemark>
                <name>Telemetry 4</name>
                <styleUrl>#modifiedtelemetry</styleUrl>
                <TimeSpan>
                  <begin>2026-09-01T16:15:41.377455+00:00</begin>
                  <end>2026-09-01T16:15:42.377455+00:00</end>
                </TimeSpan>
                <Point>
                  <coordinates>-80.57805344862881,37.19689368575391,0</coordinates>
                </Point>
              </Placemark>
              <Placemark>
                <name>Telemetry 5</name>
                <styleUrl>#modifiedtelemetry</styleUrl>
                <TimeSpan>
                  <begin>2026-09-01T16:15:42.377455+00:00</begin>
                  <end>2026-09-01T16:15:43.377455+00:00</end>
                </TimeSpan>
                <Point>
                  <coordinates>-80.57808720822365,37.19685213076737,0</coordinates>
                </Point>
              </Placemark>
              <Placemark>
                <name>Telemetry 6</name>
                <styleUrl>#modifiedtelemetry</styleUrl>
                <TimeSpan>
                  <begin>2026-09-01T16:15:43.377455+00:00</begin>
                  <end>2026-09-01T16:15:44.377455+00:00</end>
                </TimeSpan>
                <Point>
                  <coordinates>-80.57811722777369,37.19680923519623,0</coordinates>
                </Point>
              </Placemark>
              <Placemark>
                <name>Telemetry 7</name>
                <styleUrl>#modifiedtelemetry</styleUrl>
                <TimeSpan>
                  <begin>2026-09-01T16:15:44.377455+00:00</begin>
                  <end>2026-09-01T16:15:45.377455+00:00</end>
                </TimeSpan>
                <Point>
                  <coordinates>-80.5781323958596,37.1967658046547,0</coordinates>
                </Point>
              </Placemark>
              <Placemark>
                <name>Telemetry 8</name>
                <styleUrl>#modifiedtelemetry</styleUrl>
                <TimeSpan>
                  <begin>2026-09-01T16:15:45.377455+00:00</begin>
                  <end>2026-09-01T16:15:46.377455+00:00</end>
                </TimeSpan>
                <Point>
                  <coordinates>-80.57814392771789,37.19670166260832,0</coordinates>
                </Point>
              </Placemark>
              <Placemark>
                <name>Telemetry 9</name>
                <styleUrl>#modifiedtelemetry</styleUrl>
                <TimeSpan>
                  <begin>2026-09-01T16:15:46.377455+00:00</begin>
                  <end>2026-09-01T16:15:47.377455+00:00</end>
                </TimeSpan>
                <Point>
                  <coordinates>-80.57812974002694,37.19663489860375,0</coordinates>
                </Point>
              </Placemark>
              <Placemark>
                <name>Telemetry 10</name>
                <styleUrl>#modifiedtelemetry</styleUrl>
                <TimeSpan>
                  <begin>2026-09-01T16:15:47.377455+00:00</begin>
                  <end>2026-09-01T16:15:48.377455+00:00</end>
                </TimeSpan>
                <Point>
                  <coordinates>-80.57808680009781,37.19657292090538,0</coordinates>
                </Point>
              </Placemark>
              <Placemark>
                <name>Telemetry 11</name>
                <styleUrl>#modifiedtelemetry</styleUrl>
                <TimeSpan>
                  <begin>2026-09-01T16:15:48.377455+00:00</begin>
                  <end>2026-09-01T16:15:49.377455+00:00</end>
                </TimeSpan>
                <Point>
                  <coordinates>-80.57801685035301,37.19652877181478,0</coordinates>
                </Point>
              </Placemark>
              <Placemark>
                <name>Telemetry 12</name>
                <styleUrl>#modifiedtelemetry</styleUrl>
                <TimeSpan>
                  <begin>2026-09-01T16:15:49.377455+00:00</begin>
                  <end>2026-09-01T16:15:50.377455+00:00</end>
                </TimeSpan>
                <Point>
                  <coordinates>-80.57795541973255,37.19650790849303,0</coordinates>
                </Point>
              </Placemark>
              <Placemark>
                <name>Telemetry 13</name>
                <styleUrl>#modifiedtelemetry</styleUrl>
                <TimeSpan>
                  <begin>2026-09-01T16:15:50.377455+00:00</begin>
                  <end>2026-09-01T16:15:51.377455+00:00</end>
                </TimeSpan>
                <Point>
                  <coordinates>-80.57779490248247,37.19643592110631,0</coordinates>
                </Point>
              </Placemark>
              <Placemark>
                <name>Telemetry 14</name>
                <styleUrl>#modifiedtelemetry</styleUrl>
                <TimeSpan>
                  <begin>2026-09-01T16:15:51.377455+00:00</begin>
                  <end>2026-09-01T16:15:52.377455+00:00</end>
                </TimeSpan>
                <Point>
                  <coordinates>-80.57771381708879,37.19639543761661,0</coordinates>
                </Point>
              </Placemark>
              <Placemark>
                <name>Telemetry 15</name>
                <styleUrl>#modifiedtelemetry</styleUrl>
                <TimeSpan>
                  <begin>2026-09-01T16:15:52.377455+00:00</begin>
                  <end>2026-09-01T16:15:53.377455+00:00</end>
                </TimeSpan>
                <Point>
                  <coordinates>-80.5776456115435,37.19635960981006,0</coordinates>
                </Point>
              </Placemark>
              <Placemark>
                <name>Telemetry 16</name>
                <styleUrl>#modifiedtelemetry</styleUrl>
                <TimeSpan>
                  <begin>2026-09-01T16:15:53.377455+00:00</begin>
                  <end>2026-09-01T16:15:54.377455+00:00</end>
                </TimeSpan>
                <Point>
                  <coordinates>-80.57757190904874,37.19632841915715,0</coordinates>
                </Point>
              </Placemark>
              <Placemark>
                <name>Telemetry 17</name>
                <styleUrl>#modifiedtelemetry</styleUrl>
                <TimeSpan>
                  <begin>2026-09-01T16:15:54.377455+00:00</begin>
                  <end>2026-09-01T16:15:55.377455+00:00</end>
                </TimeSpan>
                <Point>
                  <coordinates>-80.57751114071674,37.19631735230622,0</coordinates>
                </Point>
              </Placemark>
              <Placemark>
                <name>Telemetry 18</name>
                <styleUrl>#modifiedtelemetry</styleUrl>
                <TimeSpan>
                  <begin>2026-09-01T16:15:55.377455+00:00</begin>
                  <end>2026-09-01T16:15:56.377455+00:00</end>
                </TimeSpan>
                <Point>
                  <coordinates>-80.57742677046657,37.19631370494702,0</coordinates>
                </Point>
              </Placemark>
              <Placemark>
                <name>Telemetry 19</name>
                <styleUrl>#modifiedtelemetry</styleUrl>
                <TimeSpan>
                  <begin>2026-09-01T16:15:56.377455+00:00</begin>
                  <end>2026-09-01T16:15:57.377455+00:00</end>
                </TimeSpan>
                <Point>
                  <coordinates>-80.5773706,37.1963054,0</coordinates>
                </Point>
              </Placemark>
              <Placemark>
                <name>Telemetry 20</name>
                <styleUrl>#modifiedtelemetry</styleUrl>
                <TimeSpan>
                  <begin>2026-09-01T16:15:57.377455+00:00</begin>
                  <end>2026-09-01T16:15:58.377455+00:00</end>
                </TimeSpan>
                <Point>
                  <coordinates>-80.5771453,37.1963577,0</coordinates>
                </Point>
              </Placemark>
              <Placemark>
                <name>Telemetry 21</name>
                <styleUrl>#modifiedtelemetry</styleUrl>
                <TimeSpan>
                  <begin>2026-09-01T16:15:58.377455+00:00</begin>
                  <end>2026-09-01T16:15:59.377455+00:00</end>
                </TimeSpan>
                <Point>
                  <coordinates>-80.5771265,37.1965735,0</coordinates>
                </Point>
              </Placemark>
              <Placemark>
                <name>Telemetry 22</name>
                <styleUrl>#modifiedtelemetry</styleUrl>
                <TimeSpan>
                  <begin>2026-09-01T16:15:59.377455+00:00</begin>
                  <end>2026-09-01T16:16:00.377455+00:00</end>
                </TimeSpan>
                <Point>
                  <coordinates>-80.57744590087025,37.19665029738701,0</coordinates>
                </Point>
              </Placemark>
              <Placemark>
                <name>Telemetry 23</name>
                <styleUrl>#modifiedtelemetry</styleUrl>
                <TimeSpan>
                  <begin>2026-09-01T16:16:00.377455+00:00</begin>
                  <end>2026-09-01T16:16:01.377455+00:00</end>
                </TimeSpan>
                <Point>
                  <coordinates>-80.5776442,37.1966013,0</coordinates>
                </Point>
              </Placemark>
              <Placemark>
                <name>Telemetry 24</name>
                <styleUrl>#modifiedtelemetry</styleUrl>
                <TimeSpan>
                  <begin>2026-09-01T16:16:01.377455+00:00</begin>
                  <end>2026-09-01T16:16:02.377455+00:00</end>
                </TimeSpan>
                <Point>
                  <coordinates>-80.57776806176655,37.1964375298218,0</coordinates>
                </Point>
              </Placemark>
              <Placemark>
                <name>Telemetry 25</name>
                <styleUrl>#modifiedtelemetry</styleUrl>
                <TimeSpan>
                  <begin>2026-09-01T16:16:02.377455+00:00</begin>
                  <end>2026-09-01T16:16:03.377455+00:00</end>
                </TimeSpan>
                <Point>
                  <coordinates>-80.57784172323511,37.1962376762061,0</coordinates>
                </Point>
              </Placemark>
              <Placemark>
                <name>Telemetry 26</name>
                <styleUrl>#modifiedtelemetry</styleUrl>
                <TimeSpan>
                  <begin>2026-09-01T16:16:03.377455+00:00</begin>
                  <end>2026-09-01T16:16:04.377455+00:00</end>
                </TimeSpan>
                <Point>
                  <coordinates>-80.5777311,37.1960563,0</coordinates>
                </Point>
              </Placemark>
              <Placemark>
                <name>Telemetry 27</name>
                <styleUrl>#modifiedtelemetry</styleUrl>
                <TimeSpan>
                  <begin>2026-09-01T16:16:04.377455+00:00</begin>
                  <end>2026-09-01T16:16:05.377455+00:00</end>
                </TimeSpan>
                <Point>
                  <coordinates>-80.57739321491916,37.19605837098315,0</coordinates>
                </Point>
              </Placemark>
              <Placemark>
                <name>Telemetry 28</name>
                <styleUrl>#modifiedtelemetry</styleUrl>
                <TimeSpan>
                  <begin>2026-09-01T16:16:05.377455+00:00</begin>
                  <end>2026-09-01T16:16:06.377455+00:00</end>
                </TimeSpan>
                <Point>
                  <coordinates>-80.5771357,37.1961151,0</coordinates>
                </Point>
              </Placemark>
              <Placemark>
                <name>Telemetry 29</name>
                <styleUrl>#modifiedtelemetry</styleUrl>
                <TimeSpan>
                  <begin>2026-09-01T16:16:06.377455+00:00</begin>
                  <end>2026-09-01T16:16:07.377455+00:00</end>
                </TimeSpan>
                <Point>
                  <coordinates>-80.5769627,37.1962283,0</coordinates>
                </Point>
              </Placemark>
              <Placemark>
                <name>Telemetry 30</name>
                <styleUrl>#modifiedtelemetry</styleUrl>
                <TimeSpan>
                  <begin>2026-09-01T16:16:07.377455+00:00</begin>
                  <end>2026-09-01T16:16:08.377455+00:00</end>
                </TimeSpan>
                <Point>
                  <coordinates>-80.5769184,37.1963885,0</coordinates>
                </Point>
              </Placemark>
              <Placemark>
                <name>Telemetry 31</name>
                <styleUrl>#modifiedtelemetry</styleUrl>
                <TimeSpan>
                  <begin>2026-09-01T16:16:08.377455+00:00</begin>
                  <end>2026-09-01T16:16:09.377455+00:00</end>
                </TimeSpan>
                <Point>
                  <coordinates>-80.5767347,37.1964356,0</coordinates>
                </Point>
              </Placemark>
              <Placemark>
                <name>Telemetry 32</name>
                <styleUrl>#modifiedtelemetry</styleUrl>
                <TimeSpan>
                  <begin>2026-09-01T16:16:09.377455+00:00</begin>
                  <end>2026-09-01T16:16:10.377455+00:00</end>
                </TimeSpan>
                <Point>
                  <coordinates>-80.5766366,37.1963538,0</coordinates>
                </Point>
              </Placemark>
              <Placemark>
                <name>Telemetry 33</name>
                <styleUrl>#modifiedtelemetry</styleUrl>
                <TimeSpan>
                  <begin>2026-09-01T16:16:10.377455+00:00</begin>
                  <end>2026-09-01T16:16:11.377455+00:00</end>
                </TimeSpan>
                <Point>
                  <coordinates>-80.5766634,37.1962096,0</coordinates>
                </Point>
              </Placemark>
              <Placemark>
                <name>Telemetry 34</name>
                <styleUrl>#modifiedtelemetry</styleUrl>
                <TimeSpan>
                  <begin>2026-09-01T16:16:11.377455+00:00</begin>
                  <end>2026-09-01T16:16:12.377455+00:00</end>
                </TimeSpan>
                <Point>
                  <coordinates>-80.5767707,37.1961284,0</coordinates>
                </Point>
              </Placemark>
              <Placemark>
                <name>Telemetry 35</name>
                <styleUrl>#modifiedtelemetry</styleUrl>
                <TimeSpan>
                  <begin>2026-09-01T16:16:12.377455+00:00</begin>
                  <end>2026-09-01T16:16:13.377455+00:00</end>
                </TimeSpan>
                <Point>
                  <coordinates>-80.5768887,37.1960493,0</coordinates>
                </Point>
              </Placemark>
              <Placemark>
                <name>Telemetry 36</name>
                <styleUrl>#modifiedtelemetry</styleUrl>
                <TimeSpan>
                  <begin>2026-09-01T16:16:13.377455+00:00</begin>
                  <end>2026-09-01T16:16:14.377455+00:00</end>
                </TimeSpan>
                <Point>
                  <coordinates>-80.5770684,37.1959745,0</coordinates>
                </Point>
              </Placemark>
              <Placemark>
                <name>Telemetry 37</name>
                <styleUrl>#modifiedtelemetry</styleUrl>
                <TimeSpan>
                  <begin>2026-09-01T16:16:14.377455+00:00</begin>
                  <end>2026-09-01T16:16:15.377455+00:00</end>
                </TimeSpan>
                <Point>
                  <coordinates>-80.5771757,37.19596070000001,0</coordinates>
                </Point>
              </Placemark>
              <Placemark>
                <name>Telemetry 38</name>
                <styleUrl>#modifiedtelemetry</styleUrl>
                <TimeSpan>
                  <begin>2026-09-01T16:16:15.377455+00:00</begin>
                  <end>2026-09-01T16:16:16.377455+00:00</end>
                </TimeSpan>
                <Point>
                  <coordinates>-80.5772937,37.19598200000001,0</coordinates>
                </Point>
              </Placemark>
              <Placemark>
                <name>Telemetry 39</name>
                <styleUrl>#modifiedtelemetry</styleUrl>
                <TimeSpan>
                  <begin>2026-09-01T16:16:16.377455+00:00</begin>
                  <end>2026-09-01T16:16:17.377455+00:00</end>
                </TimeSpan>
                <Point>
                  <coordinates>-80.5773326,37.1960942,0</coordinates>
                </Point>
              </Placemark>
              <Placemark>
                <name>Telemetry 40</name>
                <styleUrl>#modifiedtelemetry</styleUrl>
                <TimeSpan>
                  <begin>2026-09-01T16:16:17.377455+00:00</begin>
                  <end>2026-09-01T16:16:18.377455+00:00</end>
                </TimeSpan>
                <Point>
                  <coordinates>-80.577283,37.19619780000001,0</coordinates>
                </Point>
              </Placemark>
              <Placemark>
                <name>Telemetry 41</name>
                <styleUrl>#modifiedtelemetry</styleUrl>
                <TimeSpan>
                  <begin>2026-09-01T16:16:18.377455+00:00</begin>
                  <end>2026-09-01T16:16:19.377455+00:00</end>
                </TimeSpan>
                <Point>
                  <coordinates>-80.5772602,37.1963495,0</coordinates>
                </Point>
              </Placemark>
              <Placemark>
                <name>Telemetry 42</name>
                <styleUrl>#modifiedtelemetry</styleUrl>
                <TimeSpan>
                  <begin>2026-09-01T16:16:19.377455+00:00</begin>
                  <end>2026-09-01T16:16:20.377455+00:00</end>
                </TimeSpan>
                <Point>
                  <coordinates>-80.5772817,37.1964692,0</coordinates>
                </Point>
              </Placemark>
              <Placemark>
                <name>Telemetry 43</name>
                <styleUrl>#modifiedtelemetry</styleUrl>
                <TimeSpan>
                  <begin>2026-09-01T16:16:20.377455+00:00</begin>
                  <end>2026-09-01T16:16:21.377455+00:00</end>
                </TimeSpan>
                <Point>
                  <coordinates>-80.5773863,37.1965546,0</coordinates>
                </Point>
              </Placemark>
              <Placemark>
                <name>Telemetry 44</name>
                <styleUrl>#modifiedtelemetry</styleUrl>
                <TimeSpan>
                  <begin>2026-09-01T16:16:21.377455+00:00</begin>
                  <end>2026-09-01T16:16:22.377455+00:00</end>
                </TimeSpan>
                <Point>
                  <coordinates>-80.5775406,37.1965589,0</coordinates>
                </Point>
              </Placemark>
              <Placemark>
                <name>Telemetry 45</name>
                <styleUrl>#modifiedtelemetry</styleUrl>
                <TimeSpan>
                  <begin>2026-09-01T16:16:22.377455+00:00</begin>
                  <end>2026-09-01T16:16:23.377455+00:00</end>
                </TimeSpan>
                <Point>
                  <coordinates>-80.57763850000002,37.1965782,0</coordinates>
                </Point>
              </Placemark>
              <Placemark>
                <name>Telemetry 46</name>
                <styleUrl>#modifiedtelemetry</styleUrl>
                <TimeSpan>
                  <begin>2026-09-01T16:16:23.377455+00:00</begin>
                  <end>2026-09-01T16:16:24.377455+00:00</end>
                </TimeSpan>
                <Point>
                  <coordinates>-80.57763850000002,37.1966679,0</coordinates>
                </Point>
              </Placemark>
              <Placemark>
                <name>Telemetry 47</name>
                <styleUrl>#modifiedtelemetry</styleUrl>
                <TimeSpan>
                  <begin>2026-09-01T16:16:24.377455+00:00</begin>
                  <end>2026-09-01T16:16:25.377455+00:00</end>
                </TimeSpan>
                <Point>
                  <coordinates>-80.5775473,37.1967074,0</coordinates>
                </Point>
              </Placemark>
              <Placemark>
                <name>Telemetry 48</name>
                <styleUrl>#modifiedtelemetry</styleUrl>
                <TimeSpan>
                  <begin>2026-09-01T16:16:25.377455+00:00</begin>
                  <end>2026-09-01T16:16:26.377455+00:00</end>
                </TimeSpan>
                <Point>
                  <coordinates>-80.5773823,37.1966967,0</coordinates>
                </Point>
              </Placemark>
              <Placemark>
                <name>Telemetry 49</name>
                <styleUrl>#modifiedtelemetry</styleUrl>
                <TimeSpan>
                  <begin>2026-09-01T16:16:26.377455+00:00</begin>
                  <end>2026-09-01T16:16:27.377455+00:00</end>
                </TimeSpan>
                <Point>
                  <coordinates>-80.5773421,37.1966241,0</coordinates>
                </Point>
              </Placemark>
              <Placemark>
                <name>Telemetry 50</name>
                <styleUrl>#modifiedtelemetry</styleUrl>
                <TimeSpan>
                  <begin>2026-09-01T16:16:27.377455+00:00</begin>
                  <end>2026-09-01T16:16:28.377455+00:00</end>
                </TimeSpan>
                <Point>
                  <coordinates>-80.5773005,37.196528,0</coordinates>
                </Point>
              </Placemark>
              <Placemark>
                <name>Telemetry 51</name>
                <styleUrl>#modifiedtelemetry</styleUrl>
                <TimeSpan>
                  <begin>2026-09-01T16:16:28.377455+00:00</begin>
                  <end>2026-09-01T16:16:29.377455+00:00</end>
                </TimeSpan>
                <Point>
                  <coordinates>-80.5771557,37.1965055,0</coordinates>
                </Point>
              </Placemark>
              <Placemark>
                <name>Telemetry 52</name>
                <styleUrl>#modifiedtelemetry</styleUrl>
                <TimeSpan>
                  <begin>2026-09-01T16:16:29.377455+00:00</begin>
                  <end>2026-09-01T16:16:30.377455+00:00</end>
                </TimeSpan>
                <Point>
                  <coordinates>-80.5770457,37.19654400000001,0</coordinates>
                </Point>
              </Placemark>
              <Placemark>
                <name>Telemetry 53</name>
                <styleUrl>#modifiedtelemetry</styleUrl>
                <TimeSpan>
                  <begin>2026-09-01T16:16:30.377455+00:00</begin>
                  <end>2026-09-01T16:16:31.377455+00:00</end>
                </TimeSpan>
                <Point>
                  <coordinates>-80.5768834,37.19654500000001,0</coordinates>
                </Point>
              </Placemark>
              <Placemark>
                <name>Telemetry 54</name>
                <styleUrl>#modifiedtelemetry</styleUrl>
                <TimeSpan>
                  <begin>2026-09-01T16:16:31.377455+00:00</begin>
                  <end>2026-09-01T16:16:32.377455+00:00</end>
                </TimeSpan>
                <Point>
                  <coordinates>-80.5767869,37.1964831,0</coordinates>
                </Point>
              </Placemark>
              <Placemark>
                <name>Telemetry 55</name>
                <styleUrl>#modifiedtelemetry</styleUrl>
                <TimeSpan>
                  <begin>2026-09-01T16:16:32.377455+00:00</begin>
                  <end>2026-09-01T16:16:33.377455+00:00</end>
                </TimeSpan>
                <Point>
                  <coordinates>-80.5767547,37.1964083,0</coordinates>
                </Point>
              </Placemark>
              <Placemark>
                <name>Telemetry 56</name>
                <styleUrl>#modifiedtelemetry</styleUrl>
                <TimeSpan>
                  <begin>2026-09-01T16:16:33.377455+00:00</begin>
                  <end>2026-09-01T16:16:34.377455+00:00</end>
                </TimeSpan>
                <Point>
                  <coordinates>-80.5767587,37.1963228,0</coordinates>
                </Point>
              </Placemark>
              <Placemark>
                <name>Telemetry 57</name>
                <styleUrl>#modifiedtelemetry</styleUrl>
                <TimeSpan>
                  <begin>2026-09-01T16:16:34.377455+00:00</begin>
                  <end>2026-09-01T16:16:35.377455+00:00</end>
                </TimeSpan>
                <Point>
                  <coordinates>-80.5767587,37.1961893,0</coordinates>
                </Point>
              </Placemark>
              <Placemark>
                <name>Telemetry 58</name>
                <styleUrl>#modifiedtelemetry</styleUrl>
                <TimeSpan>
                  <begin>2026-09-01T16:16:35.377455+00:00</begin>
                  <end>2026-09-01T16:16:36.377455+00:00</end>
                </TimeSpan>
                <Point>
                  <coordinates>-80.5766836,37.1961348,0</coordinates>
                </Point>
              </Placemark>
              <Placemark>
                <name>Telemetry 59</name>
                <styleUrl>#modifiedtelemetry</styleUrl>
                <TimeSpan>
                  <begin>2026-09-01T16:16:36.377455+00:00</begin>
                  <end>2026-09-01T16:16:37.377455+00:00</end>
                </TimeSpan>
                <Point>
                  <coordinates>-80.5766836,37.1960205,0</coordinates>
                </Point>
              </Placemark>
              <Placemark>
                <name>Telemetry 60</name>
                <styleUrl>#modifiedtelemetry</styleUrl>
                <TimeSpan>
                  <begin>2026-09-01T16:16:37.377455+00:00</begin>
                  <end>2026-09-01T16:16:38.377455+00:00</end>
                </TimeSpan>
                <Point>
                  <coordinates>-80.5767896,37.1960077,0</coordinates>
                </Point>
              </Placemark>
              <Placemark>
                <name>Telemetry 61</name>
                <styleUrl>#modifiedtelemetry</styleUrl>
                <TimeSpan>
                  <begin>2026-09-01T16:16:38.377455+00:00</begin>
                  <end>2026-09-01T16:16:39.377455+00:00</end>
                </TimeSpan>
                <Point>
                  <coordinates>-80.5769277,37.1959671,0</coordinates>
                </Point>
              </Placemark>
              <Placemark>
                <name>Telemetry 62</name>
                <styleUrl>#modifiedtelemetry</styleUrl>
                <TimeSpan>
                  <begin>2026-09-01T16:16:39.377455+00:00</begin>
                  <end>2026-09-01T16:16:40.377455+00:00</end>
                </TimeSpan>
                <Point>
                  <coordinates>-80.5770806,37.1959051,0</coordinates>
                </Point>
              </Placemark>
              <Placemark>
                <name>Telemetry 63</name>
                <styleUrl>#modifiedtelemetry</styleUrl>
                <TimeSpan>
                  <begin>2026-09-01T16:16:40.377455+00:00</begin>
                  <end>2026-09-01T16:16:41.377455+00:00</end>
                </TimeSpan>
                <Point>
                  <coordinates>-80.5771999,37.195896600000005,0</coordinates>
                </Point>
              </Placemark>
            </Folder>
          </Folder>
        </Folder>
        <Folder>
          <name>Service Provider polling</name>
        </Folder>
        <Folder>
          <name>Service Provider polling</name>
        </Folder>
        <Folder>
          <name>Service Provider polling</name>
        </Folder>
        <Folder>
          <name>Service Provider polling</name>
        </Folder>
        <Folder>
          <name>Service Provider polling</name>
        </Folder>
        <Folder>
          <name>Verify operator notification</name>
        </Folder>
        <Folder>
          <name>Intermediate cleanup</name>
        </Folder>
        <Folder>
          <name>Retrieve pre-existing operator notification</name>
        </Folder>
        <Folder>
          <name>Injection</name>
          <Folder>
            <name>E164: uss2 interuss.automated_testing.rid.v1.injection.createTest</name>
            <Folder>
              <name>Test flight 9564d60e-773a-4acb-8962-efa4c7966443</name>
              <Placemark>
                <name>Telemetry 0</name>
                <styleUrl>#modifiedtelemetry</styleUrl>
                <TimeSpan>
                  <begin>2026-09-01T16:15:47.877751+00:00</begin>
                  <end>2026-09-01T16:15:48.877751+00:00</end>
                </TimeSpan>
                <Point>
                  <coordinates>-80.57798081614081,37.197059404721635,0</coordinates>
                </Point>
              </Placemark>
              <Placemark>
                <name>Telemetry 1</name>
                <styleUrl>#modifiedtelemetry</styleUrl>
                <TimeSpan>
                  <begin>2026-09-01T16:15:48.877751+00:00</begin>
                  <end>2026-09-01T16:15:49.877751+00:00</end>
                </TimeSpan>
                <Point>
                  <coordinates>-80.57798798375362,37.197016214133484,0</coordinates>
                </Point>
              </Placemark>
              <Placemark>
                <name>Telemetry 2</name>
                <styleUrl>#modifiedtelemetry</styleUrl>
                <TimeSpan>
                  <begin>2026-09-01T16:15:49.877751+00:00</begin>
                  <end>2026-09-01T16:15:50.877751+00:00</end>
                </TimeSpan>
                <Point>
                  <coordinates>-80.57800212690604,37.196972734164305,0</coordinates>
                </Point>
              </Placemark>
              <Placemark>
                <name>Telemetry 3</name>
                <styleUrl>#modifiedtelemetry</styleUrl>
                <TimeSpan>
                  <begin>2026-09-01T16:15:50.877751+00:00</begin>
                  <end>2026-09-01T16:15:51.877751+00:00</end>
                </TimeSpan>
                <Point>
                  <coordinates>-80.57802342452034,37.196931703788785,0</coordinates>
                </Point>
              </Placemark>
              <Placemark>
                <name>Telemetry 4</name>
                <styleUrl>#modifiedtelemetry</styleUrl>
                <TimeSpan>
                  <begin>2026-09-01T16:15:51.877751+00:00</begin>
                  <end>2026-09-01T16:15:52.877751+00:00</end>
                </TimeSpan>
                <Point>
                  <coordinates>-80.57805344862881,37.19689368575391,0</coordinates>
                </Point>
              </Placemark>
              <Placemark>
                <name>Telemetry 5</name>
                <styleUrl>#modifiedtelemetry</styleUrl>
                <TimeSpan>
                  <begin>2026-09-01T16:15:52.877751+00:00</begin>
                  <end>2026-09-01T16:15:53.877751+00:00</end>
                </TimeSpan>
                <Point>
                  <coordinates>-80.57808720822365,37.19685213076737,0</coordinates>
                </Point>
              </Placemark>
              <Placemark>
                <name>Telemetry 6</name>
                <styleUrl>#modifiedtelemetry</styleUrl>
                <TimeSpan>
                  <begin>2026-09-01T16:15:53.877751+00:00</begin>
                  <end>2026-09-01T16:15:54.877751+00:00</end>
                </TimeSpan>
                <Point>
                  <coordinates>-80.57811722777369,37.19680923519623,0</coordinates>
                </Point>
              </Placemark>
              <Placemark>
                <name>Telemetry 7</name>
                <styleUrl>#modifiedtelemetry</styleUrl>
                <TimeSpan>
                  <begin>2026-09-01T16:15:54.877751+00:00</begin>
                  <end>2026-09-01T16:15:55.877751+00:00</end>
                </TimeSpan>
                <Point>
                  <coordinates>-80.5781323958596,37.1967658046547,0</coordinates>
                </Point>
              </Placemark>
              <Placemark>
                <name>Telemetry 8</name>
                <styleUrl>#modifiedtelemetry</styleUrl>
                <TimeSpan>
                  <begin>2026-09-01T16:15:55.877751+00:00</begin>
                  <end>2026-09-01T16:15:56.877751+00:00</end>
                </TimeSpan>
                <Point>
                  <coordinates>-80.57814392771789,37.19670166260832,0</coordinates>
                </Point>
              </Placemark>
              <Placemark>
                <name>Telemetry 9</name>
                <styleUrl>#modifiedtelemetry</styleUrl>
                <TimeSpan>
                  <begin>2026-09-01T16:15:56.877751+00:00</begin>
                  <end>2026-09-01T16:15:57.877751+00:00</end>
                </TimeSpan>
                <Point>
                  <coordinates>-80.57812974002694,37.19663489860375,0</coordinates>
                </Point>
              </Placemark>
              <Placemark>
                <name>Telemetry 10</name>
                <styleUrl>#modifiedtelemetry</styleUrl>
                <TimeSpan>
                  <begin>2026-09-01T16:15:57.877751+00:00</begin>
                  <end>2026-09-01T16:15:58.877751+00:00</end>
                </TimeSpan>
                <Point>
                  <coordinates>-80.57808680009781,37.19657292090538,0</coordinates>
                </Point>
              </Placemark>
              <Placemark>
                <name>Telemetry 11</name>
                <styleUrl>#modifiedtelemetry</styleUrl>
                <TimeSpan>
                  <begin>2026-09-01T16:15:58.877751+00:00</begin>
                  <end>2026-09-01T16:15:59.877751+00:00</end>
                </TimeSpan>
                <Point>
                  <coordinates>-80.57801685035301,37.19652877181478,0</coordinates>
                </Point>
              </Placemark>
              <Placemark>
                <name>Telemetry 12</name>
                <styleUrl>#modifiedtelemetry</styleUrl>
                <TimeSpan>
                  <begin>2026-09-01T16:15:59.877751+00:00</begin>
                  <end>2026-09-01T16:16:00.877751+00:00</end>
                </TimeSpan>
                <Point>
                  <coordinates>-80.57795541973255,37.19650790849303,0</coordinates>
                </Point>
              </Placemark>
              <Placemark>
                <name>Telemetry 13</name>
                <styleUrl>#modifiedtelemetry</styleUrl>
                <TimeSpan>
                  <begin>2026-09-01T16:16:00.877751+00:00</begin>
                  <end>2026-09-01T16:16:01.877751+00:00</end>
                </TimeSpan>
                <Point>
                  <coordinates>-80.57779490248247,37.19643592110631,0</coordinates>
                </Point>
              </Placemark>
              <Placemark>
                <name>Telemetry 14</name>
                <styleUrl>#modifiedtelemetry</styleUrl>
                <TimeSpan>
                  <begin>2026-09-01T16:16:01.877751+00:00</begin>
                  <end>2026-09-01T16:16:02.877751+00:00</end>
                </TimeSpan>
                <Point>
                  <coordinates>-80.57771381708879,37.19639543761661,0</coordinates>
                </Point>
              </Placemark>
              <Placemark>
                <name>Telemetry 15</name>
                <styleUrl>#modifiedtelemetry</styleUrl>
                <TimeSpan>
                  <begin>2026-09-01T16:16:02.877751+00:00</begin>
                  <end>2026-09-01T16:16:03.877751+00:00</end>
                </TimeSpan>
                <Point>
                  <coordinates>-80.5776456115435,37.19635960981006,0</coordinates>
                </Point>
              </Placemark>
              <Placemark>
                <name>Telemetry 16</name>
                <styleUrl>#modifiedtelemetry</styleUrl>
                <TimeSpan>
                  <begin>2026-09-01T16:16:03.877751+00:00</begin>
                  <end>2026-09-01T16:16:04.877751+00:00</end>
                </TimeSpan>
                <Point>
                  <coordinates>-80.57757190904874,37.19632841915715,0</coordinates>
                </Point>
              </Placemark>
              <Placemark>
                <name>Telemetry 17</name>
                <styleUrl>#modifiedtelemetry</styleUrl>
                <TimeSpan>
                  <begin>2026-09-01T16:16:04.877751+00:00</begin>
                  <end>2026-09-01T16:16:05.877751+00:00</end>
                </TimeSpan>
                <Point>
                  <coordinates>-80.57751114071674,37.19631735230622,0</coordinates>
                </Point>
              </Placemark>
              <Placemark>
                <name>Telemetry 18</name>
                <styleUrl>#modifiedtelemetry</styleUrl>
                <TimeSpan>
                  <begin>2026-09-01T16:16:05.877751+00:00</begin>
                  <end>2026-09-01T16:16:06.877751+00:00</end>
                </TimeSpan>
                <Point>
                  <coordinates>-80.57742677046657,37.19631370494702,0</coordinates>
                </Point>
              </Placemark>
              <Placemark>
                <name>Telemetry 19</name>
                <styleUrl>#modifiedtelemetry</styleUrl>
                <TimeSpan>
                  <begin>2026-09-01T16:16:06.877751+00:00</begin>
                  <end>2026-09-01T16:16:07.877751+00:00</end>
                </TimeSpan>
                <Point>
                  <coordinates>-80.5773706,37.1963054,0</coordinates>
                </Point>
              </Placemark>
              <Placemark>
                <name>Telemetry 20</name>
                <styleUrl>#modifiedtelemetry</styleUrl>
                <TimeSpan>
                  <begin>2026-09-01T16:16:07.877751+00:00</begin>
                  <end>2026-09-01T16:16:08.877751+00:00</end>
                </TimeSpan>
                <Point>
                  <coordinates>-80.5771453,37.1963577,0</coordinates>
                </Point>
              </Placemark>
              <Placemark>
                <name>Telemetry 21</name>
                <styleUrl>#modifiedtelemetry</styleUrl>
                <TimeSpan>
                  <begin>2026-09-01T16:16:08.877751+00:00</begin>
                  <end>2026-09-01T16:16:09.877751+00:00</end>
                </TimeSpan>
                <Point>
                  <coordinates>-80.5771265,37.1965735,0</coordinates>
                </Point>
              </Placemark>
              <Placemark>
                <name>Telemetry 22</name>
                <styleUrl>#modifiedtelemetry</styleUrl>
                <TimeSpan>
                  <begin>2026-09-01T16:16:09.877751+00:00</begin>
                  <end>2026-09-01T16:16:10.877751+00:00</end>
                </TimeSpan>
                <Point>
                  <coordinates>-80.57744590087025,37.19665029738701,0</coordinates>
                </Point>
              </Placemark>
              <Placemark>
                <name>Telemetry 23</name>
                <styleUrl>#modifiedtelemetry</styleUrl>
                <TimeSpan>
                  <begin>2026-09-01T16:16:10.877751+00:00</begin>
                  <end>2026-09-01T16:16:11.877751+00:00</end>
                </TimeSpan>
                <Point>
                  <coordinates>-80.5776442,37.1966013,0</coordinates>
                </Point>
              </Placemark>
              <Placemark>
                <name>Telemetry 24</name>
                <styleUrl>#modifiedtelemetry</styleUrl>
                <TimeSpan>
                  <begin>2026-09-01T16:16:11.877751+00:00</begin>
                  <end>2026-09-01T16:16:12.877751+00:00</end>
                </TimeSpan>
                <Point>
                  <coordinates>-80.57776806176655,37.1964375298218,0</coordinates>
                </Point>
              </Placemark>
              <Placemark>
                <name>Telemetry 25</name>
                <styleUrl>#modifiedtelemetry</styleUrl>
                <TimeSpan>
                  <begin>2026-09-01T16:16:12.877751+00:00</begin>
                  <end>2026-09-01T16:16:13.877751+00:00</end>
                </TimeSpan>
                <Point>
                  <coordinates>-80.57784172323511,37.1962376762061,0</coordinates>
                </Point>
              </Placemark>
              <Placemark>
                <name>Telemetry 26</name>
                <styleUrl>#modifiedtelemetry</styleUrl>
                <TimeSpan>
                  <begin>2026-09-01T16:16:13.877751+00:00</begin>
                  <end>2026-09-01T16:16:14.877751+00:00</end>
                </TimeSpan>
                <Point>
                  <coordinates>-80.5777311,37.1960563,0</coordinates>
                </Point>
              </Placemark>
              <Placemark>
                <name>Telemetry 27</name>
                <styleUrl>#modifiedtelemetry</styleUrl>
                <TimeSpan>
                  <begin>2026-09-01T16:16:14.877751+00:00</begin>
                  <end>2026-09-01T16:16:15.877751+00:00</end>
                </TimeSpan>
                <Point>
                  <coordinates>-80.57739321491916,37.19605837098315,0</coordinates>
                </Point>
              </Placemark>
              <Placemark>
                <name>Telemetry 28</name>
                <styleUrl>#modifiedtelemetry</styleUrl>
                <TimeSpan>
                  <begin>2026-09-01T16:16:15.877751+00:00</begin>
                  <end>2026-09-01T16:16:16.877751+00:00</end>
                </TimeSpan>
                <Point>
                  <coordinates>-80.5771357,37.1961151,0</coordinates>
                </Point>
              </Placemark>
              <Placemark>
                <name>Telemetry 29</name>
                <styleUrl>#modifiedtelemetry</styleUrl>
                <TimeSpan>
                  <begin>2026-09-01T16:16:16.877751+00:00</begin>
                  <end>2026-09-01T16:16:17.877751+00:00</end>
                </TimeSpan>
                <Point>
                  <coordinates>-80.5769627,37.1962283,0</coordinates>
                </Point>
              </Placemark>
              <Placemark>
                <name>Telemetry 30</name>
                <styleUrl>#modifiedtelemetry</styleUrl>
                <TimeSpan>
                  <begin>2026-09-01T16:16:17.877751+00:00</begin>
                  <end>2026-09-01T16:16:18.877751+00:00</end>
                </TimeSpan>
                <Point>
                  <coordinates>-80.5769184,37.1963885,0</coordinates>
                </Point>
              </Placemark>
              <Placemark>
                <name>Telemetry 31</name>
                <styleUrl>#modifiedtelemetry</styleUrl>
                <TimeSpan>
                  <begin>2026-09-01T16:16:18.877751+00:00</begin>
                  <end>2026-09-01T16:16:19.877751+00:00</end>
                </TimeSpan>
                <Point>
                  <coordinates>-80.5767347,37.1964356,0</coordinates>
                </Point>
              </Placemark>
              <Placemark>
                <name>Telemetry 32</name>
                <styleUrl>#modifiedtelemetry</styleUrl>
                <TimeSpan>
                  <begin>2026-09-01T16:16:19.877751+00:00</begin>
                  <end>2026-09-01T16:16:20.877751+00:00</end>
                </TimeSpan>
                <Point>
                  <coordinates>-80.5766366,37.1963538,0</coordinates>
                </Point>
              </Placemark>
              <Placemark>
                <name>Telemetry 33</name>
                <styleUrl>#modifiedtelemetry</styleUrl>
                <TimeSpan>
                  <begin>2026-09-01T16:16:20.877751+00:00</begin>
                  <end>2026-09-01T16:16:21.877751+00:00</end>
                </TimeSpan>
                <Point>
                  <coordinates>-80.5766634,37.1962096,0</coordinates>
                </Point>
              </Placemark>
              <Placemark>
                <name>Telemetry 34</name>
                <styleUrl>#modifiedtelemetry</styleUrl>
                <TimeSpan>
                  <begin>2026-09-01T16:16:21.877751+00:00</begin>
                  <end>2026-09-01T16:16:22.877751+00:00</end>
                </TimeSpan>
                <Point>
                  <coordinates>-80.5767707,37.1961284,0</coordinates>
                </Point>
              </Placemark>
              <Placemark>
                <name>Telemetry 35</name>
                <styleUrl>#modifiedtelemetry</styleUrl>
                <TimeSpan>
                  <begin>2026-09-01T16:16:22.877751+00:00</begin>
                  <end>2026-09-01T16:16:23.877751+00:00</end>
                </TimeSpan>
                <Point>
                  <coordinates>-80.5768887,37.1960493,0</coordinates>
                </Point>
              </Placemark>
              <Placemark>
                <name>Telemetry 36</name>
                <styleUrl>#modifiedtelemetry</styleUrl>
                <TimeSpan>
                  <begin>2026-09-01T16:16:23.877751+00:00</begin>
                  <end>2026-09-01T16:16:24.877751+00:00</end>
                </TimeSpan>
                <Point>
                  <coordinates>-80.5770684,37.1959745,0</coordinates>
                </Point>
              </Placemark>
              <Placemark>
                <name>Telemetry 37</name>
                <styleUrl>#modifiedtelemetry</styleUrl>
                <TimeSpan>
                  <begin>2026-09-01T16:16:24.877751+00:00</begin>
                  <end>2026-09-01T16:16:25.877751+00:00</end>
                </TimeSpan>
                <Point>
                  <coordinates>-80.5771757,37.19596070000001,0</coordinates>
                </Point>
              </Placemark>
              <Placemark>
                <name>Telemetry 38</name>
                <styleUrl>#modifiedtelemetry</styleUrl>
                <TimeSpan>
                  <begin>2026-09-01T16:16:25.877751+00:00</begin>
                  <end>2026-09-01T16:16:26.877751+00:00</end>
                </TimeSpan>
                <Point>
                  <coordinates>-80.5772937,37.19598200000001,0</coordinates>
                </Point>
              </Placemark>
              <Placemark>
                <name>Telemetry 39</name>
                <styleUrl>#modifiedtelemetry</styleUrl>
                <TimeSpan>
                  <begin>2026-09-01T16:16:26.877751+00:00</begin>
                  <end>2026-09-01T16:16:27.877751+00:00</end>
                </TimeSpan>
                <Point>
                  <coordinates>-80.5773326,37.1960942,0</coordinates>
                </Point>
              </Placemark>
              <Placemark>
                <name>Telemetry 40</name>
                <styleUrl>#modifiedtelemetry</styleUrl>
                <TimeSpan>
                  <begin>2026-09-01T16:16:27.877751+00:00</begin>
                  <end>2026-09-01T16:16:28.877751+00:00</end>
                </TimeSpan>
                <Point>
                  <coordinates>-80.577283,37.19619780000001,0</coordinates>
                </Point>
              </Placemark>
              <Placemark>
                <name>Telemetry 41</name>
                <styleUrl>#modifiedtelemetry</styleUrl>
                <TimeSpan>
                  <begin>2026-09-01T16:16:28.877751+00:00</begin>
                  <end>2026-09-01T16:16:29.877751+00:00</end>
                </TimeSpan>
                <Point>
                  <coordinates>-80.5772602,37.1963495,0</coordinates>
                </Point>
              </Placemark>
              <Placemark>
                <name>Telemetry 42</name>
                <styleUrl>#modifiedtelemetry</styleUrl>
                <TimeSpan>
                  <begin>2026-09-01T16:16:29.877751+00:00</begin>
                  <end>2026-09-01T16:16:30.877751+00:00</end>
                </TimeSpan>
                <Point>
                  <coordinates>-80.5772817,37.1964692,0</coordinates>
                </Point>
              </Placemark>
              <Placemark>
                <name>Telemetry 43</name>
                <styleUrl>#modifiedtelemetry</styleUrl>
                <TimeSpan>
                  <begin>2026-09-01T16:16:30.877751+00:00</begin>
                  <end>2026-09-01T16:16:31.877751+00:00</end>
                </TimeSpan>
                <Point>
                  <coordinates>-80.5773863,37.1965546,0</coordinates>
                </Point>
              </Placemark>
              <Placemark>
                <name>Telemetry 44</name>
                <styleUrl>#modifiedtelemetry</styleUrl>
                <TimeSpan>
                  <begin>2026-09-01T16:16:31.877751+00:00</begin>
                  <end>2026-09-01T16:16:32.877751+00:00</end>
                </TimeSpan>
                <Point>
                  <coordinates>-80.5775406,37.1965589,0</coordinates>
                </Point>
              </Placemark>
              <Placemark>
                <name>Telemetry 45</name>
                <styleUrl>#modifiedtelemetry</styleUrl>
                <TimeSpan>
                  <begin>2026-09-01T16:16:32.877751+00:00</begin>
                  <end>2026-09-01T16:16:33.877751+00:00</end>
                </TimeSpan>
                <Point>
                  <coordinates>-80.57763850000002,37.1965782,0</coordinates>
                </Point>
              </Placemark>
              <Placemark>
                <name>Telemetry 46</name>
                <styleUrl>#modifiedtelemetry</styleUrl>
                <TimeSpan>
                  <begin>2026-09-01T16:16:33.877751+00:00</begin>
                  <end>2026-09-01T16:16:34.877751+00:00</end>
                </TimeSpan>
                <Point>
                  <coordinates>-80.57763850000002,37.1966679,0</coordinates>
                </Point>
              </Placemark>
              <Placemark>
                <name>Telemetry 47</name>
                <styleUrl>#modifiedtelemetry</styleUrl>
                <TimeSpan>
                  <begin>2026-09-01T16:16:34.877751+00:00</begin>
                  <end>2026-09-01T16:16:35.877751+00:00</end>
                </TimeSpan>
                <Point>
                  <coordinates>-80.5775473,37.1967074,0</coordinates>
                </Point>
              </Placemark>
              <Placemark>
                <name>Telemetry 48</name>
                <styleUrl>#modifiedtelemetry</styleUrl>
                <TimeSpan>
                  <begin>2026-09-01T16:16:35.877751+00:00</begin>
                  <end>2026-09-01T16:16:36.877751+00:00</end>
                </TimeSpan>
                <Point>
                  <coordinates>-80.5773823,37.1966967,0</coordinates>
                </Point>
              </Placemark>
              <Placemark>
                <name>Telemetry 49</name>
                <styleUrl>#modifiedtelemetry</styleUrl>
                <TimeSpan>
                  <begin>2026-09-01T16:16:36.877751+00:00</begin>
                  <end>2026-09-01T16:16:37.877751+00:00</end>
                </TimeSpan>
                <Point>
                  <coordinates>-80.5773421,37.1966241,0</coordinates>
                </Point>
              </Placemark>
              <Placemark>
                <name>Telemetry 50</name>
                <styleUrl>#modifiedtelemetry</styleUrl>
                <TimeSpan>
                  <begin>2026-09-01T16:16:37.877751+00:00</begin>
                  <end>2026-09-01T16:16:38.877751+00:00</end>
                </TimeSpan>
                <Point>
                  <coordinates>-80.5773005,37.196528,0</coordinates>
                </Point>
              </Placemark>
              <Placemark>
                <name>Telemetry 51</name>
                <styleUrl>#modifiedtelemetry</styleUrl>
                <TimeSpan>
                  <begin>2026-09-01T16:16:38.877751+00:00</begin>
                  <end>2026-09-01T16:16:39.877751+00:00</end>
                </TimeSpan>
                <Point>
                  <coordinates>-80.5771557,37.1965055,0</coordinates>
                </Point>
              </Placemark>
              <Placemark>
                <name>Telemetry 52</name>
                <styleUrl>#modifiedtelemetry</styleUrl>
                <TimeSpan>
                  <begin>2026-09-01T16:16:39.877751+00:00</begin>
                  <end>2026-09-01T16:16:40.877751+00:00</end>
                </TimeSpan>
                <Point>
                  <coordinates>-80.5770457,37.19654400000001,0</coordinates>
                </Point>
              </Placemark>
              <Placemark>
                <name>Telemetry 53</name>
                <styleUrl>#modifiedtelemetry</styleUrl>
                <TimeSpan>
                  <begin>2026-09-01T16:16:40.877751+00:00</begin>
                  <end>2026-09-01T16:16:41.877751+00:00</end>
                </TimeSpan>
                <Point>
                  <coordinates>-80.5768834,37.19654500000001,0</coordinates>
                </Point>
              </Placemark>
              <Placemark>
                <name>Telemetry 54</name>
                <styleUrl>#modifiedtelemetry</styleUrl>
                <TimeSpan>
                  <begin>2026-09-01T16:16:41.877751+00:00</begin>
                  <end>2026-09-01T16:16:42.877751+00:00</end>
                </TimeSpan>
                <Point>
                  <coordinates>-80.5767869,37.1964831,0</coordinates>
                </Point>
              </Placemark>
              <Placemark>
                <name>Telemetry 55</name>
                <styleUrl>#modifiedtelemetry</styleUrl>
                <TimeSpan>
                  <begin>2026-09-01T16:16:42.877751+00:00</begin>
                  <end>2026-09-01T16:16:43.877751+00:00</end>
                </TimeSpan>
                <Point>
                  <coordinates>-80.5767547,37.1964083,0</coordinates>
                </Point>
              </Placemark>
              <Placemark>
                <name>Telemetry 56</name>
                <styleUrl>#modifiedtelemetry</styleUrl>
                <TimeSpan>
                  <begin>2026-09-01T16:16:43.877751+00:00</begin>
                  <end>2026-09-01T16:16:44.877751+00:00</end>
                </TimeSpan>
                <Point>
                  <coordinates>-80.5767587,37.1963228,0</coordinates>
                </Point>
              </Placemark>
              <Placemark>
                <name>Telemetry 57</name>
                <styleUrl>#modifiedtelemetry</styleUrl>
                <TimeSpan>
                  <begin>2026-09-01T16:16:44.877751+00:00</begin>
                  <end>2026-09-01T16:16:45.877751+00:00</end>
                </TimeSpan>
                <Point>
                  <coordinates>-80.5767587,37.1961893,0</coordinates>
                </Point>
              </Placemark>
              <Placemark>
                <name>Telemetry 58</name>
                <styleUrl>#modifiedtelemetry</styleUrl>
                <TimeSpan>
                  <begin>2026-09-01T16:16:45.877751+00:00</begin>
                  <end>2026-09-01T16:16:46.877751+00:00</end>
                </TimeSpan>
                <Point>
                  <coordinates>-80.5766836,37.1961348,0</coordinates>
                </Point>
              </Placemark>
              <Placemark>
                <name>Telemetry 59</name>
                <styleUrl>#modifiedtelemetry</styleUrl>
                <TimeSpan>
                  <begin>2026-09-01T16:16:46.877751+00:00</begin>
                  <end>2026-09-01T16:16:47.877751+00:00</end>
                </TimeSpan>
                <Point>
                  <coordinates>-80.5766836,37.1960205,0</coordinates>
                </Point>
              </Placemark>
              <Placemark>
                <name>Telemetry 60</name>
                <styleUrl>#modifiedtelemetry</styleUrl>
                <TimeSpan>
                  <begin>2026-09-01T16:16:47.877751+00:00</begin>
                  <end>2026-09-01T16:16:48.877751+00:00</end>
                </TimeSpan>
                <Point>
                  <coordinates>-80.5767896,37.1960077,0</coordinates>
                </Point>
              </Placemark>
              <Placemark>
                <name>Telemetry 61</name>
                <styleUrl>#modifiedtelemetry</styleUrl>
                <TimeSpan>
                  <begin>2026-09-01T16:16:48.877751+00:00</begin>
                  <end>2026-09-01T16:16:49.877751+00:00</end>
                </TimeSpan>
                <Point>
                  <coordinates>-80.5769277,37.1959671,0</coordinates>
                </Point>
              </Placemark>
              <Placemark>
                <name>Telemetry 62</name>
                <styleUrl>#modifiedtelemetry</styleUrl>
                <TimeSpan>
                  <begin>2026-09-01T16:16:49.877751+00:00</begin>
                  <end>2026-09-01T16:16:50.877751+00:00</end>
                </TimeSpan>
                <Point>
                  <coordinates>-80.5770806,37.1959051,0</coordinates>
                </Point>
              </Placemark>
              <Placemark>
                <name>Telemetry 63</name>
                <styleUrl>#modifiedtelemetry</styleUrl>
                <TimeSpan>
                  <begin>2026-09-01T16:16:50.877751+00:00</begin>
                  <end>2026-09-01T16:16:51.877751+00:00</end>
                </TimeSpan>
                <Point>
                  <coordinates>-80.5771999,37.195896600000005,0</coordinates>
                </Point>
              </Placemark>
            </Folder>
          </Folder>
        </Folder>
        <Folder>
          <name>Service Provider polling</name>
        </Folder>
        <Folder>
          <name>Service Provider polling</name>
        </Folder>
        <Folder>
          <name>Service Provider polling</name>
        </Folder>
        <Folder>
          <name>Service Provider polling</name>
        </Folder>
        <Folder>
          <name>Service Provider polling</name>
        </Folder>
        <Folder>
          <name>Verify operator notification</name>
        </Folder>
        <Folder>
          <name>Intermediate cleanup</name>
        </Folder>
      </Folder>
      <Folder>
        <name/>
        <Folder>
          <name>Cleanup</name>
        </Folder>
      </Folder>
    </Folder>
  </Document>
</kml>
